date,symbol,broker,long_position,long_change,short_position,short_change,rank
2026-07-27,RB,五矿期货,69559,582,62887,-394,1
2026-07-27,RB,新湖期货,67545,-63,59672,-511,2
2026-07-27,RB,宏源期货,63539,-457,58088,-182,3
2026-07-27,RB,兴证期货,62297,918,55863,-193,4
2026-07-27,RB,国投安信,59916,138,52979,361,5
2026-07-27,RB,瑞达期货,56424,-12,50410,-371,6
2026-07-27,RB,广发期货,55577,984,48004,-734,7
2026-07-27,RB,南华期货,52214,961,46567,-464,8
2026-07-27,RB,招商期货,48941,-198,42249,-777,9
2026-07-27,RB,浙商期货,45978,-324,43182,643,10
2026-07-27,RB,光大期货,44335,-697,40532,414,11
2026-07-27,RB,方正中期,43150,652,36116,-798,12
2026-07-27,RB,海通期货,40061,392,33361,-547,13
2026-07-27,RB,申银万国,36869,974,32252,-200,14
2026-07-27,RB,华泰期货,32998,476,30456,873,15
2026-07-27,RB,东证期货,32556,1028,27457,427,16
2026-07-27,RB,银河期货,28079,460,24696,-260,17
2026-07-27,RB,国泰君安,25619,105,22172,-699,18
2026-07-27,RB,中信期货,24448,1322,22031,1028,19
2026-07-27,RB,永安期货,20284,428,17197,-605,20
2026-07-28,RB,五矿期货,69413,-146,62382,-505,1
2026-07-28,RB,新湖期货,68549,1004,60202,530,2
2026-07-28,RB,宏源期货,64619,1080,58309,221,3
2026-07-28,RB,兴证期货,61642,-655,55355,-508,4
2026-07-28,RB,国投安信,59947,31,52587,-392,5
2026-07-28,RB,瑞达期货,57282,858,50116,-294,6
2026-07-28,RB,广发期货,56470,893,47129,-875,7
2026-07-28,RB,南华期货,51538,-676,46096,-471,8
2026-07-28,RB,招商期货,49724,783,42898,649,9
2026-07-28,RB,浙商期货,45852,-126,43968,786,10
2026-07-28,RB,光大期货,43994,-341,40994,462,11
2026-07-28,RB,方正中期,43769,619,36316,200,12
2026-07-28,RB,海通期货,41166,1105,33731,370,13
2026-07-28,RB,申银万国,36856,-13,31864,-388,14
2026-07-28,RB,华泰期货,32542,-456,30462,6,15
2026-07-28,RB,东证期货,33379,823,27098,-359,16
2026-07-28,RB,银河期货,27759,-320,24929,233,17
2026-07-28,RB,国泰君安,26196,577,22612,440,18
2026-07-28,RB,中信期货,25105,657,21317,-714,19
2026-07-28,RB,永安期货,21051,767,17736,539,20
2026-07-29,RB,五矿期货,68753,-660,62230,-152,1
2026-07-29,RB,新湖期货,68623,74,60483,281,2
2026-07-29,RB,宏源期货,65451,832,58762,453,3
2026-07-29,RB,兴证期货,62137,495,54742,-613,4
2026-07-29,RB,国投安信,59381,-566,51960,-627,5
2026-07-29,RB,瑞达期货,56588,-694,50939,823,6
2026-07-29,RB,广发期货,55866,-604,47736,607,7
2026-07-29,RB,南华期货,51791,253,46166,70,8
2026-07-29,RB,招商期货,49383,-341,42241,-657,9
2026-07-29,RB,浙商期货,45879,27,43769,-199,10
2026-07-29,RB,光大期货,45042,1048,41249,255,11
2026-07-29,RB,方正中期,44176,407,36253,-63,12
2026-07-29,RB,海通期货,40914,-252,34320,589,13
2026-07-29,RB,申银万国,37215,359,32027,163,14
2026-07-29,RB,华泰期货,32257,-285,31047,585,15
2026-07-29,RB,东证期货,33251,-128,26523,-575,16
2026-07-29,RB,银河期货,28028,269,24361,-568,17
2026-07-29,RB,国泰君安,27398,1202,23068,456,18
2026-07-29,RB,中信期货,25245,140,22268,951,19
2026-07-29,RB,永安期货,21723,672,17898,162,20
2026-07-30,RB,五矿期货,69686,933,62598,368,1
2026-07-30,RB,新湖期货,69113,490,60154,-329,2
2026-07-30,RB,宏源期货,64878,-573,59604,842,3
2026-07-30,RB,兴证期货,62386,249,55671,929,4
2026-07-30,RB,国投安信,60151,770,51385,-575,5
2026-07-30,RB,瑞达期货,56337,-251,51024,85,6
2026-07-30,RB,广发期货,56869,1003,48269,533,7
2026-07-30,RB,南华期货,51007,-784,46704,538,8
2026-07-30,RB,招商期货,48916,-467,42230,-11,9
2026-07-30,RB,浙商期货,45690,-189,43719,-50,10
2026-07-30,RB,光大期货,44948,-94,40537,-712,11
2026-07-30,RB,方正中期,44960,784,36625,372,12
2026-07-30,RB,海通期货,41661,747,33926,-394,13
2026-07-30,RB,申银万国,38237,1022,32186,159,14
2026-07-30,RB,华泰期货,31701,-556,31503,456,15
2026-07-30,RB,东证期货,33974,723,27139,616,16
2026-07-30,RB,银河期货,29120,1092,23524,-837,17
2026-07-30,RB,国泰君安,27242,-156,23341,273,18
2026-07-30,RB,中信期货,25533,288,22491,223,19
2026-07-30,RB,永安期货,21834,111,18258,360,20
2026-07-31,RB,五矿期货,69153,-533,61920,-678,1
2026-07-31,RB,新湖期货,69413,300,60782,628,2
2026-07-31,RB,宏源期货,64229,-649,60221,617,3
2026-07-31,RB,兴证期货,62591,205,56402,731,4
2026-07-31,RB,国投安信,59536,-615,51943,558,5
2026-07-31,RB,瑞达期货,56708,371,50245,-779,6
2026-07-31,RB,广发期货,56572,-297,49127,858,7
2026-07-31,RB,南华期货,50707,-300,45882,-822,8
2026-07-31,RB,招商期货,49778,862,41919,-311,9
2026-07-31,RB,浙商期货,46699,1009,44482,763,10
2026-07-31,RB,光大期货,44387,-561,40340,-197,11
2026-07-31,RB,方正中期,45170,210,35724,-901,12
2026-07-31,RB,海通期货,42097,436,33649,-277,13
2026-07-31,RB,申银万国,39328,1091,31247,-939,14
2026-07-31,RB,华泰期货,32800,1099,31649,146,15
2026-07-31,RB,东证期货,35256,1282,27873,734,16
2026-07-31,RB,银河期货,28780,-340,23768,244,17
2026-07-31,RB,国泰君安,27337,95,24042,701,18
2026-07-31,RB,中信期货,25270,-263,21944,-547,19
2026-07-31,RB,永安期货,22203,369,18645,387,20
2026-08-03,RB,新湖期货,69094,-319,61047,265,1
2026-08-03,RB,五矿期货,68814,-339,60994,-926,2
2026-08-03,RB,宏源期货,64643,414,60415,194,3
2026-08-03,RB,兴证期货,62493,-98,55505,-897,4
2026-08-03,RB,国投安信,59206,-330,51134,-809,5
2026-08-03,RB,瑞达期货,56165,-543,49812,-433,6
2026-08-03,RB,广发期货,56841,269,49111,-16,7
2026-08-03,RB,南华期货,50814,107,46784,902,8
2026-08-03,RB,招商期货,50318,540,41743,-176,9
2026-08-03,RB,浙商期货,46726,27,44917,435,10
2026-08-03,RB,光大期货,45057,670,40038,-302,11
2026-08-03,RB,方正中期,45792,622,35195,-529,12
2026-08-03,RB,海通期货,42853,756,34203,554,13
2026-08-03,RB,申银万国,40440,1112,31411,164,14
2026-08-03,RB,华泰期货,33985,1185,31142,-507,15
2026-08-03,RB,东证期货,35828,572,27879,6,16
2026-08-03,RB,银河期货,29190,410,24694,926,17
2026-08-03,RB,国泰君安,27005,-332,23724,-318,18
2026-08-03,RB,中信期货,26539,1269,22209,265,19
2026-08-03,RB,永安期货,22884,681,18758,113,20
2026-08-04,RB,五矿期货,68980,166,61823,829,1
2026-08-04,RB,新湖期货,69171,77,60948,-99,2
2026-08-04,RB,宏源期货,64735,92,60200,-215,3
2026-08-04,RB,兴证期货,61901,-592,55914,409,4
2026-08-04,RB,国投安信,58805,-401,50387,-747,5
2026-08-04,RB,广发期货,57657,816,49139,28,6
2026-08-04,RB,瑞达期货,57028,863,49705,-107,7
2026-08-04,RB,南华期货,50992,178,46341,-443,8
2026-08-04,RB,浙商期货,47851,1125,45784,867,9
2026-08-04,RB,招商期货,50697,379,41983,240,10
2026-08-04,RB,光大期货,44537,-520,40579,541,11
2026-08-04,RB,方正中期,45440,-352,35359,164,12
2026-08-04,RB,海通期货,43433,580,34257,54,13
2026-08-04,RB,申银万国,40137,-303,31041,-370,14
2026-08-04,RB,东证期货,36918,1090,27695,-184,15
2026-08-04,RB,华泰期货,33340,-645,31254,112,16
2026-08-04,RB,银河期货,30374,1184,23898,-796,17
2026-08-04,RB,国泰君安,26803,-202,23002,-722,18
2026-08-04,RB,中信期货,27161,622,21469,-740,19
2026-08-04,RB,永安期货,22359,-525,19347,589,20
2026-08-05,RB,五矿期货,70174,1194,61074,-749,1
2026-08-05,RB,新湖期货,70093,922,60038,-910,2
2026-08-05,RB,宏源期货,65280,545,60367,167,3
2026-08-05,RB,兴证期货,61311,-590,55077,-837,4
2026-08-05,RB,国投安信,59768,963,50574,187,5
2026-08-05,RB,瑞达期货,57892,864,50529,824,6
2026-08-05,RB,广发期货,57021,-636,49106,-33,7
2026-08-05,RB,南华期货,51992,1000,47291,950,8
2026-08-05,RB,浙商期货,47436,-415,45414,-370,9
2026-08-05,RB,招商期货,50854,157,41554,-429,10
2026-08-05,RB,光大期货,44034,-503,40503,-76,11
2026-08-05,RB,方正中期,45748,308,35337,-22,12
2026-08-05,RB,海通期货,43035,-398,33706,-551,13
2026-08-05,RB,申银万国,39570,-567,30610,-431,14
2026-08-05,RB,华泰期货,34189,849,32078,824,15
2026-08-05,RB,东证期货,37739,821,27529,-166,16
2026-08-05,RB,银河期货,29828,-546,23862,-36,17
2026-08-05,RB,中信期货,27870,709,21947,478,18
2026-08-05,RB,国泰君安,27456,653,22343,-659,19
2026-08-05,RB,永安期货,23182,823,18597,-750,20
2026-08-06,RB,新湖期货,70489,396,60604,566,1
2026-08-06,RB,五矿期货,70494,320,60258,-816,2
2026-08-06,RB,宏源期货,64935,-345,59546,-821,3
2026-08-06,RB,兴证期货,60909,-402,54744,-333,4
2026-08-06,RB,国投安信,59974,206,49951,-623,5
2026-08-06,RB,瑞达期货,58457,565,51060,531,6
2026-08-06,RB,广发期货,57835,814,49304,198,7
2026-08-06,RB,南华期货,52628,636,47847,556,8
2026-08-06,RB,浙商期货,48253,817,45405,-9,9
2026-08-06,RB,招商期货,50648,-206,41480,-74,10
2026-08-06,RB,光大期货,45141,1107,41168,665,11
2026-08-06,RB,方正中期,45757,9,34940,-397,12
2026-08-06,RB,海通期货,43021,-14,32770,-936,13
2026-08-06,RB,申银万国,38900,-670,30007,-603,14
2026-08-06,RB,华泰期货,34220,31,32986,908,15
2026-08-06,RB,东证期货,37506,-233,28439,910,16
2026-08-06,RB,银河期货,30152,324,23987,125,17
2026-08-06,RB,中信期货,28938,1068,21571,-376,18
2026-08-06,RB,国泰君安,27126,-330,22315,-28,19
2026-08-06,RB,永安期货,24409,1227,19280,683,20
2026-08-07,RB,新湖期货,70856,367,60734,130,1
2026-08-07,RB,五矿期货,70351,-143,59852,-406,2
2026-08-07,RB,宏源期货,65491,556,59801,255,3
2026-08-07,RB,兴证期货,60286,-623,54662,-82,4
2026-08-07,RB,瑞达期货,58852,395,51337,277,5
2026-08-07,RB,国投安信,59265,-709,50279,328,6
2026-08-07,RB,广发期货,58211,376,48868,-436,7
2026-08-07,RB,南华期货,52083,-545,48730,883,8
2026-08-07,RB,浙商期货,48845,592,46230,825,9
2026-08-07,RB,招商期货,50339,-309,41366,-114,10
2026-08-07,RB,光大期货,45569,428,40367,-801,11
2026-08-07,RB,方正中期,45347,-410,34140,-800,12
2026-08-07,RB,海通期货,42395,-626,33573,803,13
2026-08-07,RB,申银万国,40077,1177,30107,100,14
2026-08-07,RB,东证期货,38582,1076,28666,227,15
2026-08-07,RB,华泰期货,33752,-468,32162,-824,16
2026-08-07,RB,银河期货,30511,359,25009,1022,17
2026-08-07,RB,国泰君安,27652,526,22431,116,18
2026-08-07,RB,中信期货,28385,-553,20813,-758,19
2026-08-07,RB,永安期货,25270,861,19062,-218,20
2026-08-10,RB,新湖期货,71773,917,60906,172,1
2026-08-10,RB,五矿期货,71001,650,59531,-321,2
2026-08-10,RB,宏源期货,65024,-467,59758,-43,3
2026-08-10,RB,兴证期货,60252,-34,54305,-357,4
2026-08-10,RB,瑞达期货,59866,1014,50537,-800,5
2026-08-10,RB,国投安信,60275,1010,49839,-440,6
2026-08-10,RB,广发期货,57692,-519,48642,-226,7
2026-08-10,RB,南华期货,52329,246,48333,-397,8
2026-08-10,RB,浙商期货,48259,-586,45440,-790,9
2026-08-10,RB,招商期货,50650,311,40862,-504,10
2026-08-10,RB,光大期货,46051,482,40580,213,11
2026-08-10,RB,方正中期,44576,-771,34138,-2,12
2026-08-10,RB,海通期货,43521,1126,32781,-792,13
2026-08-10,RB,申银万国,39934,-143,30706,599,14
2026-08-10,RB,东证期货,39287,705,29127,461,15
2026-08-10,RB,华泰期货,33576,-176,32158,-4,16
2026-08-10,RB,银河期货,30651,140,24417,-592,17
2026-08-10,RB,中信期货,29181,796,20596,-217,18
2026-08-10,RB,国泰君安,27470,-182,22114,-317,19
2026-08-10,RB,永安期货,25018,-252,19573,511,20
2026-08-11,RB,新湖期货,72715,942,60070,-836,1
2026-08-11,RB,五矿期货,70400,-601,59890,359,2
2026-08-11,RB,宏源期货,66088,1064,60677,919,3
2026-08-11,RB,兴证期货,60462,210,53879,-426,4
2026-08-11,RB,瑞达期货,60374,508,51343,806,5
2026-08-11,RB,国投安信,60025,-250,49934,95,6
2026-08-11,RB,广发期货,57318,-374,49109,467,7
2026-08-11,RB,南华期货,53008,679,48095,-238,8
2026-08-11,RB,浙商期货,48026,-233,45077,-363,9
2026-08-11,RB,招商期货,51098,448,40353,-509,10
2026-08-11,RB,光大期货,46394,343,39958,-622,11
2026-08-11,RB,方正中期,44005,-571,34718,580,12
2026-08-11,RB,海通期货,42967,-554,33663,882,13
2026-08-11,RB,申银万国,39419,-515,30307,-399,14
2026-08-11,RB,东证期货,39230,-57,29625,498,15
2026-08-11,RB,华泰期货,32998,-578,33016,858,16
2026-08-11,RB,银河期货,31654,1003,24692,275,17
2026-08-11,RB,中信期货,29850,669,20819,223,18
2026-08-11,RB,国泰君安,26816,-654,22621,507,19
2026-08-11,RB,永安期货,25600,582,20365,792,20
2026-08-12,RB,新湖期货,72671,-44,60971,901,1
2026-08-12,RB,五矿期货,71520,1120,60580,690,2
2026-08-12,RB,宏源期货,65383,-705,60368,-309,3
2026-08-12,RB,兴证期货,60552,90,53200,-679,4
2026-08-12,RB,瑞达期货,60340,-34,51595,252,5
2026-08-12,RB,国投安信,60366,341,49297,-637,6
2026-08-12,RB,广发期货,56601,-717,49878,769,7
2026-08-12,RB,南华期货,52523,-485,48272,177,8
2026-08-12,RB,浙商期货,49171,1145,45945,868,9
2026-08-12,RB,招商期货,51723,625,41264,911,10
2026-08-12,RB,光大期货,45833,-561,39172,-786,11
2026-08-12,RB,方正中期,44363,358,33797,-921,12
2026-08-12,RB,海通期货,43622,655,33598,-65,13
2026-08-12,RB,申银万国,39533,114,30496,189,14
2026-08-12,RB,东证期货,39864,634,29301,-324,15
2026-08-12,RB,华泰期货,32538,-460,33594,578,16
2026-08-12,RB,银河期货,32563,909,24099,-593,17
2026-08-12,RB,中信期货,29746,-104,20049,-770,18
2026-08-12,RB,国泰君安,26153,-663,22444,-177,19
2026-08-12,RB,永安期货,25797,197,21203,838,20
2026-08-13,RB,新湖期货,73787,1116,60874,-97,1
2026-08-13,RB,五矿期货,72372,852,61011,431,2
2026-08-13,RB,宏源期货,65273,-110,61030,662,3
2026-08-13,RB,兴证期货,61270,718,54153,953,4
2026-08-13,RB,瑞达期货,61355,1015,51499,-96,5
2026-08-13,RB,国投安信,59626,-740,48724,-573,6
2026-08-13,RB,广发期货,57471,870,49300,-578,7
2026-08-13,RB,南华期货,53732,1209,48970,698,8
2026-08-13,RB,浙商期货,50276,1105,45489,-456,9
2026-08-13,RB,招商期货,52703,980,40656,-608,10
2026-08-13,RB,光大期货,46577,744,38548,-624,11
2026-08-13,RB,方正中期,45567,1204,34128,331,12
2026-08-13,RB,海通期货,44623,1001,33490,-108,13
2026-08-13,RB,申银万国,39889,356,31366,870,14
2026-08-13,RB,东证期货,40559,695,28651,-650,15
2026-08-13,RB,华泰期货,32472,-66,34251,657,16
2026-08-13,RB,银河期货,33289,726,23750,-349,17
2026-08-13,RB,中信期货,29157,-589,21029,980,18
2026-08-13,RB,永安期货,27118,1321,22105,902,19
2026-08-13,RB,国泰君安,26215,62,22014,-430,20
2026-08-14,RB,新湖期货,73568,-219,60653,-221,1
2026-08-14,RB,五矿期货,72895,523,61114,103,2
2026-08-14,RB,宏源期货,66463,1190,61673,643,3
2026-08-14,RB,兴证期货,62250,980,53355,-798,4
2026-08-14,RB,瑞达期货,60960,-395,51375,-124,5
2026-08-14,RB,国投安信,59508,-118,48354,-370,6
2026-08-14,RB,广发期货,56729,-742,49711,411,7
2026-08-14,RB,南华期货,53408,-324,48486,-484,8
2026-08-14,RB,浙商期货,50111,-165,46229,740,9
2026-08-14,RB,招商期货,53541,838,41500,844,10
2026-08-14,RB,光大期货,46729,152,38324,-224,11
2026-08-14,RB,方正中期,46449,882,35068,940,12
2026-08-14,RB,海通期货,44288,-335,32958,-532,13
2026-08-14,RB,申银万国,40857,968,31389,23,14
2026-08-14,RB,东证期货,40110,-449,28574,-77,15
2026-08-14,RB,华泰期货,33468,996,33390,-861,16
2026-08-14,RB,银河期货,34231,942,24326,576,17
2026-08-14,RB,永安期货,28217,1099,22750,645,18
2026-08-14,RB,中信期货,30147,990,20677,-352,19
2026-08-14,RB,国泰君安,26091,-124,21480,-534,20
2026-08-17,RB,新湖期货,74673,1105,61364,711,1
2026-08-17,RB,五矿期货,73207,312,61580,466,2
2026-08-17,RB,宏源期货,65676,-787,61797,124,3
2026-08-17,RB,兴证期货,62911,661,53308,-47,4
2026-08-17,RB,瑞达期货,61350,390,50824,-551,5
2026-08-17,RB,广发期货,56727,-2,50613,902,6
2026-08-17,RB,国投安信,59239,-269,47504,-850,7
2026-08-17,RB,南华期货,53665,257,47782,-704,8
2026-08-17,RB,浙商期货,50931,820,45931,-298,9
2026-08-17,RB,招商期货,53644,103,41801,301,10
2026-08-17,RB,光大期货,46646,-83,38876,552,11
2026-08-17,RB,方正中期,46880,431,35017,-51,12
2026-08-17,RB,海通期货,43576,-712,32240,-718,13
2026-08-17,RB,申银万国,42038,1181,30992,-397,14
2026-08-17,RB,东证期货,41427,1317,28248,-326,15
2026-08-17,RB,华泰期货,33043,-425,33639,249,16
2026-08-17,RB,银河期货,33797,-434,25262,936,17
2026-08-17,RB,中信期货,31204,1057,20915,238,18
2026-08-17,RB,永安期货,28365,148,23281,531,19
2026-08-17,RB,国泰君安,26099,8,20676,-804,20
2026-08-18,RB,新湖期货,75731,1058,60780,-584,1
2026-08-18,RB,五矿期货,73677,470,61805,225,2
2026-08-18,RB,宏源期货,66273,597,62389,592,3
2026-08-18,RB,兴证期货,63482,571,53144,-164,4
2026-08-18,RB,瑞达期货,61695,345,50144,-680,5
2026-08-18,RB,广发期货,57364,637,50278,-335,6
2026-08-18,RB,国投安信,58841,-398,47425,-79,7
2026-08-18,RB,南华期货,53543,-122,47666,-116,8
2026-08-18,RB,浙商期货,51179,248,45624,-307,9
2026-08-18,RB,招商期货,54219,575,41697,-104,10
2026-08-18,RB,光大期货,47699,1053,38551,-325,11
2026-08-18,RB,方正中期,46345,-535,35551,534,12
2026-08-18,RB,海通期货,44144,568,33036,796,13
2026-08-18,RB,申银万国,42524,486,30694,-298,14
2026-08-18,RB,东证期货,42700,1273,28748,500,15
2026-08-18,RB,华泰期货,34138,1095,33375,-264,16
2026-08-18,RB,银河期货,34010,213,24545,-717,17
2026-08-18,RB,中信期货,32043,839,21428,513,18
2026-08-18,RB,永安期货,29168,803,23940,659,19
2026-08-18,RB,国泰君安,25832,-267,20561,-115,20
2026-08-19,RB,新湖期货,76890,1159,61378,598,1
2026-08-19,RB,五矿期货,73368,-309,62242,437,2
2026-08-19,RB,宏源期货,65674,-599,63125,736,3
2026-08-19,RB,兴证期货,63960,478,52890,-254,4
2026-08-19,RB,瑞达期货,61486,-209,50259,115,5
2026-08-19,RB,广发期货,57923,559,49511,-767,6
2026-08-19,RB,国投安信,59410,569,47781,356,7
2026-08-19,RB,南华期货,54260,717,47073,-593,8
2026-08-19,RB,浙商期货,51358,179,46309,685,9
2026-08-19,RB,招商期货,55274,1055,42387,690,10
2026-08-19,RB,光大期货,47346,-353,38657,106,11
2026-08-19,RB,方正中期,46460,115,35994,443,12
2026-08-19,RB,海通期货,44306,162,33000,-36,13
2026-08-19,RB,申银万国,43074,550,30413,-281,14
2026-08-19,RB,东证期货,42910,210,29497,749,15
2026-08-19,RB,华泰期货,34535,397,33677,302,16
2026-08-19,RB,银河期货,33927,-83,24115,-430,17
2026-08-19,RB,中信期货,32495,452,22275,847,18
2026-08-19,RB,永安期货,29114,-54,23911,-29,19
2026-08-19,RB,国泰君安,25162,-670,20323,-238,20
2026-08-20,RB,新湖期货,76970,80,60886,-492,1
2026-08-20,RB,五矿期货,72938,-430,62948,706,2
2026-08-20,RB,宏源期货,65102,-572,63779,654,3
2026-08-20,RB,兴证期货,64747,787,53763,873,4
2026-08-20,RB,瑞达期货,60707,-779,51147,888,5
2026-08-20,RB,国投安信,60157,747,48603,822,6
2026-08-20,RB,广发期货,58476,553,49979,468,7
2026-08-20,RB,南华期货,53969,-291,46435,-638,8
2026-08-20,RB,浙商期货,51994,636,46155,-154,9
2026-08-20,RB,招商期货,55496,222,42265,-122,10
2026-08-20,RB,光大期货,46954,-392,39188,531,11
2026-08-20,RB,方正中期,46959,499,36232,238,12
2026-08-20,RB,海通期货,44364,58,33874,874,13
2026-08-20,RB,东证期货,43213,303,29888,391,14
2026-08-20,RB,申银万国,42433,-641,30405,-8,15
2026-08-20,RB,华泰期货,35485,950,34310,633,16
2026-08-20,RB,银河期货,33351,-576,23756,-359,17
2026-08-20,RB,中信期货,33476,981,21822,-453,18
2026-08-20,RB,永安期货,29079,-35,23511,-400,19
2026-08-20,RB,国泰君安,24793,-369,19513,-810,20
2026-08-21,RB,新湖期货,77152,182,60867,-19,1
2026-08-21,RB,五矿期货,72678,-260,63547,599,2
2026-08-21,RB,宏源期货,65835,733,64603,824,3
2026-08-21,RB,兴证期货,65794,1047,53148,-615,4
2026-08-21,RB,瑞达期货,61618,911,52064,917,5
2026-08-21,RB,国投安信,60489,332,48576,-27,6
2026-08-21,RB,广发期货,58719,243,49912,-67,7
2026-08-21,RB,南华期货,54652,683,47321,886,8
2026-08-21,RB,浙商期货,53029,1035,46121,-34,9
2026-08-21,RB,招商期货,55960,464,42994,729,10
2026-08-21,RB,光大期货,46813,-141,39794,606,11
2026-08-21,RB,方正中期,47313,354,36511,279,12
2026-08-21,RB,海通期货,44941,577,34021,147,13
2026-08-21,RB,申银万国,43284,851,30416,11,14
2026-08-21,RB,东证期货,44280,1067,29276,-612,15
2026-08-21,RB,华泰期货,35629,144,33643,-667,16
2026-08-21,RB,银河期货,33191,-160,24774,1018,17
2026-08-21,RB,中信期货,33866,390,21913,91,18
2026-08-21,RB,永安期货,30370,1291,24076,565,19
2026-08-21,RB,国泰君安,24225,-568,19794,281,20
2026-08-24,RB,新湖期货,77213,61,60054,-813,1
2026-08-24,RB,五矿期货,72311,-367,64312,765,2
2026-08-24,RB,宏源期货,66156,321,64617,14,3
2026-08-24,RB,兴证期货,65838,44,52885,-263,4
2026-08-24,RB,瑞达期货,62274,656,51562,-502,5
2026-08-24,RB,广发期货,59350,631,49284,-628,6
2026-08-24,RB,国投安信,59830,-659,48485,-91,7
2026-08-24,RB,南华期货,54335,-317,47165,-156,8
2026-08-24,RB,浙商期货,53345,316,45346,-775,9
2026-08-24,RB,招商期货,55453,-507,42362,-632,10
2026-08-24,RB,光大期货,46677,-136,40682,888,11
2026-08-24,RB,方正中期,47079,-234,36258,-253,12
2026-08-24,RB,海通期货,44736,-205,33561,-460,13
2026-08-24,RB,东证期货,44893,613,28905,-371,14
2026-08-24,RB,申银万国,42652,-632,30937,521,15
2026-08-24,RB,华泰期货,35401,-228,33603,-40,16
2026-08-24,RB,银河期货,33588,397,24906,132,17
2026-08-24,RB,中信期货,34501,635,21620,-293,18
2026-08-24,RB,永安期货,30206,-164,24936,860,19
2026-08-24,RB,国泰君安,25123,898,20526,732,20
2026-08-25,RB,五矿期货,72209,-102,64741,429,1
2026-08-25,RB,新湖期货,76482,-731,59910,-144,2
2026-08-25,RB,宏源期货,66258,102,64671,54,3
2026-08-25,RB,兴证期货,65497,-341,52503,-382,4
2026-08-25,RB,瑞达期货,62719,445,52460,898,5
2026-08-25,RB,广发期货,59678,328,49982,698,6
2026-08-25,RB,国投安信,59491,-339,48544,59,7
2026-08-25,RB,南华期货,55075,740,47729,564,8
2026-08-25,RB,浙商期货,54381,1036,46117,771,9
2026-08-25,RB,招商期货,55521,68,42524,162,10
2026-08-25,RB,光大期货,46685,8,41489,807,11
2026-08-25,RB,方正中期,46900,-179,36861,603,12
2026-08-25,RB,海通期货,45876,1140,33341,-220,13
2026-08-25,RB,东证期货,46026,1133,29612,707,14
2026-08-25,RB,申银万国,42838,186,30009,-928,15
2026-08-25,RB,华泰期货,35790,389,33442,-161,16
2026-08-25,RB,银河期货,32958,-630,25800,894,17
2026-08-25,RB,中信期货,35684,1183,22336,716,18
2026-08-25,RB,永安期货,30396,190,24873,-63,19
2026-08-25,RB,国泰君安,25649,526,21090,564,20
2026-08-26,RB,五矿期货,73367,1158,65504,763,1
2026-08-26,RB,新湖期货,76261,-221,60510,600,2
2026-08-26,RB,宏源期货,67269,1011,64507,-164,3
2026-08-26,RB,兴证期货,65398,-99,53121,618,4
2026-08-26,RB,瑞达期货,62599,-120,51953,-507,5
2026-08-26,RB,广发期货,59420,-258,49818,-164,6
2026-08-26,RB,国投安信,59632,141,48273,-271,7
2026-08-26,RB,南华期货,54657,-418,46891,-838,8
2026-08-26,RB,浙商期货,54468,87,45454,-663,9
2026-08-26,RB,招商期货,56506,985,42529,5,10
2026-08-26,RB,光大期货,46066,-619,41865,376,11
2026-08-26,RB,方正中期,47467,567,35976,-885,12
2026-08-26,RB,海通期货,46298,422,33556,215,13
2026-08-26,RB,东证期货,45617,-409,30026,414,14
2026-08-26,RB,申银万国,43905,1067,29875,-134,15
2026-08-26,RB,华泰期货,36093,303,32557,-885,16
2026-08-26,RB,银河期货,33245,287,26823,1023,17
2026-08-26,RB,中信期货,35842,158,22959,623,18
2026-08-26,RB,永安期货,31116,720,25647,774,19
2026-08-26,RB,国泰君安,25317,-332,21951,861,20
2026-08-27,RB,五矿期货,73817,450,65807,303,1
2026-08-27,RB,新湖期货,76226,-35,59913,-597,2
2026-08-27,RB,宏源期货,67003,-266,65137,630,3
2026-08-27,RB,兴证期货,65560,162,53613,492,4
2026-08-27,RB,瑞达期货,63180,581,51247,-706,5
2026-08-27,RB,广发期货,58888,-532,49847,29,6
2026-08-27,RB,国投安信,59997,365,47779,-494,7
2026-08-27,RB,南华期货,54179,-478,46439,-452,8
2026-08-27,RB,浙商期货,54086,-382,46232,778,9
2026-08-27,RB,招商期货,55757,-749,42861,332,10
2026-08-27,RB,光大期货,45339,-727,41431,-434,11
2026-08-27,RB,方正中期,46759,-708,36580,604,12
2026-08-27,RB,海通期货,47468,1170,33950,394,13
2026-08-27,RB,东证期货,45053,-564,29882,-144,14
2026-08-27,RB,申银万国,43255,-650,30534,659,15
2026-08-27,RB,华泰期货,35762,-331,32948,391,16
2026-08-27,RB,银河期货,34109,864,27067,244,17
2026-08-27,RB,中信期货,36881,1039,22266,-693,18
2026-08-27,RB,永安期货,31309,193,25303,-344,19
2026-08-27,RB,国泰君安,25610,293,21130,-821,20
2026-08-28,RB,五矿期货,73738,-79,65958,151,1
2026-08-28,RB,新湖期货,77038,812,59057,-856,2
2026-08-28,RB,宏源期货,67843,840,65356,219,3
2026-08-28,RB,兴证期货,66419,859,52920,-693,4
2026-08-28,RB,瑞达期货,63007,-173,52048,801,5
2026-08-28,RB,广发期货,59525,637,50489,642,6
2026-08-28,RB,国投安信,60608,611,48068,289,7
2026-08-28,RB,浙商期货,54508,422,46706,474,8
2026-08-28,RB,招商期货,56668,911,43205,344,9
2026-08-28,RB,南华期货,53886,-293,45707,-732,10
2026-08-28,RB,光大期货,44955,-384,40646,-785,11
2026-08-28,RB,方正中期,46781,22,37104,524,12
2026-08-28,RB,海通期货,48537,1069,33778,-172,13
2026-08-28,RB,东证期货,44604,-449,30207,325,14
2026-08-28,RB,申银万国,43644,389,30981,447,15
2026-08-28,RB,华泰期货,35024,-738,32646,-302,16
2026-08-28,RB,银河期货,33774,-335,26844,-223,17
2026-08-28,RB,中信期货,37682,801,21640,-626,18
2026-08-28,RB,永安期货,33132,1823,25974,671,19
2026-08-28,RB,国泰君安,26532,922,21947,817,20
2026-08-31,RB,五矿期货,74445,707,66231,273,1
2026-08-31,RB,新湖期货,77140,102,59808,751,2
2026-08-31,RB,宏源期货,68043,200,65368,12,3
2026-08-31,RB,兴证期货,66731,312,53566,646,4
2026-08-31,RB,瑞达期货,62770,-237,52369,321,5
2026-08-31,RB,广发期货,60712,1187,50881,392,6
2026-08-31,RB,国投安信,61473,865,49011,943,7
2026-08-31,RB,浙商期货,55166,658,46079,-627,8
2026-08-31,RB,南华期货,54598,712,45835,128,9
2026-08-31,RB,招商期货,56769,101,42625,-580,10
2026-08-31,RB,光大期货,45862,907,40647,1,11
2026-08-31,RB,方正中期,47292,511,37989,885,12
2026-08-31,RB,海通期货,49714,1177,33579,-199,13
2026-08-31,RB,东证期货,45673,1069,30207,0,14
2026-08-31,RB,申银万国,43070,-574,30928,-53,15
2026-08-31,RB,华泰期货,35918,894,32709,63,16
2026-08-31,RB,永安期货,33859,727,26468,494,17
2026-08-31,RB,银河期货,33802,28,26009,-835,18
2026-08-31,RB,中信期货,37770,88,20921,-719,19
2026-08-31,RB,国泰君安,26898,366,22413,466,20
2026-09-01,RB,五矿期货,73830,-615,65785,-446,1
2026-09-01,RB,新湖期货,77408,268,59259,-549,2
2026-09-01,RB,宏源期货,68391,348,64448,-920,3
2026-09-01,RB,兴证期货,67743,1012,53191,-375,4
2026-09-01,RB,瑞达期货,62552,-218,53231,862,5
2026-09-01,RB,国投安信,61903,430,49507,496,6
2026-09-01,RB,广发期货,60451,-261,50638,-243,7
2026-09-01,RB,南华期货,54534,-64,46528,693,8
2026-09-01,RB,浙商期货,55041,-125,45511,-568,9
2026-09-01,RB,招商期货,56977,208,42119,-506,10
2026-09-01,RB,光大期货,46084,222,41449,802,11
2026-09-01,RB,方正中期,47190,-102,37107,-882,12
2026-09-01,RB,海通期货,50292,578,33415,-164,13
2026-09-01,RB,东证期货,45926,253,29846,-361,14
2026-09-01,RB,申银万国,43447,377,31237,309,15
2026-09-01,RB,华泰期货,36664,746,32720,11,16
2026-09-01,RB,银河期货,33703,-99,26954,945,17
2026-09-01,RB,永安期货,34258,399,26268,-200,18
2026-09-01,RB,中信期货,38844,1074,20563,-358,19
2026-09-01,RB,国泰君安,27929,1031,21730,-683,20
2026-09-02,RB,五矿期货,73512,-318,65092,-693,1
2026-09-02,RB,新湖期货,77245,-163,58833,-426,2
2026-09-02,RB,宏源期货,68530,139,64062,-386,3
2026-09-02,RB,兴证期货,67673,-70,53690,499,4
2026-09-02,RB,瑞达期货,62633,81,53818,587,5
2026-09-02,RB,国投安信,62240,337,49244,-263,6
2026-09-02,RB,广发期货,60748,297,50402,-236,7
2026-09-02,RB,南华期货,54713,179,46721,193,8
2026-09-02,RB,浙商期货,54878,-163,45930,419,9
2026-09-02,RB,招商期货,57378,401,41934,-185,10
2026-09-02,RB,光大期货,46710,626,41007,-442,11
2026-09-02,RB,方正中期,46853,-337,36995,-112,12
2026-09-02,RB,海通期货,49692,-600,33077,-338,13
2026-09-02,RB,东证期货,46578,652,30443,597,14
2026-09-02,RB,申银万国,44280,833,30332,-905,15
2026-09-02,RB,华泰期货,36879,215,32697,-23,16
2026-09-02,RB,永安期货,35582,1324,26240,-28,17
2026-09-02,RB,银河期货,34447,744,27069,115,18
2026-09-02,RB,中信期货,39174,330,20840,277,19
2026-09-02,RB,国泰君安,28811,882,21362,-368,20
2026-09-03,RB,五矿期货,74150,638,64410,-682,1
2026-09-03,RB,新湖期货,77588,343,58491,-342,2
2026-09-03,RB,宏源期货,67833,-697,63233,-829,3
2026-09-03,RB,兴证期货,67142,-531,53311,-379,4
2026-09-03,RB,瑞达期货,62462,-171,52906,-912,5
2026-09-03,RB,国投安信,62900,660,49397,153,6
2026-09-03,RB,广发期货,60697,-51,49829,-573,7
2026-09-03,RB,南华期货,54529,-184,46246,-475,8
2026-09-03,RB,浙商期货,54667,-211,45195,-735,9
2026-09-03,RB,招商期货,58293,915,41391,-543,10
2026-09-03,RB,光大期货,46994,284,41289,282,11
2026-09-03,RB,方正中期,47270,417,37611,616,12
2026-09-03,RB,海通期货,49468,-224,33620,543,13
2026-09-03,RB,东证期货,47321,743,29962,-481,14
2026-09-03,RB,申银万国,45002,722,30383,51,15
2026-09-03,RB,华泰期货,36481,-398,32200,-497,16
2026-09-03,RB,银河期货,35724,1277,27769,700,17
2026-09-03,RB,永安期货,36909,1327,25774,-466,18
2026-09-03,RB,中信期货,39150,-24,20224,-616,19
2026-09-03,RB,国泰君安,29662,851,21599,237,20
2026-09-04,RB,五矿期货,74925,775,64322,-88,1
2026-09-04,RB,新湖期货,77040,-548,58693,202,2
2026-09-04,RB,宏源期货,67217,-616,62801,-432,3
2026-09-04,RB,兴证期货,67504,362,52993,-318,4
2026-09-04,RB,瑞达期货,61781,-681,52276,-630,5
2026-09-04,RB,国投安信,62415,-485,50118,721,6
2026-09-04,RB,广发期货,61196,499,50294,465,7
2026-09-04,RB,南华期货,53890,-639,46487,241,8
2026-09-04,RB,浙商期货,55560,893,44388,-807,9
2026-09-04,RB,招商期货,58323,30,41458,67,10
2026-09-04,RB,光大期货,47182,188,40582,-707,11
2026-09-04,RB,方正中期,46997,-273,38435,824,12
2026-09-04,RB,海通期货,50655,1187,32785,-835,13
2026-09-04,RB,东证期货,47233,-88,30063,101,14
2026-09-04,RB,申银万国,44909,-93,29820,-563,15
2026-09-04,RB,华泰期货,36671,190,32162,-38,16
2026-09-04,RB,永安期货,38065,1156,26692,918,17
2026-09-04,RB,银河期货,35079,-645,28084,315,18
2026-09-04,RB,中信期货,40021,871,20369,145,19
2026-09-04,RB,国泰君安,29202,-460,22526,927,20
2026-07-27,HC,五矿期货,71489,1179,63728,440,1
2026-07-27,HC,新湖期货,66967,-603,60348,-472,2
2026-07-27,HC,宏源期货,65032,-278,58453,-888,3
2026-07-27,HC,兴证期货,62726,-130,56679,296,4
2026-07-27,HC,国投安信,61253,94,53855,564,5
2026-07-27,HC,瑞达期货,57171,-709,52739,881,6
2026-07-27,HC,广发期货,53607,-626,49632,284,7
2026-07-27,HC,南华期货,53645,221,47248,-44,8
2026-07-27,HC,招商期货,50807,234,45810,165,9
2026-07-27,HC,浙商期货,48081,1140,41127,-383,10
2026-07-27,HC,光大期货,46603,643,39391,-116,11
2026-07-27,HC,方正中期,42702,620,37293,-318,12
2026-07-27,HC,海通期货,38296,-536,35262,19,13
2026-07-27,HC,申银万国,36565,-199,33342,-41,14
2026-07-27,HC,华泰期货,34081,375,31797,946,15
2026-07-27,HC,东证期货,33892,863,28774,828,16
2026-07-27,HC,银河期货,29815,-41,27008,358,17
2026-07-27,HC,国泰君安,26982,-331,25080,763,18
2026-07-27,HC,中信期货,23934,-524,21907,-738,19
2026-07-27,HC,永安期货,22246,1022,20071,-569,20
2026-07-28,HC,五矿期货,71542,53,64208,480,1
2026-07-28,HC,新湖期货,66506,-461,60083,-265,2
2026-07-28,HC,宏源期货,64456,-576,59269,816,3
2026-07-28,HC,兴证期货,62593,-133,57111,432,4
2026-07-28,HC,国投安信,61299,46,53597,-258,5
2026-07-28,HC,瑞达期货,57343,172,52511,-228,6
2026-07-28,HC,广发期货,53824,217,48878,-754,7
2026-07-28,HC,南华期货,54155,510,47975,727,8
2026-07-28,HC,招商期货,51215,408,45762,-48,9
2026-07-28,HC,浙商期货,47860,-221,40558,-569,10
2026-07-28,HC,光大期货,46718,115,40327,936,11
2026-07-28,HC,方正中期,42974,272,37687,394,12
2026-07-28,HC,海通期货,37864,-432,35285,23,13
2026-07-28,HC,申银万国,37337,772,33950,608,14
2026-07-28,HC,华泰期货,34471,390,30939,-858,15
2026-07-28,HC,东证期货,34904,1012,28465,-309,16
2026-07-28,HC,银河期货,30711,896,27524,516,17
2026-07-28,HC,国泰君安,28259,1277,24262,-818,18
2026-07-28,HC,中信期货,24442,508,22249,342,19
2026-07-28,HC,永安期货,23288,1042,20973,902,20
2026-07-29,HC,五矿期货,71298,-244,64392,184,1
2026-07-29,HC,新湖期货,65821,-685,59559,-524,2
2026-07-29,HC,宏源期货,64571,115,59885,616,3
2026-07-29,HC,兴证期货,62823,230,57451,340,4
2026-07-29,HC,国投安信,61784,485,54206,609,5
2026-07-29,HC,瑞达期货,57614,271,52311,-200,6
2026-07-29,HC,南华期货,54311,156,47881,-94,7
2026-07-29,HC,广发期货,53145,-679,48322,-556,8
2026-07-29,HC,招商期货,52205,990,45933,171,9
2026-07-29,HC,光大期货,46981,263,41076,749,10
2026-07-29,HC,浙商期货,47072,-788,40964,406,11
2026-07-29,HC,方正中期,43011,37,38518,831,12
2026-07-29,HC,海通期货,39060,1196,35927,642,13
2026-07-29,HC,申银万国,37209,-128,33247,-703,14
2026-07-29,HC,华泰期货,34325,-146,30515,-424,15
2026-07-29,HC,东证期货,35165,261,27785,-680,16
2026-07-29,HC,银河期货,31167,456,26739,-785,17
2026-07-29,HC,国泰君安,29255,996,24959,697,18
2026-07-29,HC,中信期货,25128,686,22209,-40,19
2026-07-29,HC,永安期货,23632,344,20703,-270,20
2026-07-30,HC,五矿期货,71358,60,65161,769,1
2026-07-30,HC,新湖期货,66475,654,59178,-381,2
2026-07-30,HC,宏源期货,64378,-193,59987,102,3
2026-07-30,HC,兴证期货,63943,1120,57978,527,4
2026-07-30,HC,国投安信,61309,-475,54286,80,5
2026-07-30,HC,瑞达期货,58150,536,53075,764,6
2026-07-30,HC,广发期货,54294,1149,47622,-700,7
2026-07-30,HC,南华期货,53753,-558,47886,5,8
2026-07-30,HC,招商期货,53138,933,46862,929,9
2026-07-30,HC,光大期货,47322,341,40971,-105,10
2026-07-30,HC,浙商期货,46472,-600,40484,-480,11
2026-07-30,HC,方正中期,43349,338,37606,-912,12
2026-07-30,HC,海通期货,38594,-466,35623,-304,13
2026-07-30,HC,申银万国,36909,-300,33760,513,14
2026-07-30,HC,华泰期货,34781,456,31211,696,15
2026-07-30,HC,东证期货,34554,-611,28215,430,16
2026-07-30,HC,银河期货,31489,322,26127,-612,17
2026-07-30,HC,国泰君安,30388,1133,25529,570,18
2026-07-30,HC,中信期货,25047,-81,22246,37,19
2026-07-30,HC,永安期货,23230,-402,21742,1039,20
2026-07-31,HC,五矿期货,71482,124,65324,163,1
2026-07-31,HC,新湖期货,67457,982,58542,-636,2
2026-07-31,HC,宏源期货,64939,561,60049,62,3
2026-07-31,HC,兴证期货,64355,412,58225,247,4
2026-07-31,HC,国投安信,61130,-179,55061,775,5
2026-07-31,HC,瑞达期货,57939,-211,53621,546,6
2026-07-31,HC,广发期货,55184,890,46687,-935,7
2026-07-31,HC,招商期货,54261,1123,47535,673,8
2026-07-31,HC,南华期货,54002,249,47493,-393,9
2026-07-31,HC,光大期货,48149,827,41780,809,10
2026-07-31,HC,浙商期货,46531,59,40240,-244,11
2026-07-31,HC,方正中期,43124,-225,38248,642,12
2026-07-31,HC,海通期货,39573,979,34825,-798,13
2026-07-31,HC,申银万国,37919,1010,33099,-661,14
2026-07-31,HC,华泰期货,35031,250,31799,588,15
2026-07-31,HC,东证期货,35771,1217,28582,367,16
2026-07-31,HC,银河期货,31604,115,25657,-470,17
2026-07-31,HC,国泰君安,30846,458,24965,-564,18
2026-07-31,HC,中信期货,24876,-171,22321,75,19
2026-07-31,HC,永安期货,23548,318,21849,107,20
2026-08-03,HC,五矿期货,72669,1187,65592,268,1
2026-08-03,HC,新湖期货,66925,-532,58630,88,2
2026-08-03,HC,宏源期货,65163,224,59184,-865,3
2026-08-03,HC,兴证期货,64900,545,57596,-629,4
2026-08-03,HC,国投安信,61962,832,55801,740,5
2026-08-03,HC,瑞达期货,57939,0,54040,419,6
2026-08-03,HC,南华期货,54656,654,48423,930,7
2026-08-03,HC,广发期货,56055,871,46527,-160,8
2026-08-03,HC,招商期货,54996,735,47563,28,9
2026-08-03,HC,光大期货,48947,798,41681,-99,10
2026-08-03,HC,浙商期货,45830,-701,39951,-289,11
2026-08-03,HC,方正中期,42812,-312,39061,813,12
2026-08-03,HC,海通期货,39954,381,34669,-156,13
2026-08-03,HC,申银万国,38557,638,32648,-451,14
2026-08-03,HC,华泰期货,36021,990,31245,-554,15
2026-08-03,HC,东证期货,37011,1240,28381,-201,16
2026-08-03,HC,银河期货,31706,102,25729,72,17
2026-08-03,HC,国泰君安,31738,892,25217,252,18
2026-08-03,HC,中信期货,24886,10,22591,270,19
2026-08-03,HC,永安期货,23869,321,21695,-154,20
2026-08-04,HC,五矿期货,73696,1027,66207,615,1
2026-08-04,HC,新湖期货,67418,493,59161,531,2
2026-08-04,HC,宏源期货,65151,-12,58892,-292,3
2026-08-04,HC,兴证期货,65869,969,57748,152,4
2026-08-04,HC,国投安信,62917,955,56242,441,5
2026-08-04,HC,瑞达期货,58893,954,53772,-268,6
2026-08-04,HC,南华期货,55284,628,48297,-126,7
2026-08-04,HC,招商期货,54899,-97,47899,336,8
2026-08-04,HC,广发期货,56595,540,45751,-776,9
2026-08-04,HC,光大期货,48310,-637,41702,21,10
2026-08-04,HC,浙商期货,46640,810,39553,-398,11
2026-08-04,HC,方正中期,44008,1196,38437,-624,12
2026-08-04,HC,海通期货,40947,993,35069,400,13
2026-08-04,HC,申银万国,38062,-495,32547,-101,14
2026-08-04,HC,华泰期货,35262,-759,31784,539,15
2026-08-04,HC,东证期货,38205,1194,28456,75,16
2026-08-04,HC,国泰君安,32798,1060,25258,41,17
2026-08-04,HC,银河期货,31240,-466,25946,217,18
2026-08-04,HC,中信期货,24421,-465,23521,930,19
2026-08-04,HC,永安期货,23878,9,22616,921,20
2026-08-05,HC,五矿期货,73749,53,66426,219,1
2026-08-05,HC,新湖期货,67128,-290,59308,147,2
2026-08-05,HC,宏源期货,65243,92,58250,-642,3
2026-08-05,HC,兴证期货,65813,-56,57575,-173,4
2026-08-05,HC,国投安信,62241,-676,55902,-340,5
2026-08-05,HC,瑞达期货,58767,-126,54462,690,6
2026-08-05,HC,南华期货,55107,-177,49207,910,7
2026-08-05,HC,招商期货,54449,-450,48380,481,8
2026-08-05,HC,广发期货,55864,-731,44905,-846,9
2026-08-05,HC,光大期货,48961,651,42549,847,10
2026-08-05,HC,浙商期货,46055,-585,39521,-32,11
2026-08-05,HC,方正中期,44775,767,38794,357,12
2026-08-05,HC,海通期货,41045,98,34330,-739,13
2026-08-05,HC,申银万国,38801,739,31792,-755,14
2026-08-05,HC,东证期货,38936,731,29482,1026,15
2026-08-05,HC,华泰期货,35060,-202,31309,-475,16
2026-08-05,HC,国泰君安,33392,594,24538,-720,17
2026-08-05,HC,银河期货,31050,-190,26378,432,18
2026-08-05,HC,永安期货,24207,329,23542,926,19
2026-08-05,HC,中信期货,24859,438,22734,-787,20
2026-08-06,HC,五矿期货,74267,518,66354,-72,1
2026-08-06,HC,新湖期货,67541,413,58980,-328,2
2026-08-06,HC,宏源期货,66388,1145,58017,-233,3
2026-08-06,HC,兴证期货,65174,-639,57539,-36,4
2026-08-06,HC,国投安信,62570,329,55285,-617,5
2026-08-06,HC,瑞达期货,58566,-201,54909,447,6
2026-08-06,HC,南华期货,56157,1050,49914,707,7
2026-08-06,HC,招商期货,55024,575,47459,-921,8
2026-08-06,HC,广发期货,56026,162,45810,905,9
2026-08-06,HC,光大期货,49477,516,42129,-420,10
2026-08-06,HC,浙商期货,46206,151,39103,-418,11
2026-08-06,HC,方正中期,44460,-315,38798,4,12
2026-08-06,HC,海通期货,41449,404,33683,-647,13
2026-08-06,HC,申银万国,39030,229,32721,929,14
2026-08-06,HC,东证期货,39049,113,29891,409,15
2026-08-06,HC,华泰期货,35669,609,30862,-447,16
2026-08-06,HC,银河期货,31628,578,27301,923,17
2026-08-06,HC,国泰君安,33080,-312,23839,-699,18
2026-08-06,HC,永安期货,24933,726,24305,763,19
2026-08-06,HC,中信期货,24557,-302,22222,-512,20
2026-08-07,HC,五矿期货,75065,798,67050,696,1
2026-08-07,HC,新湖期货,68600,1059,58626,-354,2
2026-08-07,HC,宏源期货,67303,915,58928,911,3
2026-08-07,HC,兴证期货,65910,736,57616,77,4
2026-08-07,HC,国投安信,63644,1074,55586,301,5
2026-08-07,HC,瑞达期货,59301,735,54069,-840,6
2026-08-07,HC,南华期货,56526,369,50745,831,7
2026-08-07,HC,广发期货,56640,614,46463,653,8
2026-08-07,HC,招商期货,54796,-228,46535,-924,9
2026-08-07,HC,光大期货,48731,-746,42888,759,10
2026-08-07,HC,浙商期货,46764,558,38973,-130,11
2026-08-07,HC,方正中期,45102,642,38462,-336,12
2026-08-07,HC,海通期货,41836,387,33348,-335,13
2026-08-07,HC,申银万国,39411,381,32516,-205,14
2026-08-07,HC,东证期货,39368,319,29249,-642,15
2026-08-07,HC,华泰期货,35364,-305,30703,-159,16
2026-08-07,HC,银河期货,31745,117,28188,887,17
2026-08-07,HC,国泰君安,33028,-52,23386,-453,18
2026-08-07,HC,永安期货,25676,743,23957,-348,19
2026-08-07,HC,中信期货,24822,265,23093,871,20
2026-08-10,HC,五矿期货,74686,-379,66380,-670,1
2026-08-10,HC,新湖期货,68660,60,58045,-581,2
2026-08-10,HC,宏源期货,67182,-121,59518,590,3
2026-08-10,HC,兴证期货,66982,1072,57280,-336,4
2026-08-10,HC,国投安信,63123,-521,54830,-756,5
2026-08-10,HC,瑞达期货,59258,-43,54628,559,6
2026-08-10,HC,南华期货,57351,825,50707,-38,7
2026-08-10,HC,广发期货,55918,-722,46709,246,8
2026-08-10,HC,招商期货,54086,-710,46227,-308,9
2026-08-10,HC,光大期货,48139,-592,43798,910,10
2026-08-10,HC,浙商期货,47259,495,39356,383,11
2026-08-10,HC,方正中期,44592,-510,38808,346,12
2026-08-10,HC,海通期货,42440,604,34124,776,13
2026-08-10,HC,申银万国,40192,781,32926,410,14
2026-08-10,HC,东证期货,39211,-157,29777,528,15
2026-08-10,HC,华泰期货,36121,757,31239,536,16
2026-08-10,HC,银河期货,31464,-281,28599,411,17
2026-08-10,HC,国泰君安,32806,-222,23829,443,18
2026-08-10,HC,永安期货,25477,-199,24340,383,19
2026-08-10,HC,中信期货,25794,972,22954,-139,20
2026-08-11,HC,五矿期货,75515,829,66248,-132,1
2026-08-11,HC,宏源期货,68039,857,59719,201,2
2026-08-11,HC,新湖期货,68619,-41,57289,-756,3
2026-08-11,HC,兴证期货,67005,23,58072,792,4
2026-08-11,HC,国投安信,63816,693,55271,441,5
2026-08-11,HC,瑞达期货,60229,971,55073,445,6
2026-08-11,HC,南华期货,56849,-502,51311,604,7
2026-08-11,HC,广发期货,57107,1189,46231,-478,8
2026-08-11,HC,招商期货,54255,169,45441,-786,9
2026-08-11,HC,光大期货,49131,992,43551,-247,10
2026-08-11,HC,浙商期货,48116,857,38651,-705,11
2026-08-11,HC,方正中期,44406,-186,39396,588,12
2026-08-11,HC,海通期货,43631,1191,34835,711,13
2026-08-11,HC,申银万国,41090,898,32972,46,14
2026-08-11,HC,东证期货,40241,1030,29253,-524,15
2026-08-11,HC,华泰期货,35857,-264,32170,931,16
2026-08-11,HC,银河期货,32664,1200,28297,-302,17
2026-08-11,HC,国泰君安,33223,417,23996,167,18
2026-08-11,HC,永安期货,26417,940,24584,244,19
2026-08-11,HC,中信期货,26918,1124,22843,-111,20
2026-08-12,HC,五矿期货,74963,-552,65594,-654,1
2026-08-12,HC,宏源期货,68684,645,59397,-322,2
2026-08-12,HC,新湖期货,69158,539,57185,-104,3
2026-08-12,HC,兴证期货,67165,160,58994,922,4
2026-08-12,HC,国投安信,64327,511,56018,747,5
2026-08-12,HC,瑞达期货,60765,536,54262,-811,6
2026-08-12,HC,南华期货,56730,-119,52245,934,7
2026-08-12,HC,广发期货,57566,459,45744,-487,8
2026-08-12,HC,招商期货,55275,1020,45650,209,9
2026-08-12,HC,光大期货,48819,-312,43576,25,10
2026-08-12,HC,浙商期货,47377,-739,38979,328,11
2026-08-12,HC,方正中期,43837,-569,39838,442,12
2026-08-12,HC,海通期货,44766,1135,34655,-180,13
2026-08-12,HC,申银万国,41984,894,33339,367,14
2026-08-12,HC,东证期货,40947,706,28929,-324,15
2026-08-12,HC,华泰期货,36264,407,32010,-160,16
2026-08-12,HC,银河期货,33371,707,28970,673,17
2026-08-12,HC,国泰君安,33484,261,23890,-106,18
2026-08-12,HC,永安期货,25775,-642,24265,-319,19
2026-08-12,HC,中信期货,27346,428,22236,-607,20
2026-08-13,HC,五矿期货,76119,1156,65137,-457,1
2026-08-13,HC,宏源期货,68652,-32,58901,-496,2
2026-08-13,HC,新湖期货,69276,118,57155,-30,3
2026-08-13,HC,兴证期货,66442,-723,59467,473,4
2026-08-13,HC,国投安信,64372,45,55650,-368,5
2026-08-13,HC,瑞达期货,60977,212,54582,320,6
2026-08-13,HC,南华期货,56789,59,52646,401,7
2026-08-13,HC,广发期货,56978,-588,46511,767,8
2026-08-13,HC,招商期货,54801,-474,46523,873,9
2026-08-13,HC,光大期货,48887,68,43838,262,10
2026-08-13,HC,浙商期货,48107,730,39527,548,11
2026-08-13,HC,方正中期,44473,636,40004,166,12
2026-08-13,HC,海通期货,45920,1154,35236,581,13
2026-08-13,HC,申银万国,41953,-31,33772,433,14
2026-08-13,HC,东证期货,41377,430,28346,-583,15
2026-08-13,HC,华泰期货,36269,5,31999,-11,16
2026-08-13,HC,银河期货,33181,-190,29927,957,17
2026-08-13,HC,国泰君安,33051,-433,23229,-661,18
2026-08-13,HC,中信期货,27299,-47,22384,148,19
2026-08-13,HC,永安期货,25197,-578,23481,-784,20
2026-08-14,HC,五矿期货,75753,-366,65397,260,1
2026-08-14,HC,宏源期货,68002,-650,59660,759,2
2026-08-14,HC,新湖期货,70053,777,57350,195,3
2026-08-14,HC,兴证期货,66808,366,58947,-520,4
2026-08-14,HC,国投安信,63839,-533,56321,671,5
2026-08-14,HC,瑞达期货,60870,-107,54140,-442,6
2026-08-14,HC,南华期货,57987,1198,51749,-897,7
2026-08-14,HC,广发期货,56291,-687,47182,671,8
2026-08-14,HC,招商期货,55320,519,46805,282,9
2026-08-14,HC,光大期货,48284,-603,44255,417,10
2026-08-14,HC,浙商期货,47751,-356,39901,374,11
2026-08-14,HC,方正中期,45370,897,39995,-9,12
2026-08-14,HC,海通期货,47073,1153,36032,796,13
2026-08-14,HC,申银万国,41551,-402,33082,-690,14
2026-08-14,HC,东证期货,41441,64,27610,-736,15
2026-08-14,HC,华泰期货,36294,25,31624,-375,16
2026-08-14,HC,银河期货,34357,1176,30387,460,17
2026-08-14,HC,国泰君安,33133,82,23484,255,18
2026-08-14,HC,中信期货,26832,-467,22928,544,19
2026-08-14,HC,永安期货,26278,1081,23363,-118,20
2026-08-17,HC,五矿期货,76040,287,64689,-708,1
2026-08-17,HC,新湖期货,70782,729,57272,-78,2
2026-08-17,HC,宏源期货,67319,-683,58979,-681,3
2026-08-17,HC,兴证期货,66374,-434,58550,-397,4
2026-08-17,HC,国投安信,63712,-127,55413,-908,5
2026-08-17,HC,瑞达期货,60567,-303,54405,265,6
2026-08-17,HC,南华期货,57227,-760,51542,-207,7
2026-08-17,HC,广发期货,57118,827,47856,674,8
2026-08-17,HC,招商期货,54582,-738,46134,-671,9
2026-08-17,HC,光大期货,47851,-433,43540,-715,10
2026-08-17,HC,浙商期货,48314,563,40735,834,11
2026-08-17,HC,方正中期,45093,-277,40690,695,12
2026-08-17,HC,海通期货,46549,-524,36198,166,13
2026-08-17,HC,申银万国,42519,968,32438,-644,14
2026-08-17,HC,东证期货,42615,1174,27970,360,15
2026-08-17,HC,华泰期货,35509,-785,31251,-373,16
2026-08-17,HC,银河期货,33989,-368,31142,755,17
2026-08-17,HC,国泰君安,33135,2,24209,725,18
2026-08-17,HC,中信期货,27943,1111,22545,-383,19
2026-08-17,HC,永安期货,26050,-228,24168,805,20
2026-08-18,HC,五矿期货,77091,1051,63914,-775,1
2026-08-18,HC,宏源期货,67987,668,59902,923,2
2026-08-18,HC,新湖期货,70900,118,56482,-790,3
2026-08-18,HC,兴证期货,65805,-569,58614,64,4
2026-08-18,HC,国投安信,63795,83,55878,465,5
2026-08-18,HC,瑞达期货,61512,945,54287,-118,6
2026-08-18,HC,南华期货,58411,1184,50665,-877,7
2026-08-18,HC,广发期货,56452,-666,47896,40,8
2026-08-18,HC,招商期货,54730,148,46511,377,9
2026-08-18,HC,光大期货,48836,985,43949,409,10
2026-08-18,HC,浙商期货,48591,277,40412,-323,11
2026-08-18,HC,方正中期,45907,814,41611,921,12
2026-08-18,HC,海通期货,45847,-702,36747,549,13
2026-08-18,HC,申银万国,43665,1146,32757,319,14
2026-08-18,HC,东证期货,42168,-447,28035,65,15
2026-08-18,HC,华泰期货,35750,241,30764,-487,16
2026-08-18,HC,银河期货,34370,381,31497,355,17
2026-08-18,HC,国泰君安,34058,923,24090,-119,18
2026-08-18,HC,中信期货,28248,305,22603,58,19
2026-08-18,HC,永安期货,26907,857,23438,-730,20
2026-08-19,HC,五矿期货,76995,-96,64668,754,1
2026-08-19,HC,宏源期货,68121,134,60780,878,2
2026-08-19,HC,新湖期货,70577,-323,56389,-93,3
2026-08-19,HC,兴证期货,65455,-350,58554,-60,4
2026-08-19,HC,国投安信,64481,686,56710,832,5
2026-08-19,HC,瑞达期货,62296,784,54476,189,6
2026-08-19,HC,南华期货,59367,956,51065,400,7
2026-08-19,HC,广发期货,56995,543,48753,857,8
2026-08-19,HC,招商期货,55377,647,45805,-706,9
2026-08-19,HC,光大期货,49285,449,43890,-59,10
2026-08-19,HC,浙商期货,48004,-587,41096,684,11
2026-08-19,HC,方正中期,46046,139,41706,95,12
2026-08-19,HC,海通期货,46143,296,36410,-337,13
2026-08-19,HC,申银万国,43655,-10,33040,283,14
2026-08-19,HC,东证期货,42696,528,28298,263,15
2026-08-19,HC,银河期货,34978,608,31933,436,16
2026-08-19,HC,华泰期货,36418,668,30489,-275,17
2026-08-19,HC,国泰君安,33646,-412,23793,-297,18
2026-08-19,HC,永安期货,26896,-11,23823,385,19
2026-08-19,HC,中信期货,27881,-367,21877,-726,20
2026-08-20,HC,五矿期货,77994,999,65090,422,1
2026-08-20,HC,宏源期货,68703,582,60090,-690,2
2026-08-20,HC,新湖期货,70628,51,56173,-216,3
2026-08-20,HC,兴证期货,65815,360,58289,-265,4
2026-08-20,HC,国投安信,65650,1169,56920,210,5
2026-08-20,HC,瑞达期货,61628,-668,54737,261,6
2026-08-20,HC,南华期货,59340,-27,51787,722,7
2026-08-20,HC,广发期货,56471,-524,48952,199,8
2026-08-20,HC,招商期货,56111,734,46378,573,9
2026-08-20,HC,光大期货,48669,-616,43140,-750,10
2026-08-20,HC,浙商期货,48098,94,40353,-743,11
2026-08-20,HC,方正中期,45442,-604,42469,763,12
2026-08-20,HC,海通期货,46324,181,35607,-803,13
2026-08-20,HC,申银万国,44271,616,33990,950,14
2026-08-20,HC,东证期货,43388,692,27960,-338,15
2026-08-20,HC,银河期货,35182,204,31713,-220,16
2026-08-20,HC,华泰期货,36394,-24,29861,-628,17
2026-08-20,HC,国泰君安,33170,-476,23573,-220,18
2026-08-20,HC,永安期货,27154,258,23779,-44,19
2026-08-20,HC,中信期货,28062,181,22511,634,20
2026-08-21,HC,五矿期货,78460,466,65532,442,1
2026-08-21,HC,宏源期货,69908,1205,60721,631,2
2026-08-21,HC,新湖期货,71514,886,56506,333,3
2026-08-21,HC,兴证期货,66755,940,58497,208,4
2026-08-21,HC,国投安信,66513,863,56858,-62,5
2026-08-21,HC,瑞达期货,62013,385,54260,-477,6
2026-08-21,HC,南华期货,59302,-38,51082,-705,7
2026-08-21,HC,广发期货,57242,771,48582,-370,8
2026-08-21,HC,招商期货,57052,941,46577,199,9
2026-08-21,HC,光大期货,48338,-331,43935,795,10
2026-08-21,HC,方正中期,45996,554,42516,47,11
2026-08-21,HC,浙商期货,47529,-569,40130,-223,12
2026-08-21,HC,海通期货,45969,-355,34983,-624,13
2026-08-21,HC,申银万国,44664,393,34089,99,14
2026-08-21,HC,东证期货,43947,559,27739,-221,15
2026-08-21,HC,银河期货,34617,-565,31442,-271,16
2026-08-21,HC,华泰期货,36324,-70,29133,-728,17
2026-08-21,HC,国泰君安,34375,1205,24189,616,18
2026-08-21,HC,永安期货,28411,1257,24455,676,19
2026-08-21,HC,中信期货,28258,196,23428,917,20
2026-08-24,HC,五矿期货,77992,-468,65349,-183,1
2026-08-24,HC,宏源期货,69888,-20,60640,-81,2
2026-08-24,HC,新湖期货,71653,139,56264,-242,3
2026-08-24,HC,兴证期货,67051,296,57997,-500,4
2026-08-24,HC,国投安信,65910,-603,57446,588,5
2026-08-24,HC,瑞达期货,62519,506,53382,-878,6
2026-08-24,HC,南华期货,59332,30,50284,-798,7
2026-08-24,HC,广发期货,56742,-500,49159,577,8
2026-08-24,HC,招商期货,57421,369,46983,406,9
2026-08-24,HC,光大期货,47560,-778,43366,-569,10
2026-08-24,HC,方正中期,45901,-95,42294,-222,11
2026-08-24,HC,浙商期货,48520,991,39483,-647,12
2026-08-24,HC,海通期货,45811,-158,35930,947,13
2026-08-24,HC,申银万国,45313,649,34710,621,14
2026-08-24,HC,东证期货,43824,-123,26938,-801,15
2026-08-24,HC,银河期货,35645,1028,32002,560,16
2026-08-24,HC,华泰期货,35903,-421,28752,-381,17
2026-08-24,HC,国泰君安,35607,1232,24676,487,18
2026-08-24,HC,永安期货,29057,646,24735,280,19
2026-08-24,HC,中信期货,27641,-617,23815,387,20
2026-08-25,HC,五矿期货,78281,289,65775,426,1
2026-08-25,HC,宏源期货,70486,598,61089,449,2
2026-08-25,HC,新湖期货,72077,424,56320,56,3
2026-08-25,HC,兴证期货,66488,-563,57637,-360,4
2026-08-25,HC,国投安信,65826,-84,57386,-60,5
2026-08-25,HC,瑞达期货,62778,259,52675,-707,6
2026-08-25,HC,南华期货,59390,58,49903,-381,7
2026-08-25,HC,广发期货,56393,-349,49765,606,8
2026-08-25,HC,招商期货,57874,453,46948,-35,9
2026-08-25,HC,光大期货,47677,117,43781,415,10
2026-08-25,HC,浙商期货,48598,78,39537,54,11
2026-08-25,HC,方正中期,45278,-623,41911,-383,12
2026-08-25,HC,海通期货,45122,-689,36370,440,13
2026-08-25,HC,申银万国,46068,755,35035,325,14
2026-08-25,HC,东证期货,44963,1139,26185,-753,15
2026-08-25,HC,银河期货,36196,551,31315,-687,16
2026-08-25,HC,华泰期货,35431,-472,28134,-618,17
2026-08-25,HC,国泰君安,36865,1258,24978,302,18
2026-08-25,HC,永安期货,29025,-32,25352,617,19
2026-08-25,HC,中信期货,27635,-6,24545,730,20
2026-08-26,HC,五矿期货,78384,103,64873,-902,1
2026-08-26,HC,宏源期货,70509,23,61913,824,2
2026-08-26,HC,新湖期货,72806,729,55466,-854,3
2026-08-26,HC,国投安信,66404,578,58097,711,4
2026-08-26,HC,兴证期货,66423,-65,56844,-793,5
2026-08-26,HC,瑞达期货,63132,354,53441,766,6
2026-08-26,HC,南华期货,59690,300,50404,501,7
2026-08-26,HC,广发期货,56074,-319,49849,84,8
2026-08-26,HC,招商期货,57348,-526,46786,-162,9
2026-08-26,HC,光大期货,47905,228,44370,589,10
2026-08-26,HC,浙商期货,48689,91,38956,-581,11
2026-08-26,HC,方正中期,44733,-545,40986,-925,12
2026-08-26,HC,申银万国,46843,775,34618,-417,13
2026-08-26,HC,海通期货,44924,-198,36101,-269,14
2026-08-26,HC,东证期货,44910,-53,25757,-428,15
2026-08-26,HC,银河期货,35541,-655,30873,-442,16
2026-08-26,HC,华泰期货,36212,781,27475,-659,17
2026-08-26,HC,国泰君安,37422,557,24230,-748,18
2026-08-26,HC,永安期货,28986,-39,24585,-767,19
2026-08-26,HC,中信期货,27416,-219,24494,-51,20
2026-08-27,HC,五矿期货,79376,992,64568,-305,1
2026-08-27,HC,宏源期货,70539,30,62046,133,2
2026-08-27,HC,新湖期货,72177,-629,55336,-130,3
2026-08-27,HC,兴证期货,66525,102,57110,266,4
2026-08-27,HC,国投安信,65830,-574,57655,-442,5
2026-08-27,HC,瑞达期货,63236,104,54230,789,6
2026-08-27,HC,南华期货,60312,622,51347,943,7
2026-08-27,HC,广发期货,56025,-49,49089,-760,8
2026-08-27,HC,招商期货,57500,152,47549,763,9
2026-08-27,HC,光大期货,47466,-439,45071,701,10
2026-08-27,HC,浙商期货,49839,1150,39281,325,11
2026-08-27,HC,方正中期,45921,1188,40711,-275,12
2026-08-27,HC,申银万国,46645,-198,33913,-705,13
2026-08-27,HC,海通期货,44963,39,35203,-898,14
2026-08-27,HC,东证期货,45068,158,26350,593,15
2026-08-27,HC,银河期货,35750,209,31187,314,16
2026-08-27,HC,华泰期货,36733,521,27390,-85,17
2026-08-27,HC,国泰君安,37393,-29,24549,319,18
2026-08-27,HC,永安期货,29257,271,25611,1026,19
2026-08-27,HC,中信期货,26905,-511,25399,905,20
2026-08-28,HC,五矿期货,79872,496,64639,71,1
2026-08-28,HC,宏源期货,69903,-636,61468,-578,2
2026-08-28,HC,新湖期货,73335,1158,55978,642,3
2026-08-28,HC,兴证期货,67289,764,57512,402,4
2026-08-28,HC,国投安信,65353,-477,58271,616,5
2026-08-28,HC,瑞达期货,62801,-435,54523,293,6
2026-08-28,HC,南华期货,59732,-580,50706,-641,7
2026-08-28,HC,广发期货,55759,-266,48553,-536,8
2026-08-28,HC,招商期货,57012,-488,47092,-457,9
2026-08-28,HC,光大期货,48638,1172,45808,737,10
2026-08-28,HC,浙商期货,50370,531,40010,729,11
2026-08-28,HC,方正中期,45850,-71,41260,549,12
2026-08-28,HC,申银万国,46252,-393,34828,915,13
2026-08-28,HC,海通期货,45762,799,34978,-225,14
2026-08-28,HC,东证期货,45694,626,25723,-627,15
2026-08-28,HC,银河期货,35236,-514,31372,185,16
2026-08-28,HC,华泰期货,37029,296,27494,104,17
2026-08-28,HC,国泰君安,38318,925,24033,-516,18
2026-08-28,HC,永安期货,30114,857,25446,-165,19
2026-08-28,HC,中信期货,26688,-217,25221,-178,20
2026-08-31,HC,五矿期货,79669,-203,63856,-783,1
2026-08-31,HC,新湖期货,73300,-35,56741,763,2
2026-08-31,HC,宏源期货,69190,-713,60644,-824,3
2026-08-31,HC,兴证期货,67444,155,57497,-15,4
2026-08-31,HC,国投安信,64714,-639,57966,-305,5
2026-08-31,HC,瑞达期货,62731,-70,54622,99,6
2026-08-31,HC,南华期货,60572,840,50328,-378,7
2026-08-31,HC,招商期货,57515,503,46772,-320,8
2026-08-31,HC,广发期货,56180,421,47728,-825,9
2026-08-31,HC,光大期货,48748,110,45007,-801,10
2026-08-31,HC,浙商期货,50540,170,39975,-35,11
2026-08-31,HC,方正中期,45707,-143,40629,-631,12
2026-08-31,HC,海通期货,46741,979,35322,344,13
2026-08-31,HC,申银万国,46741,489,34549,-279,14
2026-08-31,HC,东证期货,46830,1136,26019,296,15
2026-08-31,HC,银河期货,35960,724,32404,1032,16
2026-08-31,HC,华泰期货,37555,526,27855,361,17
2026-08-31,HC,国泰君安,38834,516,24092,59,18
2026-08-31,HC,永安期货,30394,280,26131,685,19
2026-08-31,HC,中信期货,27172,484,25917,696,20
2026-09-01,HC,五矿期货,79232,-437,62996,-860,1
2026-09-01,HC,新湖期货,73543,243,57124,383,2
2026-09-01,HC,宏源期货,69862,672,59876,-768,3
2026-09-01,HC,兴证期货,68368,924,57260,-237,4
2026-09-01,HC,国投安信,65584,870,58867,901,5
2026-09-01,HC,瑞达期货,62863,132,53893,-729,6
2026-09-01,HC,南华期货,60808,236,49696,-632,7
2026-09-01,HC,招商期货,57964,449,46806,34,8
2026-09-01,HC,广发期货,57351,1171,46914,-814,9
2026-09-01,HC,光大期货,49128,380,45401,394,10
2026-09-01,HC,浙商期货,50135,-405,39693,-282,11
2026-09-01,HC,方正中期,46778,1071,41347,718,12
2026-09-01,HC,申银万国,47464,723,35443,894,13
2026-09-01,HC,海通期货,46035,-706,35303,-19,14
2026-09-01,HC,东证期货,47107,277,26347,328,15
2026-09-01,HC,银河期货,36328,368,32331,-73,16
2026-09-01,HC,华泰期货,37900,345,28536,681,17
2026-09-01,HC,国泰君安,39423,589,24448,356,18
2026-09-01,HC,永安期货,31044,650,27040,909,19
2026-09-01,HC,中信期货,28253,1081,25241,-676,20
2026-09-02,HC,五矿期货,78749,-483,62738,-258,1
2026-09-02,HC,新湖期货,73987,444,57972,848,2
2026-09-02,HC,宏源期货,71047,1185,60792,916,3
2026-09-02,HC,兴证期货,69322,954,57664,404,4
2026-09-02,HC,国投安信,65310,-274,59409,542,5
2026-09-02,HC,瑞达期货,62864,1,53534,-359,6
2026-09-02,HC,南华期货,60693,-115,48949,-747,7
2026-09-02,HC,广发期货,57703,352,47363,449,8
2026-09-02,HC,招商期货,57859,-105,46000,-806,9
2026-09-02,HC,光大期货,48445,-683,46077,676,10
2026-09-02,HC,浙商期货,50637,502,40078,385,11
2026-09-02,HC,方正中期,47378,600,41631,284,12
2026-09-02,HC,申银万国,47467,3,35340,-103,13
2026-09-02,HC,海通期货,46831,796,35055,-248,14
2026-09-02,HC,东证期货,47182,75,26250,-97,15
2026-09-02,HC,银河期货,36906,578,31796,-535,16
2026-09-02,HC,华泰期货,38989,1089,28175,-361,17
2026-09-02,HC,国泰君安,39826,403,24658,210,18
2026-09-02,HC,永安期货,30881,-163,27629,589,19
2026-09-02,HC,中信期货,28479,226,25280,39,20
2026-09-03,HC,五矿期货,78701,-48,62430,-308,1
2026-09-03,HC,宏源期货,71124,77,60893,101,2
2026-09-03,HC,新湖期货,73938,-49,57069,-903,3
2026-09-03,HC,兴证期货,69855,533,58097,433,4
2026-09-03,HC,国投安信,65598,288,58660,-749,5
2026-09-03,HC,瑞达期货,63477,613,54462,928,6
2026-09-03,HC,南华期货,61275,582,49448,499,7
2026-09-03,HC,广发期货,58610,907,47936,573,8
2026-09-03,HC,招商期货,58734,875,45321,-679,9
2026-09-03,HC,光大期货,48426,-19,46454,377,10
2026-09-03,HC,浙商期货,51468,831,39810,-268,11
2026-09-03,HC,方正中期,47222,-156,41835,204,12
2026-09-03,HC,申银万国,47895,428,35851,511,13
2026-09-03,HC,海通期货,47962,1131,34288,-767,14
2026-09-03,HC,东证期货,47942,760,26746,496,15
2026-09-03,HC,银河期货,36871,-35,32279,483,16
2026-09-03,HC,华泰期货,39001,12,27499,-676,17
2026-09-03,HC,国泰君安,41033,1207,24514,-144,18
2026-09-03,HC,永安期货,30377,-504,27962,333,19
2026-09-03,HC,中信期货,29168,689,24709,-571,20
2026-09-04,HC,五矿期货,79759,1058,61829,-601,1
2026-09-04,HC,宏源期货,71752,628,61532,639,2
2026-09-04,HC,新湖期货,74427,489,57785,716,3
2026-09-04,HC,兴证期货,69435,-420,58859,762,4
2026-09-04,HC,国投安信,65123,-475,58052,-608,5
2026-09-04,HC,瑞达期货,63910,433,54293,-169,6
2026-09-04,HC,南华期货,62279,1004,50077,629,7
2026-09-04,HC,广发期货,59085,475,47264,-672,8
2026-09-04,HC,招商期货,59299,565,45070,-251,9
2026-09-04,HC,光大期货,49148,722,47323,869,10
2026-09-04,HC,浙商期货,51756,288,38947,-863,11
2026-09-04,HC,方正中期,47537,315,42605,770,12
2026-09-04,HC,申银万国,48719,824,35118,-733,13
2026-09-04,HC,海通期货,48211,249,34926,638,14
2026-09-04,HC,东证期货,47589,-353,26044,-702,15
2026-09-04,HC,银河期货,36664,-207,31700,-579,16
2026-09-04,HC,华泰期货,38816,-185,28288,789,17
2026-09-04,HC,国泰君安,41358,325,24047,-467,18
2026-09-04,HC,永安期货,30076,-301,27540,-422,19
2026-09-04,HC,中信期货,29197,29,25418,709,20
2026-07-27,I,五矿期货,71747,544,64901,110,1
2026-07-27,I,新湖期货,69224,-616,63506,704,2
2026-07-27,I,宏源期货,66581,525,60369,852,3
2026-07-27,I,兴证期货,64766,799,56560,117,4
2026-07-27,I,国投安信,62000,-313,55338,1028,5
2026-07-27,I,瑞达期货,58501,-619,51148,-772,6
2026-07-27,I,广发期货,55933,720,50617,-551,7
2026-07-27,I,南华期货,53397,431,47760,-164,8
2026-07-27,I,招商期货,51281,818,46030,613,9
2026-07-27,I,浙商期货,50366,1006,43366,-648,10
2026-07-27,I,光大期货,45321,-843,41861,-198,11
2026-07-27,I,方正中期,43758,-133,38463,-391,12
2026-07-27,I,海通期货,40796,-110,36521,-683,13
2026-07-27,I,申银万国,38586,-135,33526,-368,14
2026-07-27,I,华泰期货,35090,-89,32245,178,15
2026-07-27,I,东证期货,32627,69,30026,-661,16
2026-07-27,I,银河期货,30102,-65,27322,-716,17
2026-07-27,I,国泰君安,27515,143,26760,1041,18
2026-07-27,I,中信期货,25156,-326,23994,902,19
2026-07-27,I,永安期货,22399,-593,20572,1094,20
2026-07-28,I,五矿期货,72024,277,64546,-355,1
2026-07-28,I,新湖期货,69618,394,63711,205,2
2026-07-28,I,宏源期货,66778,197,59552,-817,3
2026-07-28,I,兴证期货,64889,123,56932,372,4
2026-07-28,I,国投安信,62813,813,56341,1003,5
2026-07-28,I,瑞达期货,57729,-772,50525,-623,6
2026-07-28,I,广发期货,56308,375,50703,86,7
2026-07-28,I,南华期货,53805,408,48535,775,8
2026-07-28,I,招商期货,50869,-412,46039,9,9
2026-07-28,I,浙商期货,49715,-651,42613,-753,10
2026-07-28,I,光大期货,44907,-414,41627,-234,11
2026-07-28,I,方正中期,44447,689,38203,-260,12
2026-07-28,I,海通期货,40762,-34,35898,-623,13
2026-07-28,I,申银万国,38932,346,33756,230,14
2026-07-28,I,华泰期货,35313,223,32884,639,15
2026-07-28,I,东证期货,33557,930,29562,-464,16
2026-07-28,I,银河期货,29846,-256,26993,-329,17
2026-07-28,I,国泰君安,26897,-618,26028,-732,18
2026-07-28,I,中信期货,24386,-770,25079,1085,19
2026-07-28,I,永安期货,22537,138,21062,490,20
2026-07-29,I,五矿期货,71617,-407,65197,651,1
2026-07-29,I,新湖期货,68856,-762,63567,-144,2
2026-07-29,I,宏源期货,66609,-169,60316,764,3
2026-07-29,I,兴证期货,65519,630,56115,-817,4
2026-07-29,I,国投安信,62677,-136,56010,-331,5
2026-07-29,I,瑞达期货,58130,401,50467,-58,6
2026-07-29,I,广发期货,56370,62,49942,-761,7
2026-07-29,I,南华期货,53704,-101,49473,938,8
2026-07-29,I,招商期货,51103,234,45230,-809,9
2026-07-29,I,浙商期货,50425,710,42802,189,10
2026-07-29,I,光大期货,45121,214,41816,189,11
2026-07-29,I,方正中期,43685,-762,38430,227,12
2026-07-29,I,海通期货,40934,172,35786,-112,13
2026-07-29,I,申银万国,39400,468,33081,-675,14
2026-07-29,I,华泰期货,34796,-517,33394,510,15
2026-07-29,I,东证期货,33945,388,29645,83,16
2026-07-29,I,银河期货,29788,-58,26715,-278,17
2026-07-29,I,国泰君安,26120,-777,26517,489,18
2026-07-29,I,中信期货,24202,-184,25188,109,19
2026-07-29,I,永安期货,23228,691,20586,-476,20
2026-07-30,I,五矿期货,71363,-254,64982,-215,1
2026-07-30,I,新湖期货,69770,914,62802,-765,2
2026-07-30,I,宏源期货,67329,720,59874,-442,3
2026-07-30,I,兴证期货,65031,-488,55354,-761,4
2026-07-30,I,国投安信,61852,-825,55760,-250,5
2026-07-30,I,瑞达期货,58819,689,50554,87,6
2026-07-30,I,广发期货,55599,-771,50558,616,7
2026-07-30,I,南华期货,54465,761,48899,-574,8
2026-07-30,I,招商期货,51496,393,44753,-477,9
2026-07-30,I,浙商期货,50949,524,42932,130,10
2026-07-30,I,光大期货,45623,502,41917,101,11
2026-07-30,I,方正中期,44485,800,39175,745,12
2026-07-30,I,海通期货,41350,416,35294,-492,13
2026-07-30,I,申银万国,39193,-207,33897,816,14
2026-07-30,I,华泰期货,34617,-179,33662,268,15
2026-07-30,I,东证期货,33438,-507,28965,-680,16
2026-07-30,I,银河期货,30557,769,26625,-90,17
2026-07-30,I,国泰君安,26531,411,27252,735,18
2026-07-30,I,中信期货,23634,-568,25998,810,19
2026-07-30,I,永安期货,23793,565,21102,516,20
2026-07-31,I,五矿期货,71526,163,64678,-304,1
2026-07-31,I,新湖期货,70762,992,63584,782,2
2026-07-31,I,宏源期货,67447,118,59776,-98,3
2026-07-31,I,兴证期货,65147,116,55921,567,4
2026-07-31,I,国投安信,61646,-206,55292,-468,5
2026-07-31,I,瑞达期货,59877,1058,50495,-59,6
2026-07-31,I,广发期货,55599,0,51540,982,7
2026-07-31,I,南华期货,54384,-81,49571,672,8
2026-07-31,I,招商期货,51490,-6,45724,971,9
2026-07-31,I,浙商期货,51686,737,42835,-97,10
2026-07-31,I,光大期货,45282,-341,41321,-596,11
2026-07-31,I,方正中期,44927,442,39004,-171,12
2026-07-31,I,海通期货,40547,-803,36217,923,13
2026-07-31,I,申银万国,40058,865,34646,749,14
2026-07-31,I,华泰期货,34302,-315,33543,-119,15
2026-07-31,I,东证期货,33982,544,28586,-379,16
2026-07-31,I,银河期货,29851,-706,27397,772,17
2026-07-31,I,国泰君安,26720,189,27000,-252,18
2026-07-31,I,中信期货,24523,889,26340,342,19
2026-07-31,I,永安期货,24068,275,21147,45,20
2026-08-03,I,五矿期货,70779,-747,65202,524,1
2026-08-03,I,新湖期货,71482,720,62851,-733,2
2026-08-03,I,宏源期货,67109,-338,60235,459,3
2026-08-03,I,兴证期货,65506,359,55961,40,4
2026-08-03,I,国投安信,62612,966,55164,-128,5
2026-08-03,I,瑞达期货,60465,588,51426,931,6
2026-08-03,I,广发期货,55614,15,50776,-764,7
2026-08-03,I,南华期货,54393,9,49440,-131,8
2026-08-03,I,招商期货,50931,-559,46286,562,9
2026-08-03,I,浙商期货,52255,569,42857,22,10
2026-08-03,I,光大期货,45295,13,41705,384,11
2026-08-03,I,方正中期,44632,-295,38781,-223,12
2026-08-03,I,海通期货,40318,-229,36720,503,13
2026-08-03,I,申银万国,39368,-690,33959,-687,14
2026-08-03,I,华泰期货,34003,-299,33350,-193,15
2026-08-03,I,东证期货,33571,-411,28933,347,16
2026-08-03,I,银河期货,30304,453,28311,914,17
2026-08-03,I,国泰君安,26101,-619,27111,111,18
2026-08-03,I,中信期货,25232,709,26439,99,19
2026-08-03,I,永安期货,24928,860,20546,-601,20
2026-08-04,I,五矿期货,70963,184,65103,-99,1
2026-08-04,I,新湖期货,71757,275,62282,-569,2
2026-08-04,I,宏源期货,67771,662,59542,-693,3
2026-08-04,I,兴证期货,65367,-139,56020,59,4
2026-08-04,I,国投安信,62633,21,55073,-91,5
2026-08-04,I,瑞达期货,59879,-586,51966,540,6
2026-08-04,I,广发期货,54780,-834,51165,389,7
2026-08-04,I,南华期货,54277,-116,49751,311,8
2026-08-04,I,招商期货,50781,-150,46177,-109,9
2026-08-04,I,浙商期货,52949,694,43328,471,10
2026-08-04,I,光大期货,44532,-763,41338,-367,11
2026-08-04,I,方正中期,43803,-829,38189,-592,12
2026-08-04,I,海通期货,41018,700,36767,47,13
2026-08-04,I,申银万国,39712,344,34497,538,14
2026-08-04,I,华泰期货,33395,-608,34238,888,15
2026-08-04,I,东证期货,34742,1171,28226,-707,16
2026-08-04,I,银河期货,30915,611,27868,-443,17
2026-08-04,I,国泰君安,26961,860,27876,765,18
2026-08-04,I,中信期货,25196,-36,26719,280,19
2026-08-04,I,永安期货,25453,525,20607,61,20
2026-08-05,I,五矿期货,71459,496,65984,881,1
2026-08-05,I,新湖期货,71036,-721,63091,809,2
2026-08-05,I,宏源期货,68331,560,59603,61,3
2026-08-05,I,兴证期货,64820,-547,57010,990,4
2026-08-05,I,国投安信,61884,-749,55148,75,5
2026-08-05,I,瑞达期货,59256,-623,52862,896,6
2026-08-05,I,南华期货,55253,976,49906,155,7
2026-08-05,I,广发期货,54289,-491,50566,-599,8
2026-08-05,I,招商期货,50465,-316,46748,571,9
2026-08-05,I,浙商期货,52488,-461,43731,403,10
2026-08-05,I,光大期货,45073,541,41401,63,11
2026-08-05,I,方正中期,44490,687,37872,-317,12
2026-08-05,I,海通期货,40359,-659,36453,-314,13
2026-08-05,I,申银万国,40682,970,34797,300,14
2026-08-05,I,华泰期货,33555,160,34180,-58,15
2026-08-05,I,东证期货,34343,-399,28478,252,16
2026-08-05,I,银河期货,30188,-727,28604,736,17
2026-08-05,I,国泰君安,26692,-269,27338,-538,18
2026-08-05,I,中信期货,25746,550,26519,-200,19
2026-08-05,I,永安期货,25488,35,20480,-127,20
2026-08-06,I,五矿期货,71812,353,66944,960,1
2026-08-06,I,新湖期货,71265,229,62506,-585,2
2026-08-06,I,宏源期货,68388,57,60398,795,3
2026-08-06,I,兴证期货,65092,272,56915,-95,4
2026-08-06,I,国投安信,61723,-161,55432,284,5
2026-08-06,I,瑞达期货,59367,111,52065,-797,6
2026-08-06,I,南华期货,55975,722,49340,-566,7
2026-08-06,I,广发期货,53873,-416,51334,768,8
2026-08-06,I,招商期货,49813,-652,46309,-439,9
2026-08-06,I,浙商期货,52629,141,43340,-391,10
2026-08-06,I,光大期货,45798,725,41291,-110,11
2026-08-06,I,方正中期,44896,406,37378,-494,12
2026-08-06,I,海通期货,41358,999,37037,584,13
2026-08-06,I,申银万国,41239,557,35400,603,14
2026-08-06,I,华泰期货,34398,843,33652,-528,15
2026-08-06,I,东证期货,35388,1045,28322,-156,16
2026-08-06,I,银河期货,30518,330,28428,-176,17
2026-08-06,I,国泰君安,26044,-648,27694,356,18
2026-08-06,I,中信期货,25677,-69,27202,683,19
2026-08-06,I,永安期货,25362,-126,21077,597,20
2026-08-07,I,五矿期货,71025,-787,67796,852,1
2026-08-07,I,新湖期货,72230,965,63434,928,2
2026-08-07,I,宏源期货,68374,-14,60577,179,3
2026-08-07,I,兴证期货,66170,1078,56329,-586,4
2026-08-07,I,国投安信,61195,-528,56154,722,5
2026-08-07,I,瑞达期货,59777,410,52418,353,6
2026-08-07,I,南华期货,56873,898,50187,847,7
2026-08-07,I,广发期货,54570,697,51613,279,8
2026-08-07,I,浙商期货,53121,492,43549,209,9
2026-08-07,I,招商期货,49618,-195,45721,-588,10
2026-08-07,I,光大期货,45819,21,41395,104,11
2026-08-07,I,方正中期,45311,415,36679,-699,12
2026-08-07,I,海通期货,40714,-644,36836,-201,13
2026-08-07,I,申银万国,41516,277,34701,-699,14
2026-08-07,I,华泰期货,34336,-62,34488,836,15
2026-08-07,I,东证期货,35449,61,29127,805,16
2026-08-07,I,银河期货,30718,200,28734,306,17
2026-08-07,I,国泰君安,26732,688,28396,702,18
2026-08-07,I,中信期货,25530,-147,27247,45,19
2026-08-07,I,永安期货,24758,-604,20441,-636,20
2026-08-10,I,五矿期货,71364,339,67637,-159,1
2026-08-10,I,新湖期货,72805,575,64431,997,2
2026-08-10,I,宏源期货,68823,449,61005,428,3
2026-08-10,I,兴证期货,65585,-585,55829,-500,4
2026-08-10,I,国投安信,61507,312,56493,339,5
2026-08-10,I,瑞达期货,60189,412,51913,-505,6
2026-08-10,I,南华期货,57231,358,50429,242,7
2026-08-10,I,广发期货,53861,-709,51792,179,8
2026-08-10,I,浙商期货,52783,-338,42955,-594,9
2026-08-10,I,招商期货,49998,380,45491,-230,10
2026-08-10,I,光大期货,46219,400,41673,278,11
2026-08-10,I,方正中期,44924,-387,36231,-448,12
2026-08-10,I,海通期货,41546,832,36147,-689,13
2026-08-10,I,申银万国,42448,932,34432,-269,14
2026-08-10,I,华泰期货,35376,1040,34700,212,15
2026-08-10,I,东证期货,35130,-319,29065,-62,16
2026-08-10,I,银河期货,30598,-120,29416,682,17
2026-08-10,I,国泰君安,26289,-443,27957,-439,18
2026-08-10,I,中信期货,25063,-467,27099,-148,19
2026-08-10,I,永安期货,24232,-526,20732,291,20
2026-08-11,I,五矿期货,70586,-778,67110,-527,1
2026-08-11,I,新湖期货,72054,-751,64991,560,2
2026-08-11,I,宏源期货,68532,-291,61083,78,3
2026-08-11,I,兴证期货,66087,502,55810,-19,4
2026-08-11,I,国投安信,62255,748,57296,803,5
2026-08-11,I,瑞达期货,60278,89,51564,-349,6
2026-08-11,I,南华期货,57448,217,50172,-257,7
2026-08-11,I,广发期货,54275,414,51560,-232,8
2026-08-11,I,招商期货,50918,920,45925,434,9
2026-08-11,I,浙商期货,51945,-838,43124,169,10
2026-08-11,I,光大期货,46584,365,42131,458,11
2026-08-11,I,方正中期,45195,271,36234,3,12
2026-08-11,I,海通期货,41077,-469,36867,720,13
2026-08-11,I,申银万国,42090,-358,34915,483,14
2026-08-11,I,华泰期货,36055,679,35031,331,15
2026-08-11,I,东证期货,34443,-687,29608,543,16
2026-08-11,I,银河期货,29876,-722,28812,-604,17
2026-08-11,I,国泰君安,27199,910,28956,999,18
2026-08-11,I,中信期货,25437,374,26413,-686,19
2026-08-11,I,永安期货,25177,945,21854,1122,20
2026-08-12,I,五矿期货,71657,1071,68032,922,1
2026-08-12,I,新湖期货,72010,-44,64649,-342,2
2026-08-12,I,宏源期货,69401,869,61493,410,3
2026-08-12,I,兴证期货,65781,-306,55746,-64,4
2026-08-12,I,国投安信,61553,-702,56549,-747,5
2026-08-12,I,瑞达期货,59885,-393,51002,-562,6
2026-08-12,I,南华期货,57503,55,49572,-600,7
2026-08-12,I,广发期货,53922,-353,51630,70,8
2026-08-12,I,招商期货,50671,-247,45570,-355,9
2026-08-12,I,浙商期货,52195,250,42491,-633,10
2026-08-12,I,光大期货,46442,-142,42335,204,11
2026-08-12,I,方正中期,44562,-633,36941,707,12
2026-08-12,I,申银万国,42693,603,35827,912,13
2026-08-12,I,海通期货,40884,-193,36833,-34,14
2026-08-12,I,华泰期货,36626,571,34834,-197,15
2026-08-12,I,东证期货,34303,-140,30602,994,16
2026-08-12,I,银河期货,30338,462,28336,-476,17
2026-08-12,I,国泰君安,26836,-363,28882,-74,18
2026-08-12,I,中信期货,25648,211,26594,181,19
2026-08-12,I,永安期货,25297,120,21935,81,20
2026-08-13,I,五矿期货,71720,63,67767,-265,1
2026-08-13,I,新湖期货,72449,439,65176,527,2
2026-08-13,I,宏源期货,70308,907,62369,876,3
2026-08-13,I,兴证期货,65894,113,56119,373,4
2026-08-13,I,国投安信,60756,-797,56275,-274,5
2026-08-13,I,瑞达期货,59707,-178,50251,-751,6
2026-08-13,I,南华期货,58582,1079,49215,-357,7
2026-08-13,I,广发期货,53462,-460,51974,344,8
2026-08-13,I,招商期货,50806,135,45656,86,9
2026-08-13,I,浙商期货,53230,1035,42446,-45,10
2026-08-13,I,光大期货,45589,-853,41669,-666,11
2026-08-13,I,方正中期,44293,-269,37109,168,12
2026-08-13,I,海通期货,41005,121,37783,950,13
2026-08-13,I,申银万国,42847,154,35933,106,14
2026-08-13,I,华泰期货,36052,-574,35004,170,15
2026-08-13,I,东证期货,33911,-392,31394,792,16
2026-08-13,I,银河期货,31034,696,28206,-130,17
2026-08-13,I,国泰君安,27968,1132,29295,413,18
2026-08-13,I,中信期货,26534,886,26494,-100,19
2026-08-13,I,永安期货,26364,1067,21492,-443,20
2026-08-14,I,五矿期货,72447,727,67611,-156,1
2026-08-14,I,新湖期货,72355,-94,65090,-86,2
2026-08-14,I,宏源期货,69671,-637,61717,-652,3
2026-08-14,I,兴证期货,66245,351,55512,-607,4
2026-08-14,I,国投安信,61132,376,56818,543,5
2026-08-14,I,瑞达期货,59379,-328,51091,840,6
2026-08-14,I,南华期货,58714,132,49287,72,7
2026-08-14,I,广发期货,54127,665,52250,276,8
2026-08-14,I,招商期货,50056,-750,45597,-59,9
2026-08-14,I,浙商期货,53463,233,42187,-259,10
2026-08-14,I,光大期货,45087,-502,41561,-108,11
2026-08-14,I,方正中期,44560,267,37409,300,12
2026-08-14,I,海通期货,40925,-80,37037,-746,13
2026-08-14,I,申银万国,42696,-151,35175,-758,14
2026-08-14,I,华泰期货,36716,664,34979,-25,15
2026-08-14,I,东证期货,34620,709,31373,-21,16
2026-08-14,I,银河期货,32061,1027,27977,-229,17
2026-08-14,I,国泰君安,28070,102,28799,-496,18
2026-08-14,I,中信期货,27489,955,25944,-550,19
2026-08-14,I,永安期货,26683,319,20738,-754,20
2026-08-17,I,五矿期货,72637,190,67764,153,1
2026-08-17,I,新湖期货,73151,796,65283,193,2
2026-08-17,I,宏源期货,69459,-212,61905,188,3
2026-08-17,I,兴证期货,65957,-288,55877,365,4
2026-08-17,I,国投安信,61746,614,57693,875,5
2026-08-17,I,瑞达期货,59283,-96,51503,412,6
2026-08-17,I,南华期货,58485,-229,49692,405,7
2026-08-17,I,广发期货,53879,-248,51732,-518,8
2026-08-17,I,浙商期货,53804,341,43166,979,9
2026-08-17,I,招商期货,50211,155,45033,-564,10
2026-08-17,I,光大期货,45122,35,41016,-545,11
2026-08-17,I,方正中期,44630,70,37622,213,12
2026-08-17,I,海通期货,40707,-218,37833,796,13
2026-08-17,I,申银万国,42076,-620,35786,611,14
2026-08-17,I,华泰期货,35908,-808,34208,-771,15
2026-08-17,I,东证期货,34864,244,30685,-688,16
2026-08-17,I,银河期货,32323,262,28029,52,17
2026-08-17,I,国泰君安,27697,-373,29262,463,18
2026-08-17,I,中信期货,28255,766,25469,-475,19
2026-08-17,I,永安期货,27045,362,20716,-22,20
2026-08-18,I,五矿期货,73323,686,68636,872,1
2026-08-18,I,新湖期货,73727,576,65702,419,2
2026-08-18,I,宏源期货,69632,173,62343,438,3
2026-08-18,I,兴证期货,66040,83,55376,-501,4
2026-08-18,I,国投安信,60951,-795,58038,345,5
2026-08-18,I,瑞达期货,58849,-434,52130,627,6
2026-08-18,I,南华期货,59188,703,50431,739,7
2026-08-18,I,广发期货,54163,284,52064,332,8
2026-08-18,I,浙商期货,54126,322,43287,121,9
2026-08-18,I,招商期货,49854,-357,45525,492,10
2026-08-18,I,光大期货,45510,388,40220,-796,11
2026-08-18,I,方正中期,45516,886,38181,559,12
2026-08-18,I,海通期货,41647,940,38468,635,13
2026-08-18,I,申银万国,41806,-270,36567,781,14
2026-08-18,I,华泰期货,35861,-47,34553,345,15
2026-08-18,I,东证期货,35463,599,30139,-546,16
2026-08-18,I,银河期货,32297,-26,27937,-92,17
2026-08-18,I,国泰君安,28587,890,28526,-736,18
2026-08-18,I,中信期货,28088,-167,25671,202,19
2026-08-18,I,永安期货,27716,671,21098,382,20
2026-08-19,I,五矿期货,73194,-129,68428,-208,1
2026-08-19,I,新湖期货,73806,79,65928,226,2
2026-08-19,I,宏源期货,69397,-235,62849,506,3
2026-08-19,I,兴证期货,65564,-476,55674,298,4
2026-08-19,I,国投安信,60333,-618,58250,212,5
2026-08-19,I,南华期货,60075,887,51318,887,6
2026-08-19,I,瑞达期货,58076,-773,52725,595,7
2026-08-19,I,广发期货,54769,606,52703,639,8
2026-08-19,I,浙商期货,54813,687,43689,402,9
2026-08-19,I,招商期货,50839,985,45640,115,10
2026-08-19,I,光大期货,45450,-60,40397,177,11
2026-08-19,I,方正中期,46030,514,37748,-433,12
2026-08-19,I,海通期货,41057,-590,38463,-5,13
2026-08-19,I,申银万国,41548,-258,36574,7,14
2026-08-19,I,华泰期货,34999,-862,34606,53,15
2026-08-19,I,东证期货,34908,-555,29759,-380,16
2026-08-19,I,银河期货,32689,392,28601,664,17
2026-08-19,I,国泰君安,28303,-284,27820,-706,18
2026-08-19,I,中信期货,28990,902,26295,624,19
2026-08-19,I,永安期货,27714,-2,20630,-468,20
2026-08-20,I,五矿期货,73441,247,69206,778,1
2026-08-20,I,新湖期货,73888,82,65792,-136,2
2026-08-20,I,宏源期货,69498,101,62648,-201,3
2026-08-20,I,兴证期货,66077,513,56267,593,4
2026-08-20,I,国投安信,60876,543,57824,-426,5
2026-08-20,I,瑞达期货,58755,679,52466,-259,6
2026-08-20,I,南华期货,59786,-289,50928,-390,7
2026-08-20,I,广发期货,55797,1028,52462,-241,8
2026-08-20,I,浙商期货,55873,1060,43343,-346,9
2026-08-20,I,招商期货,50510,-329,45932,292,10
2026-08-20,I,光大期货,45541,91,39940,-457,11
2026-08-20,I,方正中期,45671,-359,38147,399,12
2026-08-20,I,海通期货,41802,745,39032,569,13
2026-08-20,I,申银万国,42042,494,37041,467,14
2026-08-20,I,华泰期货,35875,876,35232,626,15
2026-08-20,I,东证期货,35512,604,30570,811,16
2026-08-20,I,银河期货,33027,338,28556,-45,17
2026-08-20,I,中信期货,29151,161,27393,1098,18
2026-08-20,I,国泰君安,28614,311,27751,-69,19
2026-08-20,I,永安期货,28893,1179,20214,-416,20
2026-08-21,I,五矿期货,73801,360,69873,667,1
2026-08-21,I,新湖期货,73269,-619,65165,-627,2
2026-08-21,I,宏源期货,70023,525,62354,-294,3
2026-08-21,I,兴证期货,65732,-345,56568,301,4
2026-08-21,I,国投安信,61671,795,58077,253,5
2026-08-21,I,南华期货,60229,443,50603,-325,6
2026-08-21,I,瑞达期货,58293,-462,52029,-437,7
2026-08-21,I,广发期货,56427,630,52593,131,8
2026-08-21,I,浙商期货,55134,-739,43202,-141,9
2026-08-21,I,招商期货,51502,992,45987,55,10
2026-08-21,I,光大期货,45230,-311,40552,612,11
2026-08-21,I,方正中期,45365,-306,37383,-764,12
2026-08-21,I,海通期货,42549,747,38481,-551,13
2026-08-21,I,申银万国,43097,1055,37774,733,14
2026-08-21,I,华泰期货,36651,776,35088,-144,15
2026-08-21,I,东证期货,36566,1054,30608,38,16
2026-08-21,I,银河期货,33359,332,28563,7,17
2026-08-21,I,国泰君安,29008,394,28366,615,18
2026-08-21,I,中信期货,28960,-191,26872,-521,19
2026-08-21,I,永安期货,29590,697,20004,-210,20
2026-08-24,I,五矿期货,74223,422,69144,-729,1
2026-08-24,I,新湖期货,73026,-243,64899,-266,2
2026-08-24,I,宏源期货,71097,1074,62092,-262,3
2026-08-24,I,兴证期货,65240,-492,57266,698,4
2026-08-24,I,国投安信,61748,77,58559,482,5
2026-08-24,I,瑞达期货,59191,898,52153,124,6
2026-08-24,I,南华期货,60162,-67,51090,487,7
2026-08-24,I,广发期货,57441,1014,53546,953,8
2026-08-24,I,招商期货,52504,1002,45460,-527,9
2026-08-24,I,浙商期货,54244,-890,43479,277,10
2026-08-24,I,光大期货,45908,678,39983,-569,11
2026-08-24,I,方正中期,44670,-695,37928,545,12
2026-08-24,I,海通期货,43118,569,38598,117,13
2026-08-24,I,申银万国,43043,-54,37600,-174,14
2026-08-24,I,华泰期货,35858,-793,34443,-645,15
2026-08-24,I,东证期货,37092,526,30314,-294,16
2026-08-24,I,银河期货,33666,307,28255,-308,17
2026-08-24,I,国泰君安,29599,591,29449,1083,18
2026-08-24,I,中信期货,28676,-284,26205,-667,19
2026-08-24,I,永安期货,30011,421,19724,-280,20
2026-08-25,I,五矿期货,73542,-681,68980,-164,1
2026-08-25,I,新湖期货,73289,263,65283,384,2
2026-08-25,I,宏源期货,70215,-882,61853,-239,3
2026-08-25,I,兴证期货,66135,895,56492,-774,4
2026-08-25,I,国投安信,62744,996,58301,-258,5
2026-08-25,I,瑞达期货,60261,1070,53089,936,6
2026-08-25,I,广发期货,58459,1018,54229,683,7
2026-08-25,I,南华期货,60276,114,50621,-469,8
2026-08-25,I,招商期货,52417,-87,46223,763,9
2026-08-25,I,浙商期货,53418,-826,44341,862,10
2026-08-25,I,光大期货,45368,-540,41016,1033,11
2026-08-25,I,方正中期,45576,906,38793,865,12
2026-08-25,I,申银万国,44013,970,38637,1037,13
2026-08-25,I,海通期货,42576,-542,38603,5,14
2026-08-25,I,华泰期货,36876,1018,33669,-774,15
2026-08-25,I,东证期货,37792,700,31285,971,16
2026-08-25,I,银河期货,33981,315,28997,742,17
2026-08-25,I,国泰君安,29994,395,29154,-295,18
2026-08-25,I,中信期货,28079,-597,26770,565,19
2026-08-25,I,永安期货,31090,1079,20528,804,20
2026-08-26,I,五矿期货,74335,793,69005,25,1
2026-08-26,I,新湖期货,74226,937,65263,-20,2
2026-08-26,I,宏源期货,71068,853,62311,458,3
2026-08-26,I,兴证期货,65594,-541,56893,401,4
2026-08-26,I,国投安信,63394,650,57846,-455,5
2026-08-26,I,瑞达期货,60523,262,53620,531,6
2026-08-26,I,广发期货,59178,719,53983,-246,7
2026-08-26,I,南华期货,60884,608,50461,-160,8
2026-08-26,I,浙商期货,53044,-374,44962,621,9
2026-08-26,I,招商期货,51898,-519,45401,-822,10
2026-08-26,I,光大期货,45407,39,41493,477,11
2026-08-26,I,方正中期,45008,-568,39440,647,12
2026-08-26,I,申银万国,43507,-506,39443,806,13
2026-08-26,I,海通期货,41906,-670,38430,-173,14
2026-08-26,I,华泰期货,36934,58,33377,-292,15
2026-08-26,I,东证期货,38754,962,31547,262,16
2026-08-26,I,银河期货,35022,1041,28501,-496,17
2026-08-26,I,国泰君安,30287,293,29395,241,18
2026-08-26,I,中信期货,28612,533,27112,342,19
2026-08-26,I,永安期货,30892,-198,20688,160,20
2026-08-27,I,五矿期货,74464,129,70045,1040,1
2026-08-27,I,新湖期货,74156,-70,65818,555,2
2026-08-27,I,宏源期货,70796,-272,61788,-523,3
2026-08-27,I,兴证期货,64936,-658,56996,103,4
2026-08-27,I,国投安信,62621,-773,58363,517,5
2026-08-27,I,瑞达期货,61041,518,53253,-367,6
2026-08-27,I,广发期货,59616,438,53869,-114,7
2026-08-27,I,南华期货,60007,-877,50146,-315,8
2026-08-27,I,招商期货,52478,580,45724,323,9
2026-08-27,I,浙商期货,52762,-282,45304,342,10
2026-08-27,I,光大期货,45053,-354,41318,-175,11
2026-08-27,I,方正中期,45022,14,40133,693,12
2026-08-27,I,申银万国,42620,-887,39127,-316,13
2026-08-27,I,海通期货,41791,-115,38062,-368,14
2026-08-27,I,华泰期货,37950,1016,33035,-342,15
2026-08-27,I,东证期货,38951,197,31439,-108,16
2026-08-27,I,银河期货,34620,-402,28018,-483,17
2026-08-27,I,国泰君安,30877,590,28820,-575,18
2026-08-27,I,中信期货,28009,-603,27162,50,19
2026-08-27,I,永安期货,31167,275,20589,-99,20
2026-08-28,I,五矿期货,75352,888,70807,762,1
2026-08-28,I,新湖期货,74801,645,66188,370,2
2026-08-28,I,宏源期货,70402,-394,62331,543,3
2026-08-28,I,国投安信,63081,460,59203,840,4
2026-08-28,I,兴证期货,64483,-453,57706,710,5
2026-08-28,I,瑞达期货,61241,200,54045,792,6
2026-08-28,I,广发期货,59680,64,54570,701,7
2026-08-28,I,南华期货,60231,224,51165,1019,8
2026-08-28,I,招商期货,52429,-49,46311,587,9
2026-08-28,I,浙商期货,53102,340,45219,-85,10
2026-08-28,I,光大期货,45084,31,41999,681,11
2026-08-28,I,方正中期,45101,79,39596,-537,12
2026-08-28,I,申银万国,42172,-448,38725,-402,13
2026-08-28,I,海通期货,42851,1060,37485,-577,14
2026-08-28,I,东证期货,40047,1096,31273,-166,15
2026-08-28,I,华泰期货,37802,-148,33443,408,16
2026-08-28,I,银河期货,34080,-540,28556,538,17
2026-08-28,I,国泰君安,30733,-144,29463,643,18
2026-08-28,I,中信期货,28669,660,27968,806,19
2026-08-28,I,永安期货,32220,1053,21637,1048,20
2026-08-31,I,五矿期货,75503,151,70807,0,1
2026-08-31,I,新湖期货,74829,28,65608,-580,2
2026-08-31,I,宏源期货,71158,756,61594,-737,3
2026-08-31,I,国投安信,62367,-714,60193,990,4
2026-08-31,I,兴证期货,64628,145,57768,62,5
2026-08-31,I,瑞达期货,61535,294,54196,151,6
2026-08-31,I,广发期货,59200,-480,55188,618,7
2026-08-31,I,南华期货,59569,-662,51708,543,8
2026-08-31,I,浙商期货,52873,-229,46118,899,9
2026-08-31,I,招商期货,52594,165,46365,54,10
2026-08-31,I,光大期货,44490,-594,41485,-514,11
2026-08-31,I,方正中期,45373,272,39845,249,12
2026-08-31,I,申银万国,42393,221,39724,999,13
2026-08-31,I,海通期货,42986,135,37049,-436,14
2026-08-31,I,华泰期货,37028,-774,34290,847,15
2026-08-31,I,东证期货,40422,375,30732,-541,16
2026-08-31,I,银河期货,33459,-621,29664,1108,17
2026-08-31,I,国泰君安,31394,661,29433,-30,18
2026-08-31,I,中信期货,28803,134,28279,311,19
2026-08-31,I,永安期货,31607,-613,21943,306,20
2026-09-01,I,五矿期货,76576,1073,70817,10,1
2026-09-01,I,新湖期货,75422,593,66080,472,2
2026-09-01,I,宏源期货,71826,668,62057,463,3
2026-09-01,I,兴证期货,65302,674,57195,-573,4
2026-09-01,I,国投安信,62304,-63,59711,-482,5
2026-09-01,I,瑞达期货,60699,-836,53933,-263,6
2026-09-01,I,广发期货,58441,-759,55304,116,7
2026-09-01,I,南华期货,58792,-777,52689,981,8
2026-09-01,I,浙商期货,52678,-195,46702,584,9
2026-09-01,I,招商期货,51824,-770,46623,258,10
2026-09-01,I,光大期货,43682,-808,41502,17,11
2026-09-01,I,方正中期,45657,284,39144,-701,12
2026-09-01,I,申银万国,43165,772,38880,-844,13
2026-09-01,I,海通期货,43613,627,36645,-404,14
2026-09-01,I,东证期货,41123,701,30006,-726,15
2026-09-01,I,华泰期货,36938,-90,33961,-329,16
2026-09-01,I,银河期货,34331,872,29525,-139,17
2026-09-01,I,国泰君安,31560,166,30040,607,18
2026-09-01,I,中信期货,28141,-662,28653,374,19
2026-09-01,I,永安期货,31762,155,22327,384,20
2026-09-02,I,五矿期货,77362,786,70437,-380,1
2026-09-02,I,新湖期货,75611,189,66006,-74,2
2026-09-02,I,宏源期货,72041,215,62075,18,3
2026-09-02,I,兴证期货,65781,479,57817,622,4
2026-09-02,I,国投安信,62015,-289,59809,98,5
2026-09-02,I,瑞达期货,61347,648,53129,-804,6
2026-09-02,I,广发期货,59250,809,54461,-843,7
2026-09-02,I,南华期货,59382,590,52295,-394,8
2026-09-02,I,浙商期货,52878,200,46656,-46,9
2026-09-02,I,招商期货,52007,183,46033,-590,10
2026-09-02,I,方正中期,46518,861,39006,-138,11
2026-09-02,I,光大期货,43024,-658,41017,-485,12
2026-09-02,I,申银万国,44056,891,39134,254,13
2026-09-02,I,海通期货,42985,-628,37133,488,14
2026-09-02,I,华泰期货,37436,498,34466,505,15
2026-09-02,I,东证期货,41112,-11,29400,-606,16
2026-09-02,I,银河期货,35408,1077,29528,3,17
2026-09-02,I,国泰君安,32560,1000,31148,1108,18
2026-09-02,I,中信期货,28144,3,28801,148,19
2026-09-02,I,永安期货,31748,-14,23382,1055,20
2026-09-03,I,五矿期货,77567,205,70031,-406,1
2026-09-03,I,新湖期货,75609,-2,65635,-371,2
2026-09-03,I,宏源期货,71231,-810,62048,-27,3
2026-09-03,I,兴证期货,65382,-399,58483,666,4
2026-09-03,I,国投安信,62901,886,59058,-751,5
2026-09-03,I,瑞达期货,61823,476,53719,590,6
2026-09-03,I,广发期货,59264,14,54835,374,7
2026-09-03,I,南华期货,59698,316,51513,-782,8
2026-09-03,I,浙商期货,52470,-408,46228,-428,9
2026-09-03,I,招商期货,51244,-763,45389,-644,10
2026-09-03,I,方正中期,47186,668,39965,959,11
2026-09-03,I,申银万国,44813,757,39636,502,12
2026-09-03,I,光大期货,43944,920,40199,-818,13
2026-09-03,I,海通期货,42943,-42,37542,409,14
2026-09-03,I,东证期货,41816,704,30197,797,15
2026-09-03,I,华泰期货,36767,-669,33681,-785,16
2026-09-03,I,银河期货,36547,1139,30550,1022,17
2026-09-03,I,国泰君安,32344,-216,30764,-384,18
2026-09-03,I,中信期货,28072,-72,28348,-453,19
2026-09-03,I,永安期货,31474,-274,23555,173,20
2026-09-04,I,五矿期货,77541,-26,70319,288,1
2026-09-04,I,新湖期货,75991,382,66175,540,2
2026-09-04,I,宏源期货,72197,966,61556,-492,3
2026-09-04,I,兴证期货,66283,901,59138,655,4
2026-09-04,I,国投安信,63141,240,59419,361,5
2026-09-04,I,瑞达期货,61486,-337,52993,-726,6
2026-09-04,I,广发期货,59210,-54,54600,-235,7
2026-09-04,I,南华期货,59865,167,51115,-398,8
2026-09-04,I,浙商期货,52188,-282,47172,944,9
2026-09-04,I,招商期货,50637,-607,45891,502,10
2026-09-04,I,方正中期,47663,477,40791,826,11
2026-09-04,I,申银万国,44566,-247,39968,332,12
2026-09-04,I,光大期货,43700,-244,39834,-365,13
2026-09-04,I,海通期货,43267,324,38274,732,14
2026-09-04,I,东证期货,42706,890,31303,1106,15
2026-09-04,I,华泰期货,37365,598,34010,329,16
2026-09-04,I,银河期货,36359,-188,30259,-291,17
2026-09-04,I,国泰君安,31850,-494,31025,261,18
2026-09-04,I,永安期货,32238,764,24553,998,19
2026-09-04,I,中信期货,28881,809,27693,-655,20
2026-07-27,J,五矿期货,72692,-352,64789,828,1
2026-07-27,J,新湖期货,68591,-520,62969,370,2
2026-07-27,J,宏源期货,68295,-198,61094,1114,3
2026-07-27,J,兴证期货,65650,431,56936,-342,4
2026-07-27,J,国投安信,61837,414,56919,477,5
2026-07-27,J,瑞达期货,60194,862,53388,-264,6
2026-07-27,J,广发期货,57428,534,51264,220,7
2026-07-27,J,南华期货,53079,-770,50059,769,8
2026-07-27,J,招商期货,53366,960,48328,758,9
2026-07-27,J,浙商期货,51312,909,44419,-371,10
2026-07-27,J,光大期货,46417,-979,40709,-327,11
2026-07-27,J,方正中期,45080,949,40192,1101,12
2026-07-27,J,海通期货,40958,-329,36983,-140,13
2026-07-27,J,申银万国,40673,770,36936,1097,14
2026-07-27,J,华泰期货,36612,-29,32020,-333,15
2026-07-27,J,东证期货,33365,254,30292,-236,16
2026-07-27,J,银河期货,32198,593,29367,695,17
2026-07-27,J,国泰君安,30117,669,26528,523,18
2026-07-27,J,中信期货,25605,-505,24928,967,19
2026-07-27,J,永安期货,25029,899,19761,-531,20
2026-07-28,J,五矿期货,72537,-155,64633,-156,1
2026-07-28,J,新湖期货,68767,176,63683,714,2
2026-07-28,J,宏源期货,69199,904,61530,436,3
2026-07-28,J,兴证期货,65174,-476,57309,373,4
2026-07-28,J,国投安信,61125,-712,56192,-727,5
2026-07-28,J,瑞达期货,59637,-557,54146,758,6
2026-07-28,J,广发期货,57570,142,52273,1009,7
2026-07-28,J,南华期货,52916,-163,49392,-667,8
2026-07-28,J,招商期货,53115,-251,48208,-120,9
2026-07-28,J,浙商期货,52174,862,44075,-344,10
2026-07-28,J,光大期货,47126,709,40604,-105,11
2026-07-28,J,方正中期,45031,-49,40991,799,12
2026-07-28,J,海通期货,41592,634,37702,719,13
2026-07-28,J,申银万国,40617,-56,36377,-559,14
2026-07-28,J,华泰期货,37409,797,32278,258,15
2026-07-28,J,东证期货,33211,-154,30662,370,16
2026-07-28,J,银河期货,31939,-259,29222,-145,17
2026-07-28,J,国泰君安,30555,438,26583,55,18
2026-07-28,J,中信期货,25669,64,25340,412,19
2026-07-28,J,永安期货,24718,-311,19860,99,20
2026-07-29,J,五矿期货,72600,63,63942,-691,1
2026-07-29,J,新湖期货,69717,950,63043,-640,2
2026-07-29,J,宏源期货,69299,100,62084,554,3
2026-07-29,J,兴证期货,66041,867,58370,1061,4
2026-07-29,J,国投安信,61115,-10,55808,-384,5
2026-07-29,J,瑞达期货,60102,465,54505,359,6
2026-07-29,J,广发期货,56906,-664,51799,-474,7
2026-07-29,J,南华期货,53534,618,49353,-39,8
2026-07-29,J,招商期货,52449,-666,48948,740,9
2026-07-29,J,浙商期货,52168,-6,44258,183,10
2026-07-29,J,光大期货,47430,304,41358,754,11
2026-07-29,J,方正中期,45021,-10,41712,721,12
2026-07-29,J,海通期货,42145,553,38624,922,13
2026-07-29,J,申银万国,40298,-319,36144,-233,14
2026-07-29,J,华泰期货,37739,330,32920,642,15
2026-07-29,J,东证期货,33343,132,31109,447,16
2026-07-29,J,银河期货,32755,816,29045,-177,17
2026-07-29,J,国泰君安,30442,-113,27069,486,18
2026-07-29,J,中信期货,25454,-215,25131,-209,19
2026-07-29,J,永安期货,24140,-578,19581,-279,20
2026-07-30,J,五矿期货,73069,469,63744,-198,1
2026-07-30,J,新湖期货,68741,-976,63367,324,2
2026-07-30,J,宏源期货,69131,-168,61348,-736,3
2026-07-30,J,兴证期货,66120,79,58739,369,4
2026-07-30,J,国投安信,60137,-978,55061,-747,5
2026-07-30,J,瑞达期货,60442,340,54744,239,6
2026-07-30,J,广发期货,57765,859,52028,229,7
2026-07-30,J,南华期货,53889,355,49855,502,8
2026-07-30,J,招商期货,52704,255,49494,546,9
2026-07-30,J,浙商期货,51922,-246,43621,-637,10
2026-07-30,J,光大期货,47455,25,41531,173,11
2026-07-30,J,方正中期,44029,-992,41399,-313,12
2026-07-30,J,海通期货,42583,438,38173,-451,13
2026-07-30,J,申银万国,39761,-537,35523,-621,14
2026-07-30,J,华泰期货,38454,715,33451,531,15
2026-07-30,J,东证期货,33297,-46,30710,-399,16
2026-07-30,J,银河期货,33430,675,28378,-667,17
2026-07-30,J,国泰君安,30920,478,26488,-581,18
2026-07-30,J,中信期货,24716,-738,26126,995,19
2026-07-30,J,永安期货,24968,828,20635,1054,20
2026-07-31,J,五矿期货,73795,726,63149,-595,1
2026-07-31,J,新湖期货,69131,390,64302,935,2
2026-07-31,J,宏源期货,68583,-548,61202,-146,3
2026-07-31,J,兴证期货,65608,-512,59406,667,4
2026-07-31,J,瑞达期货,61396,954,54815,71,5
2026-07-31,J,国投安信,60067,-70,55458,397,6
2026-07-31,J,广发期货,56916,-849,52032,4,7
2026-07-31,J,南华期货,54507,618,49907,52,8
2026-07-31,J,招商期货,52419,-285,49281,-213,9
2026-07-31,J,浙商期货,51428,-494,44530,909,10
2026-07-31,J,光大期货,47714,259,41849,318,11
2026-07-31,J,方正中期,43512,-517,41032,-367,12
2026-07-31,J,海通期货,42646,63,37717,-456,13
2026-07-31,J,申银万国,40631,870,34960,-563,14
2026-07-31,J,华泰期货,37811,-643,32910,-541,15
2026-07-31,J,东证期货,34058,761,31893,1183,16
2026-07-31,J,银河期货,33920,490,28579,201,17
2026-07-31,J,国泰君安,31695,775,27237,749,18
2026-07-31,J,中信期货,23861,-855,26474,348,19
2026-07-31,J,永安期货,25175,207,20542,-93,20
2026-08-03,J,五矿期货,73340,-455,62484,-665,1
2026-08-03,J,新湖期货,69281,150,64515,213,2
2026-08-03,J,宏源期货,68990,407,62259,1057,3
2026-08-03,J,兴证期货,66443,835,60423,1017,4
2026-08-03,J,瑞达期货,62268,872,54142,-673,5
2026-08-03,J,国投安信,59527,-540,55130,-328,6
2026-08-03,J,广发期货,57738,822,52353,321,7
2026-08-03,J,南华期货,55254,747,49342,-565,8
2026-08-03,J,招商期货,52087,-332,49679,398,9
2026-08-03,J,浙商期货,51738,310,45376,846,10
2026-08-03,J,光大期货,48435,721,41977,128,11
2026-08-03,J,方正中期,42671,-841,41295,263,12
2026-08-03,J,海通期货,43075,429,37307,-410,13
2026-08-03,J,申银万国,40925,294,34219,-741,14
2026-08-03,J,华泰期货,37775,-36,32264,-646,15
2026-08-03,J,东证期货,33940,-118,32344,451,16
2026-08-03,J,银河期货,33860,-60,28675,96,17
2026-08-03,J,国泰君安,30869,-826,26748,-489,18
2026-08-03,J,中信期货,24301,440,27349,875,19
2026-08-03,J,永安期货,25623,448,21619,1077,20
2026-08-04,J,五矿期货,73844,504,62010,-474,1
2026-08-04,J,新湖期货,69057,-224,65302,787,2
2026-08-04,J,宏源期货,69087,97,62178,-81,3
2026-08-04,J,兴证期货,66819,376,61499,1076,4
2026-08-04,J,瑞达期货,62418,150,55091,949,5
2026-08-04,J,国投安信,60256,729,55166,36,6
2026-08-04,J,广发期货,57882,144,52085,-268,7
2026-08-04,J,南华期货,54856,-398,48914,-428,8
2026-08-04,J,招商期货,51892,-195,49076,-603,9
2026-08-04,J,浙商期货,52187,449,46297,921,10
2026-08-04,J,光大期货,48965,530,42897,920,11
2026-08-04,J,方正中期,42863,192,40830,-465,12
2026-08-04,J,海通期货,44034,959,36971,-336,13
2026-08-04,J,申银万国,40559,-366,33491,-728,14
2026-08-04,J,华泰期货,37132,-643,33245,981,15
2026-08-04,J,东证期货,34397,457,31731,-613,16
2026-08-04,J,银河期货,34082,222,29149,474,17
2026-08-04,J,国泰君安,30553,-316,27909,1161,18
2026-08-04,J,中信期货,24812,511,28564,1215,19
2026-08-04,J,永安期货,26625,1002,21091,-528,20
2026-08-05,J,五矿期货,74187,343,62028,18,1
2026-08-05,J,新湖期货,69439,382,65741,439,2
2026-08-05,J,宏源期货,68961,-126,61798,-380,3
2026-08-05,J,兴证期货,67736,917,61507,8,4
2026-08-05,J,瑞达期货,62412,-6,54798,-293,5
2026-08-05,J,国投安信,59974,-282,55538,372,6
2026-08-05,J,广发期货,58476,594,52247,162,7
2026-08-05,J,南华期货,55144,288,48713,-201,8
2026-08-05,J,招商期货,51550,-342,48376,-700,9
2026-08-05,J,浙商期货,51989,-198,47121,824,10
2026-08-05,J,光大期货,49910,945,43356,459,11
2026-08-05,J,方正中期,43427,564,41327,497,12
2026-08-05,J,海通期货,43721,-313,37450,479,13
2026-08-05,J,申银万国,41266,707,32886,-605,14
2026-08-05,J,华泰期货,37017,-115,32960,-285,15
2026-08-05,J,东证期货,33616,-781,31251,-480,16
2026-08-05,J,银河期货,35187,1105,29177,28,17
2026-08-05,J,国泰君安,30688,135,28755,846,18
2026-08-05,J,中信期货,25405,593,28044,-520,19
2026-08-05,J,永安期货,27353,728,21822,731,20
2026-08-06,J,新湖期货,69478,39,65816,75,1
2026-08-06,J,五矿期货,73388,-799,61321,-707,2
2026-08-06,J,宏源期货,69091,130,62174,376,3
2026-08-06,J,兴证期货,67608,-128,61666,159,4
2026-08-06,J,瑞达期货,61611,-801,54309,-489,5
2026-08-06,J,国投安信,59142,-832,55161,-377,6
2026-08-06,J,广发期货,59025,549,52039,-208,7
2026-08-06,J,南华期货,55044,-100,48690,-23,8
2026-08-06,J,招商期货,50550,-1000,48247,-129,9
2026-08-06,J,浙商期货,51197,-792,46548,-573,10
2026-08-06,J,光大期货,49548,-362,43334,-22,11
2026-08-06,J,方正中期,43931,504,41364,37,12
2026-08-06,J,海通期货,44009,288,37005,-445,13
2026-08-06,J,申银万国,41713,447,33731,845,14
2026-08-06,J,华泰期货,36322,-695,32978,18,15
2026-08-06,J,银河期货,35757,570,28647,-530,16
2026-08-06,J,东证期货,32894,-722,31119,-132,17
2026-08-06,J,国泰君安,31432,744,28579,-176,18
2026-08-06,J,中信期货,25781,376,27968,-76,19
2026-08-06,J,永安期货,26638,-715,22723,901,20
2026-08-07,J,新湖期货,69033,-445,65918,102,1
2026-08-07,J,五矿期货,72991,-397,61552,231,2
2026-08-07,J,宏源期货,68423,-668,62304,130,3
2026-08-07,J,兴证期货,66896,-712,61035,-631,4
2026-08-07,J,瑞达期货,61151,-460,54165,-144,5
2026-08-07,J,国投安信,58681,-461,55410,249,6
2026-08-07,J,广发期货,58362,-663,51563,-476,7
2026-08-07,J,南华期货,55437,393,48709,19,8
2026-08-07,J,招商期货,50607,57,47834,-413,9
2026-08-07,J,浙商期货,50684,-513,46959,411,10
2026-08-07,J,光大期货,49683,135,44427,1093,11
2026-08-07,J,方正中期,44405,474,42449,1085,12
2026-08-07,J,海通期货,44594,585,36418,-587,13
2026-08-07,J,申银万国,41550,-163,33765,34,14
2026-08-07,J,华泰期货,35337,-985,32815,-163,15
2026-08-07,J,银河期货,36473,716,28631,-16,16
2026-08-07,J,东证期货,33772,878,31227,108,17
2026-08-07,J,国泰君安,31764,332,29123,544,18
2026-08-07,J,中信期货,26026,245,27478,-490,19
2026-08-07,J,永安期货,25931,-707,22767,44,20
2026-08-10,J,五矿期货,73921,930,62215,663,1
2026-08-10,J,新湖期货,68679,-354,66393,475,2
2026-08-10,J,宏源期货,67691,-732,62159,-145,3
2026-08-10,J,兴证期货,67881,985,61492,457,4
2026-08-10,J,瑞达期货,61811,660,55091,926,5
2026-08-10,J,国投安信,59431,750,55983,573,6
2026-08-10,J,广发期货,58037,-325,51684,121,7
2026-08-10,J,南华期货,55101,-336,48850,141,8
2026-08-10,J,招商期货,51243,636,48839,1005,9
2026-08-10,J,浙商期货,50944,260,46977,18,10
2026-08-10,J,光大期货,49353,-330,45390,963,11
2026-08-10,J,方正中期,43408,-997,42499,50,12
2026-08-10,J,海通期货,43861,-733,36281,-137,13
2026-08-10,J,申银万国,41477,-73,33224,-541,14
2026-08-10,J,华泰期货,35589,252,32455,-360,15
2026-08-10,J,银河期货,37059,586,29231,600,16
2026-08-10,J,东证期货,33897,125,31763,536,17
2026-08-10,J,国泰君安,32807,1043,28948,-175,18
2026-08-10,J,中信期货,25875,-151,27313,-165,19
2026-08-10,J,永安期货,26643,712,22244,-523,20
2026-08-11,J,新湖期货,68614,-65,67083,690,1
2026-08-11,J,五矿期货,73340,-581,62352,137,2
2026-08-11,J,宏源期货,68632,941,62888,729,3
2026-08-11,J,兴证期货,67997,116,60787,-705,4
2026-08-11,J,瑞达期货,61918,107,54699,-392,5
2026-08-11,J,国投安信,59817,386,56795,812,6
2026-08-11,J,广发期货,57436,-601,52136,452,7
2026-08-11,J,南华期货,55999,898,49244,394,8
2026-08-11,J,招商期货,50980,-263,48312,-527,9
2026-08-11,J,浙商期货,51543,599,47021,44,10
2026-08-11,J,光大期货,48917,-436,46302,912,11
2026-08-11,J,方正中期,43065,-343,42509,10,12
2026-08-11,J,海通期货,44452,591,36017,-264,13
2026-08-11,J,申银万国,41472,-5,33643,419,14
2026-08-11,J,华泰期货,36002,413,32991,536,15
2026-08-11,J,银河期货,38152,1093,29204,-27,16
2026-08-11,J,东证期货,33603,-294,32588,825,17
2026-08-11,J,国泰君安,33892,1085,29083,135,18
2026-08-11,J,中信期货,25628,-247,26996,-317,19
2026-08-11,J,永安期货,26164,-479,22545,301,20
2026-08-12,J,五矿期货,73949,609,62328,-24,1
2026-08-12,J,新湖期货,68717,103,66398,-685,2
2026-08-12,J,宏源期货,69038,406,62984,96,3
2026-08-12,J,兴证期货,68871,874,61808,1021,4
2026-08-12,J,国投安信,59844,27,57926,1131,5
2026-08-12,J,瑞达期货,61728,-190,55033,334,6
2026-08-12,J,广发期货,57407,-29,52568,432,7
2026-08-12,J,南华期货,55908,-91,49708,464,8
2026-08-12,J,浙商期货,51399,-144,47877,856,9
2026-08-12,J,招商期货,50742,-238,47703,-609,10
2026-08-12,J,光大期货,48222,-695,47006,704,11
2026-08-12,J,方正中期,42572,-493,43097,588,12
2026-08-12,J,海通期货,44062,-390,35752,-265,13
2026-08-12,J,申银万国,40747,-725,34180,537,14
2026-08-12,J,华泰期货,36370,368,33253,262,15
2026-08-12,J,银河期货,38998,846,30153,949,16
2026-08-12,J,东证期货,34341,738,32745,157,17
2026-08-12,J,国泰君安,33143,-749,30080,997,18
2026-08-12,J,中信期货,26440,812,27734,738,19
2026-08-12,J,永安期货,26907,743,22461,-84,20
2026-08-13,J,五矿期货,74117,168,62020,-308,1
2026-08-13,J,新湖期货,68895,178,67046,648,2
2026-08-13,J,宏源期货,69090,52,63366,382,3
2026-08-13,J,兴证期货,68906,35,62577,769,4
2026-08-13,J,国投安信,59363,-481,57620,-306,5
2026-08-13,J,瑞达期货,60739,-989,54474,-559,6
2026-08-13,J,广发期货,57278,-129,52024,-544,7
2026-08-13,J,南华期货,55577,-331,50578,870,8
2026-08-13,J,浙商期货,51776,377,48441,564,9
2026-08-13,J,招商期货,50550,-192,48484,781,10
2026-08-13,J,光大期货,48365,143,47567,561,11
2026-08-13,J,方正中期,42816,244,42427,-670,12
2026-08-13,J,海通期货,43392,-670,36317,565,13
2026-08-13,J,申银万国,41098,351,34147,-33,14
2026-08-13,J,华泰期货,35868,-502,33839,586,15
2026-08-13,J,银河期货,39980,982,29647,-506,16
2026-08-13,J,东证期货,33674,-667,33639,894,17
2026-08-13,J,国泰君安,33469,326,30706,626,18
2026-08-13,J,中信期货,27213,773,28153,419,19
2026-08-13,J,永安期货,27453,546,23614,1153,20
2026-08-14,J,新湖期货,69311,416,67212,166,1
2026-08-14,J,五矿期货,73760,-357,61397,-623,2
2026-08-14,J,宏源期货,68977,-113,64084,718,3
2026-08-14,J,兴证期货,68871,-35,62016,-561,4
2026-08-14,J,国投安信,59342,-21,57573,-47,5
2026-08-14,J,瑞达期货,60152,-587,54781,307,6
2026-08-14,J,广发期货,57200,-78,52870,846,7
2026-08-14,J,南华期货,55205,-372,50520,-58,8
2026-08-14,J,浙商期货,52692,916,49176,735,9
2026-08-14,J,招商期货,49830,-720,48437,-47,10
2026-08-14,J,光大期货,47592,-773,48509,942,11
2026-08-14,J,方正中期,43691,875,41842,-585,12
2026-08-14,J,海通期货,42987,-405,36408,91,13
2026-08-14,J,申银万国,41076,-22,33601,-546,14
2026-08-14,J,银河期货,40295,315,30381,734,15
2026-08-14,J,华泰期货,35564,-304,33129,-710,16
2026-08-14,J,东证期货,33808,134,33267,-372,17
2026-08-14,J,国泰君安,34160,691,31417,711,18
2026-08-14,J,中信期货,27124,-89,28421,268,19
2026-08-14,J,永安期货,27475,22,23700,86,20
2026-08-17,J,新湖期货,69558,247,68260,1048,1
2026-08-17,J,五矿期货,73154,-606,61557,160,2
2026-08-17,J,宏源期货,68026,-951,64834,750,3
2026-08-17,J,兴证期货,68746,-125,62066,50,4
2026-08-17,J,国投安信,59643,301,58159,586,5
2026-08-17,J,瑞达期货,59519,-633,54402,-379,6
2026-08-17,J,广发期货,57019,-181,53399,529,7
2026-08-17,J,南华期货,54669,-536,51393,873,8
2026-08-17,J,浙商期货,52828,136,49289,113,9
2026-08-17,J,招商期货,50782,952,48623,186,10
2026-08-17,J,光大期货,46909,-683,48426,-83,11
2026-08-17,J,方正中期,43038,-653,42212,370,12
2026-08-17,J,海通期货,42476,-511,36704,296,13
2026-08-17,J,申银万国,40402,-674,34357,756,14
2026-08-17,J,银河期货,41144,849,30403,22,15
2026-08-17,J,华泰期货,35940,376,34007,878,16
2026-08-17,J,东证期货,34245,437,32810,-457,17
2026-08-17,J,国泰君安,33505,-655,30783,-634,18
2026-08-17,J,中信期货,27893,769,29196,775,19
2026-08-17,J,永安期货,27199,-276,23111,-589,20
2026-08-18,J,新湖期货,68781,-777,68212,-48,1
2026-08-18,J,五矿期货,72864,-290,62528,971,2
2026-08-18,J,宏源期货,67819,-207,65276,442,3
2026-08-18,J,兴证期货,68531,-215,62557,491,4
2026-08-18,J,国投安信,59274,-369,58621,462,5
2026-08-18,J,瑞达期货,59589,70,54950,548,6
2026-08-18,J,广发期货,57775,756,53641,242,7
2026-08-18,J,南华期货,54196,-473,52006,613,8
2026-08-18,J,浙商期货,52485,-343,48932,-357,9
2026-08-18,J,招商期货,50709,-73,48096,-527,10
2026-08-18,J,光大期货,46281,-628,48415,-11,11
2026-08-18,J,方正中期,43813,775,42551,339,12
2026-08-18,J,海通期货,41674,-802,37581,877,13
2026-08-18,J,申银万国,39520,-882,34779,422,14
2026-08-18,J,华泰期货,36586,646,34877,870,15
2026-08-18,J,银河期货,40675,-469,30293,-110,16
2026-08-18,J,东证期货,34895,650,33571,761,17
2026-08-18,J,国泰君安,34058,553,30542,-241,18
2026-08-18,J,中信期货,27799,-94,28525,-671,19
2026-08-18,J,永安期货,27521,322,23310,199,20
2026-08-19,J,新湖期货,69653,872,68773,561,1
2026-08-19,J,五矿期货,73760,896,62122,-406,2
2026-08-19,J,宏源期货,67909,90,65936,660,3
2026-08-19,J,兴证期货,68517,-14,63098,541,4
2026-08-19,J,国投安信,59130,-144,58241,-380,5
2026-08-19,J,瑞达期货,59756,167,54975,25,6
2026-08-19,J,广发期货,57986,211,53163,-478,7
2026-08-19,J,南华期货,53981,-215,52102,96,8
2026-08-19,J,浙商期货,52239,-246,49592,660,9
2026-08-19,J,招商期货,49988,-721,48382,286,10
2026-08-19,J,光大期货,45510,-771,48029,-386,11
2026-08-19,J,方正中期,43291,-522,42416,-135,12
2026-08-19,J,海通期货,41305,-369,37062,-519,13
2026-08-19,J,申银万国,39886,366,34293,-486,14
2026-08-19,J,银河期货,41424,749,30222,-71,15
2026-08-19,J,华泰期货,36784,198,34290,-587,16
2026-08-19,J,东证期货,35886,991,34149,578,17
2026-08-19,J,国泰君安,34547,489,31307,765,18
2026-08-19,J,中信期货,27262,-537,29511,986,19
2026-08-19,J,永安期货,27568,47,23894,584,20
2026-08-20,J,新湖期货,70201,548,68464,-309,1
2026-08-20,J,五矿期货,73348,-412,61428,-694,2
2026-08-20,J,宏源期货,66962,-947,66805,869,3
2026-08-20,J,兴证期货,67676,-841,63495,397,4
2026-08-20,J,国投安信,59120,-10,57823,-418,5
2026-08-20,J,瑞达期货,60466,710,55124,149,6
2026-08-20,J,广发期货,57827,-159,53857,694,7
2026-08-20,J,南华期货,54373,392,52349,247,8
2026-08-20,J,浙商期货,52264,25,50169,577,9
2026-08-20,J,招商期货,49991,3,48459,77,10
2026-08-20,J,光大期货,45286,-224,48419,390,11
2026-08-20,J,方正中期,42680,-611,43325,909,12
2026-08-20,J,海通期货,41287,-18,36581,-481,13
2026-08-20,J,申银万国,39611,-275,33552,-741,14
2026-08-20,J,银河期货,41178,-246,31266,1044,15
2026-08-20,J,华泰期货,35883,-901,35302,1012,16
2026-08-20,J,东证期货,35919,33,34737,588,17
2026-08-20,J,国泰君安,33944,-603,31010,-297,18
2026-08-20,J,中信期货,27374,112,29422,-89,19
2026-08-20,J,永安期货,27814,246,23555,-339,20
2026-08-21,J,新湖期货,70729,528,68210,-254,1
2026-08-21,J,五矿期货,72947,-401,62459,1031,2
2026-08-21,J,宏源期货,67651,689,67383,578,3
2026-08-21,J,兴证期货,66875,-801,64242,747,4
2026-08-21,J,国投安信,58557,-563,57933,110,5
2026-08-21,J,瑞达期货,60359,-107,55482,358,6
2026-08-21,J,广发期货,58373,546,54569,712,7
2026-08-21,J,南华期货,54912,539,51674,-675,8
2026-08-21,J,浙商期货,52940,676,50160,-9,9
2026-08-21,J,招商期货,50091,100,49383,924,10
2026-08-21,J,光大期货,45863,577,48771,352,11
2026-08-21,J,方正中期,41903,-777,43113,-212,12
2026-08-21,J,海通期货,40508,-779,36993,412,13
2026-08-21,J,申银万国,39726,115,33838,286,14
2026-08-21,J,银河期货,41224,46,31744,478,15
2026-08-21,J,东证期货,36549,630,35639,902,16
2026-08-21,J,华泰期货,36441,558,35556,254,17
2026-08-21,J,国泰君安,33398,-546,31928,918,18
2026-08-21,J,中信期货,27585,211,29333,-89,19
2026-08-21,J,永安期货,27486,-328,23335,-220,20
2026-08-24,J,新湖期货,70294,-435,68672,462,1
2026-08-24,J,五矿期货,73040,93,62043,-416,2
2026-08-24,J,宏源期货,67359,-292,67713,330,3
2026-08-24,J,兴证期货,65986,-889,64649,407,4
2026-08-24,J,国投安信,57970,-587,58822,889,5
2026-08-24,J,瑞达期货,59772,-587,56388,906,6
2026-08-24,J,广发期货,57648,-725,55416,847,7
2026-08-24,J,南华期货,54241,-671,52175,501,8
2026-08-24,J,浙商期货,53385,445,50649,489,9
2026-08-24,J,招商期货,50376,285,49499,116,10
2026-08-24,J,光大期货,45571,-292,49774,1003,11
2026-08-24,J,方正中期,42097,194,43764,651,12
2026-08-24,J,海通期货,41158,650,37743,750,13
2026-08-24,J,华泰期货,37019,578,36458,902,14
2026-08-24,J,申银万国,39201,-525,33507,-331,15
2026-08-24,J,东证期货,37431,882,35199,-440,16
2026-08-24,J,银河期货,40512,-712,31963,219,17
2026-08-24,J,国泰君安,34273,875,32920,992,18
2026-08-24,J,中信期货,27233,-352,29366,33,19
2026-08-24,J,永安期货,26662,-824,23576,241,20
2026-08-25,J,新湖期货,70088,-206,68914,242,1
2026-08-25,J,宏源期货,68076,717,68337,624,2
2026-08-25,J,五矿期货,72321,-719,62465,422,3
2026-08-25,J,兴证期货,65482,-504,65448,799,4
2026-08-25,J,国投安信,57619,-351,59758,936,5
2026-08-25,J,瑞达期货,59061,-711,57084,696,6
2026-08-25,J,广发期货,56909,-739,55167,-249,7
2026-08-25,J,南华期货,54667,426,53188,1013,8
2026-08-25,J,浙商期货,52942,-443,51664,1015,9
2026-08-25,J,招商期货,50709,333,48998,-501,10
2026-08-25,J,光大期货,46442,871,49135,-639,11
2026-08-25,J,方正中期,42696,599,43846,82,12
2026-08-25,J,海通期货,42119,961,38519,776,13
2026-08-25,J,华泰期货,37400,381,37367,909,14
2026-08-25,J,银河期货,41572,1060,33040,1077,15
2026-08-25,J,东证期货,37594,163,36362,1163,16
2026-08-25,J,申银万国,38386,-815,33024,-483,17
2026-08-25,J,国泰君安,34555,282,32787,-133,18
2026-08-25,J,中信期货,26942,-291,29278,-88,19
2026-08-25,J,永安期货,26434,-228,24337,761,20
2026-08-26,J,新湖期货,70819,731,68283,-631,1
2026-08-26,J,宏源期货,68494,418,68310,-27,2
2026-08-26,J,五矿期货,72940,619,62799,334,3
2026-08-26,J,兴证期货,65772,290,66048,600,4
2026-08-26,J,国投安信,58105,486,59936,178,5
2026-08-26,J,瑞达期货,59551,490,56514,-570,6
2026-08-26,J,广发期货,57484,575,56141,974,7
2026-08-26,J,南华期货,53662,-1005,54207,1019,8
2026-08-26,J,浙商期货,53878,936,51903,239,9
2026-08-26,J,招商期货,50369,-340,49429,431,10
2026-08-26,J,光大期货,46187,-255,49306,171,11
2026-08-26,J,方正中期,43108,412,44882,1036,12
2026-08-26,J,海通期货,42644,525,38328,-191,13
2026-08-26,J,东证期货,38331,737,37484,1122,14
2026-08-26,J,华泰期货,37964,564,36797,-570,15
2026-08-26,J,银河期货,40836,-736,33657,617,16
2026-08-26,J,申银万国,38201,-185,33319,295,17
2026-08-26,J,国泰君安,34433,-122,33032,245,18
2026-08-26,J,中信期货,27337,395,29446,168,19
2026-08-26,J,永安期货,26839,405,24207,-130,20
2026-08-27,J,新湖期货,70743,-76,67524,-759,1
2026-08-27,J,五矿期货,73892,952,62915,116,2
2026-08-27,J,宏源期货,67807,-687,68453,143,3
2026-08-27,J,兴证期货,66665,893,67044,996,4
2026-08-27,J,瑞达期货,60254,703,56695,181,5
2026-08-27,J,国投安信,57128,-977,59430,-506,6
2026-08-27,J,广发期货,57756,272,56986,845,7
2026-08-27,J,浙商期货,54699,821,52540,637,8
2026-08-27,J,南华期货,52746,-916,53650,-557,9
2026-08-27,J,招商期货,50920,551,48768,-661,10
2026-08-27,J,光大期货,46791,604,49249,-57,11
2026-08-27,J,方正中期,43843,735,45115,233,12
2026-08-27,J,海通期货,41901,-743,38727,399,13
2026-08-27,J,东证期货,38102,-229,38500,1016,14
2026-08-27,J,银河期货,40959,123,33526,-131,15
2026-08-27,J,华泰期货,37534,-430,36728,-69,16
2026-08-27,J,申银万国,38311,110,33742,423,17
2026-08-27,J,国泰君安,35232,799,32785,-247,18
2026-08-27,J,中信期货,28429,1092,30035,589,19
2026-08-27,J,永安期货,26763,-76,23973,-234,20
2026-08-28,J,新湖期货,70709,-34,66923,-601,1
2026-08-28,J,五矿期货,73153,-739,63370,455,2
2026-08-28,J,宏源期货,66799,-1008,68130,-323,3
2026-08-28,J,兴证期货,67096,431,66478,-566,4
2026-08-28,J,瑞达期货,59723,-531,56814,119,5
2026-08-28,J,国投安信,57460,332,58856,-574,6
2026-08-28,J,广发期货,58178,422,57772,786,7
2026-08-28,J,南华期货,52361,-385,54376,726,8
2026-08-28,J,浙商期货,54027,-672,51886,-654,9
2026-08-28,J,招商期货,50721,-199,49289,521,10
2026-08-28,J,光大期货,47631,840,49817,568,11
2026-08-28,J,方正中期,43594,-249,45715,600,12
2026-08-28,J,海通期货,41403,-498,38135,-592,13
2026-08-28,J,东证期货,39002,900,39615,1115,14
2026-08-28,J,银河期货,40687,-272,33171,-355,15
2026-08-28,J,华泰期货,37085,-449,36159,-569,16
2026-08-28,J,申银万国,38641,330,33720,-22,17
2026-08-28,J,国泰君安,36148,916,33436,651,18
2026-08-28,J,中信期货,29401,972,30015,-20,19
2026-08-28,J,永安期货,26287,-476,24703,730,20
2026-08-31,J,五矿期货,73229,76,63763,393,1
2026-08-31,J,新湖期货,69991,-718,66303,-620,2
2026-08-31,J,宏源期货,67102,303,68756,626,3
2026-08-31,J,兴证期货,67876,780,65990,-488,4
2026-08-31,J,国投安信,58115,655,59638,782,5
2026-08-31,J,瑞达期货,59496,-227,57638,824,6
2026-08-31,J,广发期货,57780,-398,57292,-480,7
2026-08-31,J,南华期货,52103,-258,55420,1044,8
2026-08-31,J,浙商期货,54667,640,51335,-551,9
2026-08-31,J,招商期货,49922,-799,49170,-119,10
2026-08-31,J,光大期货,46803,-828,50553,736,11
2026-08-31,J,方正中期,43052,-542,45739,24,12
2026-08-31,J,东证期货,39785,783,39181,-434,13
2026-08-31,J,海通期货,41371,-32,37520,-615,14
2026-08-31,J,银河期货,41221,534,33194,23,15
2026-08-31,J,华泰期货,37836,751,36263,104,16
2026-08-31,J,申银万国,39052,411,33230,-490,17
2026-08-31,J,国泰君安,35277,-871,32772,-664,18
2026-08-31,J,中信期货,29903,502,30636,621,19
2026-08-31,J,永安期货,25860,-427,25086,383,20
2026-09-01,J,五矿期货,73352,123,64233,470,1
2026-09-01,J,宏源期货,66659,-443,69316,560,2
2026-09-01,J,新湖期货,69153,-838,66051,-252,3
2026-09-01,J,兴证期货,67152,-724,65737,-253,4
2026-09-01,J,国投安信,57749,-366,60498,860,5
2026-09-01,J,瑞达期货,60458,962,57757,119,6
2026-09-01,J,广发期货,57556,-224,57251,-41,7
2026-09-01,J,南华期货,52300,197,56155,735,8
2026-09-01,J,浙商期货,53862,-805,50861,-474,9
2026-09-01,J,招商期货,50453,531,48662,-508,10
2026-09-01,J,光大期货,45970,-833,51629,1076,11
2026-09-01,J,方正中期,43803,751,45423,-316,12
2026-09-01,J,东证期货,40181,396,40033,852,13
2026-09-01,J,海通期货,41767,396,37666,146,14
2026-09-01,J,银河期货,41810,589,32950,-244,15
2026-09-01,J,华泰期货,37136,-700,37386,1123,16
2026-09-01,J,申银万国,38885,-167,33731,501,17
2026-09-01,J,国泰君安,35288,11,32811,39,18
2026-09-01,J,中信期货,30344,441,30682,46,19
2026-09-01,J,永安期货,24987,-873,25655,569,20
2026-09-02,J,五矿期货,74254,902,64121,-112,1
2026-09-02,J,宏源期货,66730,71,70376,1060,2
2026-09-02,J,新湖期货,68167,-986,66030,-21,3
2026-09-02,J,兴证期货,67358,206,65122,-615,4
2026-09-02,J,国投安信,57762,13,61044,546,5
2026-09-02,J,瑞达期货,59678,-780,57490,-267,6
2026-09-02,J,广发期货,57559,3,57281,30,7
2026-09-02,J,南华期货,52915,615,55885,-270,8
2026-09-02,J,浙商期货,54175,313,50212,-649,9
2026-09-02,J,招商期货,51048,595,49740,1078,10
2026-09-02,J,光大期货,45762,-208,51474,-155,11
2026-09-02,J,方正中期,43179,-624,46194,771,12
2026-09-02,J,东证期货,41025,844,40701,668,13
2026-09-02,J,海通期货,41999,232,37949,283,14
2026-09-02,J,华泰期货,37919,783,37243,-143,15
2026-09-02,J,银河期货,40974,-836,34006,1056,16
2026-09-02,J,申银万国,38295,-590,34031,300,17
2026-09-02,J,国泰君安,35993,705,33545,734,18
2026-09-02,J,中信期货,30698,354,30975,293,19
2026-09-02,J,永安期货,25325,338,26451,796,20
2026-09-03,J,五矿期货,74555,301,64459,338,1
2026-09-03,J,宏源期货,66587,-143,71053,677,2
2026-09-03,J,新湖期货,67980,-187,65438,-592,3
2026-09-03,J,兴证期货,67919,561,65212,90,4
2026-09-03,J,国投安信,58211,449,61310,266,5
2026-09-03,J,瑞达期货,59254,-424,58017,527,6
2026-09-03,J,广发期货,57364,-195,57558,277,7
2026-09-03,J,南华期货,53847,932,56741,856,8
2026-09-03,J,浙商期货,53606,-569,49533,-679,9
2026-09-03,J,招商期货,51927,879,49103,-637,10
2026-09-03,J,光大期货,44780,-982,51250,-224,11
2026-09-03,J,方正中期,43371,192,45572,-622,12
2026-09-03,J,东证期货,41533,508,40374,-327,13
2026-09-03,J,海通期货,41138,-861,37223,-726,14
2026-09-03,J,华泰期货,38471,552,37447,204,15
2026-09-03,J,银河期货,40832,-142,34444,438,16
2026-09-03,J,申银万国,39239,944,34848,817,17
2026-09-03,J,国泰君安,36267,274,33726,181,18
2026-09-03,J,中信期货,31570,872,32403,1428,19
2026-09-03,J,永安期货,24705,-620,26563,112,20
2026-09-04,J,五矿期货,74798,243,64945,486,1
2026-09-04,J,宏源期货,67470,883,71182,129,2
2026-09-04,J,新湖期货,67207,-773,65606,168,3
2026-09-04,J,兴证期货,67409,-510,64628,-584,4
2026-09-04,J,瑞达期货,60196,942,58990,973,5
2026-09-04,J,国投安信,57689,-522,60668,-642,6
2026-09-04,J,广发期货,57249,-115,58292,734,7
2026-09-04,J,南华期货,53472,-375,57411,670,8
2026-09-04,J,浙商期货,53926,320,50167,634,9
2026-09-04,J,招商期货,52234,307,48478,-625,10
2026-09-04,J,光大期货,45333,553,52199,949,11
2026-09-04,J,方正中期,43562,191,46111,539,12
2026-09-04,J,东证期货,42529,996,40110,-264,13
2026-09-04,J,海通期货,40797,-341,37263,40,14
2026-09-04,J,华泰期货,39456,985,38341,894,15
2026-09-04,J,银河期货,40103,-729,34811,367,16
2026-09-04,J,申银万国,38547,-692,35186,338,17
2026-09-04,J,国泰君安,35548,-719,33680,-46,18
2026-09-04,J,中信期货,30992,-578,32681,278,19
2026-09-04,J,永安期货,24916,211,27144,581,20
2026-07-27,JM,五矿期货,73984,-766,65340,268,1
2026-07-27,JM,新湖期货,71004,160,62724,3,2
2026-07-27,JM,宏源期货,69387,681,60043,-601,3
2026-07-27,JM,兴证期货,66566,-355,58178,-205,4
2026-07-27,JM,国投安信,63092,865,58161,715,5
2026-07-27,JM,瑞达期货,60990,-502,54667,92,6
2026-07-27,JM,广发期货,58281,-551,52563,-101,7
2026-07-27,JM,南华期货,55609,332,48913,98,8
2026-07-27,JM,招商期货,54197,452,47217,756,9
2026-07-27,JM,浙商期货,51392,634,46125,1111,10
2026-07-27,JM,光大期货,45582,-938,43344,372,11
2026-07-27,JM,方正中期,45797,897,40779,996,12
2026-07-27,JM,海通期货,42020,-703,37125,-394,13
2026-07-27,JM,申银万国,39435,-226,36507,1124,14
2026-07-27,JM,华泰期货,38098,-44,34503,-15,15
2026-07-27,JM,东证期货,35043,-390,30934,-586,16
2026-07-27,JM,银河期货,31723,877,27816,-655,17
2026-07-27,JM,国泰君安,27451,-800,27140,1078,18
2026-07-27,JM,中信期货,26471,152,23014,-675,19
2026-07-27,JM,永安期货,22802,-423,23003,837,20
2026-07-28,JM,五矿期货,73374,-610,66080,740,1
2026-07-28,JM,新湖期货,71576,572,63553,829,2
2026-07-28,JM,宏源期货,69588,201,60293,250,3
2026-07-28,JM,兴证期货,66506,-60,58172,-6,4
2026-07-28,JM,国投安信,63357,265,57897,-264,5
2026-07-28,JM,瑞达期货,60602,-388,55421,754,6
2026-07-28,JM,广发期货,58425,144,53409,846,7
2026-07-28,JM,南华期货,55009,-600,48750,-163,8
2026-07-28,JM,招商期货,53203,-994,47212,-5,9
2026-07-28,JM,浙商期货,51514,122,46300,175,10
2026-07-28,JM,光大期货,45242,-340,42760,-584,11
2026-07-28,JM,方正中期,46517,720,40655,-124,12
2026-07-28,JM,海通期货,41588,-432,37949,824,13
2026-07-28,JM,申银万国,39377,-58,37520,1013,14
2026-07-28,JM,华泰期货,37229,-869,35539,1036,15
2026-07-28,JM,东证期货,36106,1063,31075,141,16
2026-07-28,JM,银河期货,31889,166,27230,-586,17
2026-07-28,JM,国泰君安,27018,-433,28107,967,18
2026-07-28,JM,中信期货,25688,-783,22701,-313,19
2026-07-28,JM,永安期货,23290,488,24170,1167,20
2026-07-29,JM,五矿期货,72554,-820,65409,-671,1
2026-07-29,JM,新湖期货,72023,447,63366,-187,2
2026-07-29,JM,宏源期货,70569,981,59824,-469,3
2026-07-29,JM,兴证期货,67464,958,57534,-638,4
2026-07-29,JM,国投安信,63206,-151,58144,247,5
2026-07-29,JM,瑞达期货,60677,75,55148,-273,6
2026-07-29,JM,广发期货,57627,-798,53069,-340,7
2026-07-29,JM,南华期货,55488,479,48619,-131,8
2026-07-29,JM,招商期货,53931,728,47963,751,9
2026-07-29,JM,浙商期货,51850,336,46310,10,10
2026-07-29,JM,光大期货,44234,-1008,43554,794,11
2026-07-29,JM,方正中期,45526,-991,40581,-74,12
2026-07-29,JM,海通期货,41998,410,38985,1036,13
2026-07-29,JM,申银万国,39669,292,38479,959,14
2026-07-29,JM,华泰期货,37328,99,35488,-51,15
2026-07-29,JM,东证期货,35264,-842,30872,-203,16
2026-07-29,JM,银河期货,31012,-877,27389,159,17
2026-07-29,JM,国泰君安,26630,-388,27735,-372,18
2026-07-29,JM,中信期货,26355,667,23651,950,19
2026-07-29,JM,永安期货,24244,954,24609,439,20
2026-07-30,JM,五矿期货,73050,496,65317,-92,1
2026-07-30,JM,新湖期货,72448,425,64309,943,2
2026-07-30,JM,宏源期货,71199,630,59868,44,3
2026-07-30,JM,兴证期货,67099,-365,58670,1136,4
2026-07-30,JM,国投安信,62730,-476,59126,982,5
2026-07-30,JM,瑞达期货,60151,-526,54985,-163,6
2026-07-30,JM,广发期货,58591,964,52576,-493,7
2026-07-30,JM,南华期货,55368,-120,49215,596,8
2026-07-30,JM,招商期货,54083,152,47330,-633,9
2026-07-30,JM,浙商期货,50993,-857,46762,452,10
2026-07-30,JM,光大期货,44903,669,43601,47,11
2026-07-30,JM,方正中期,44789,-737,41126,545,12
2026-07-30,JM,海通期货,41183,-815,39260,275,13
2026-07-30,JM,申银万国,38832,-837,38908,429,14
2026-07-30,JM,华泰期货,38313,985,36259,771,15
2026-07-30,JM,东证期货,35136,-128,31130,258,16
2026-07-30,JM,银河期货,31557,545,28543,1154,17
2026-07-30,JM,国泰君安,26804,174,27900,165,18
2026-07-30,JM,中信期货,27302,947,24702,1051,19
2026-07-30,JM,永安期货,25240,996,24403,-206,20
2026-07-31,JM,新湖期货,72865,417,64784,475,1
2026-07-31,JM,五矿期货,72122,-928,64997,-320,2
2026-07-31,JM,宏源期货,71881,682,60551,683,3
2026-07-31,JM,兴证期货,67494,395,58533,-137,4
2026-07-31,JM,国投安信,62042,-688,60019,893,5
2026-07-31,JM,瑞达期货,59386,-765,54410,-575,6
2026-07-31,JM,广发期货,58123,-468,53561,985,7
2026-07-31,JM,南华期货,54989,-379,49403,188,8
2026-07-31,JM,招商期货,53498,-585,47495,165,9
2026-07-31,JM,浙商期货,50716,-277,47579,817,10
2026-07-31,JM,光大期货,44140,-763,43938,337,11
2026-07-31,JM,方正中期,44422,-367,41198,72,12
2026-07-31,JM,海通期货,41093,-90,39454,194,13
2026-07-31,JM,申银万国,38038,-794,38484,-424,14
2026-07-31,JM,华泰期货,37526,-787,35817,-442,15
2026-07-31,JM,东证期货,35823,687,31647,517,16
2026-07-31,JM,银河期货,30945,-612,29460,917,17
2026-07-31,JM,国泰君安,26066,-738,27635,-265,18
2026-07-31,JM,中信期货,26968,-334,24500,-202,19
2026-07-31,JM,永安期货,25001,-239,24650,247,20
2026-08-03,JM,五矿期货,72798,676,65057,60,1
2026-08-03,JM,新湖期货,72122,-743,64429,-355,2
2026-08-03,JM,宏源期货,72470,589,60246,-305,3
2026-08-03,JM,兴证期货,66610,-884,59473,940,4
2026-08-03,JM,国投安信,61280,-762,59283,-736,5
2026-08-03,JM,瑞达期货,60001,615,53936,-474,6
2026-08-03,JM,广发期货,57321,-802,54447,886,7
2026-08-03,JM,南华期货,54172,-817,49589,186,8
2026-08-03,JM,招商期货,53614,116,47246,-249,9
2026-08-03,JM,浙商期货,50844,128,48351,772,10
2026-08-03,JM,光大期货,44880,740,44104,166,11
2026-08-03,JM,方正中期,43475,-947,41266,68,12
2026-08-03,JM,海通期货,41762,669,39050,-404,13
2026-08-03,JM,申银万国,37640,-398,38256,-228,14
2026-08-03,JM,华泰期货,36616,-910,36443,626,15
2026-08-03,JM,东证期货,35744,-79,32018,371,16
2026-08-03,JM,银河期货,30563,-382,29508,48,17
2026-08-03,JM,国泰君安,25362,-704,28411,776,18
2026-08-03,JM,永安期货,25822,821,25724,1074,19
2026-08-03,JM,中信期货,26749,-219,24123,-377,20
2026-08-04,JM,五矿期货,72571,-227,65696,639,1
2026-08-04,JM,新湖期货,72128,6,63729,-700,2
2026-08-04,JM,宏源期货,72943,473,60294,48,3
2026-08-04,JM,兴证期货,66487,-123,60395,922,4
2026-08-04,JM,国投安信,62162,882,59698,415,5
2026-08-04,JM,瑞达期货,59094,-907,53520,-416,6
2026-08-04,JM,广发期货,56398,-923,54631,184,7
2026-08-04,JM,南华期货,53841,-331,49079,-510,8
2026-08-04,JM,招商期货,54302,688,48142,896,9
2026-08-04,JM,浙商期货,51687,843,49326,975,10
2026-08-04,JM,光大期货,44133,-747,43532,-572,11
2026-08-04,JM,方正中期,43373,-102,42163,897,12
2026-08-04,JM,海通期货,42600,838,39612,562,13
2026-08-04,JM,申银万国,36762,-878,37900,-356,14
2026-08-04,JM,华泰期货,35759,-857,35727,-716,15
2026-08-04,JM,东证期货,36732,988,33002,984,16
2026-08-04,JM,银河期货,30873,310,29358,-150,17
2026-08-04,JM,国泰君安,24644,-718,28923,512,18
2026-08-04,JM,永安期货,25694,-128,26449,725,19
2026-08-04,JM,中信期货,27149,400,24763,640,20
2026-08-05,JM,五矿期货,73188,617,64975,-721,1
2026-08-05,JM,新湖期货,72760,632,64082,353,2
2026-08-05,JM,宏源期货,72443,-500,60825,531,3
2026-08-05,JM,兴证期货,67109,622,60711,316,4
2026-08-05,JM,国投安信,62468,306,60749,1051,5
2026-08-05,JM,瑞达期货,58942,-152,53168,-352,6
2026-08-05,JM,广发期货,56172,-226,54152,-479,7
2026-08-05,JM,浙商期货,52484,797,49693,367,8
2026-08-05,JM,南华期货,53010,-831,48891,-188,9
2026-08-05,JM,招商期货,54273,-29,47506,-636,10
2026-08-05,JM,光大期货,44144,11,43615,83,11
2026-08-05,JM,方正中期,43688,315,42007,-156,12
2026-08-05,JM,海通期货,42853,253,39355,-257,13
2026-08-05,JM,申银万国,37009,247,38408,508,14
2026-08-05,JM,东证期货,36755,23,34131,1129,15
2026-08-05,JM,华泰期货,35053,-706,35037,-690,16
2026-08-05,JM,银河期货,30546,-327,29251,-107,17
2026-08-05,JM,国泰君安,25614,970,28626,-297,18
2026-08-05,JM,永安期货,25677,-17,26122,-327,19
2026-08-05,JM,中信期货,26983,-166,24522,-241,20
2026-08-06,JM,五矿期货,72723,-465,65307,332,1
2026-08-06,JM,新湖期货,73095,335,63815,-267,2
2026-08-06,JM,宏源期货,71638,-805,60572,-253,3
2026-08-06,JM,兴证期货,66575,-534,60277,-434,4
2026-08-06,JM,国投安信,63028,560,61185,436,5
2026-08-06,JM,瑞达期货,59016,74,53140,-28,6
2026-08-06,JM,广发期货,56818,646,54358,206,7
2026-08-06,JM,招商期货,54923,650,48340,834,8
2026-08-06,JM,浙商期货,51534,-950,50767,1074,9
2026-08-06,JM,南华期货,52575,-435,48250,-641,10
2026-08-06,JM,光大期货,44356,212,43303,-312,11
2026-08-06,JM,方正中期,42731,-957,41900,-107,12
2026-08-06,JM,海通期货,42396,-457,38963,-392,13
2026-08-06,JM,申银万国,36657,-352,38443,35,14
2026-08-06,JM,东证期货,36569,-186,35320,1189,15
2026-08-06,JM,华泰期货,35201,148,35305,268,16
2026-08-06,JM,银河期货,31256,710,29563,312,17
2026-08-06,JM,国泰君安,25706,92,29061,435,18
2026-08-06,JM,永安期货,25570,-107,27043,921,19
2026-08-06,JM,中信期货,27553,570,24577,55,20
2026-08-07,JM,五矿期货,73518,795,65555,248,1
2026-08-07,JM,新湖期货,73798,703,64714,899,2
2026-08-07,JM,宏源期货,71781,143,60197,-375,3
2026-08-07,JM,兴证期货,66719,144,59808,-469,4
2026-08-07,JM,国投安信,63958,930,61587,402,5
2026-08-07,JM,瑞达期货,59440,424,53100,-40,6
2026-08-07,JM,广发期货,55865,-953,55038,680,7
2026-08-07,JM,浙商期货,52175,641,51518,751,8
2026-08-07,JM,招商期货,55341,418,48314,-26,9
2026-08-07,JM,南华期货,53436,861,48701,451,10
2026-08-07,JM,光大期货,44559,203,43194,-109,11
2026-08-07,JM,方正中期,42081,-650,41624,-276,12
2026-08-07,JM,海通期货,43117,721,38558,-405,13
2026-08-07,JM,申银万国,36373,-284,39401,958,14
2026-08-07,JM,东证期货,36858,289,36373,1053,15
2026-08-07,JM,华泰期货,35824,623,35340,35,16
2026-08-07,JM,银河期货,32307,1051,29332,-231,17
2026-08-07,JM,国泰君安,24930,-776,29945,884,18
2026-08-07,JM,永安期货,26351,781,27983,940,19
2026-08-07,JM,中信期货,28541,988,25406,829,20
2026-08-10,JM,五矿期货,73585,67,66557,1002,1
2026-08-10,JM,新湖期货,73015,-783,65687,973,2
2026-08-10,JM,宏源期货,71061,-720,61022,825,3
2026-08-10,JM,兴证期货,67152,433,60926,1118,4
2026-08-10,JM,国投安信,63250,-708,62028,441,5
2026-08-10,JM,广发期货,56633,768,54940,-98,6
2026-08-10,JM,瑞达期货,58551,-889,52384,-716,7
2026-08-10,JM,招商期货,54694,-647,49435,1121,8
2026-08-10,JM,浙商期货,51862,-313,52226,708,9
2026-08-10,JM,南华期货,54069,633,49670,969,10
2026-08-10,JM,光大期货,45200,641,42701,-493,11
2026-08-10,JM,方正中期,42328,247,41276,-348,12
2026-08-10,JM,海通期货,42786,-331,39677,1119,13
2026-08-10,JM,申银万国,36341,-32,38642,-759,14
2026-08-10,JM,东证期货,37200,342,36141,-232,15
2026-08-10,JM,华泰期货,34854,-970,35658,318,16
2026-08-10,JM,银河期货,31532,-775,29128,-204,17
2026-08-10,JM,永安期货,26571,220,27935,-48,18
2026-08-10,JM,中信期货,28010,-531,25730,324,19
2026-08-10,JM,国泰君安,24117,-813,29449,-496,20
2026-08-11,JM,五矿期货,73203,-382,67300,743,1
2026-08-11,JM,新湖期货,72364,-651,65701,14,2
2026-08-11,JM,宏源期货,71257,196,61930,908,3
2026-08-11,JM,兴证期货,66599,-553,61529,603,4
2026-08-11,JM,国投安信,63851,601,61998,-30,5
2026-08-11,JM,广发期货,57043,410,56001,1061,6
2026-08-11,JM,瑞达期货,59443,892,52880,496,7
2026-08-11,JM,南华期货,55042,973,50060,390,8
2026-08-11,JM,浙商期货,52181,319,52115,-111,9
2026-08-11,JM,招商期货,54040,-654,50123,688,10
2026-08-11,JM,光大期货,46157,957,42938,237,11
2026-08-11,JM,方正中期,42939,611,41825,549,12
2026-08-11,JM,海通期货,43275,489,39811,134,13
2026-08-11,JM,申银万国,35610,-731,38204,-438,14
2026-08-11,JM,东证期货,36516,-684,36150,9,15
2026-08-11,JM,华泰期货,34462,-392,35558,-100,16
2026-08-11,JM,银河期货,31452,-80,29648,520,17
2026-08-11,JM,国泰君安,25156,1039,30125,676,18
2026-08-11,JM,中信期货,27885,-125,26492,762,19
2026-08-11,JM,永安期货,26428,-143,27403,-532,20
2026-08-12,JM,五矿期货,74165,962,66721,-579,1
2026-08-12,JM,新湖期货,72656,292,66754,1053,2
2026-08-12,JM,宏源期货,70901,-356,61513,-417,3
2026-08-12,JM,兴证期货,66076,-523,61479,-50,4
2026-08-12,JM,国投安信,64367,516,61397,-601,5
2026-08-12,JM,广发期货,57951,908,56257,256,6
2026-08-12,JM,瑞达期货,58721,-722,52798,-82,7
2026-08-12,JM,浙商期货,53152,971,52607,492,8
2026-08-12,JM,南华期货,55190,148,49513,-547,9
2026-08-12,JM,招商期货,53482,-558,50672,549,10
2026-08-12,JM,光大期货,47033,876,43834,896,11
2026-08-12,JM,方正中期,43162,223,41716,-109,12
2026-08-12,JM,海通期货,42331,-944,39423,-388,13
2026-08-12,JM,申银万国,36178,568,38606,402,14
2026-08-12,JM,东证期货,37568,1052,36643,493,15
2026-08-12,JM,华泰期货,34253,-209,36540,982,16
2026-08-12,JM,银河期货,32505,1053,30405,757,17
2026-08-12,JM,国泰君安,25758,602,29448,-677,18
2026-08-12,JM,永安期货,26948,520,27326,-77,19
2026-08-12,JM,中信期货,27255,-630,26175,-317,20
2026-08-13,JM,五矿期货,74924,759,67144,423,1
2026-08-13,JM,新湖期货,72627,-29,67609,855,2
2026-08-13,JM,宏源期货,70098,-803,62450,937,3
2026-08-13,JM,兴证期货,66184,108,61487,8,4
2026-08-13,JM,国投安信,64132,-235,61356,-41,5
2026-08-13,JM,广发期货,58752,801,56344,87,6
2026-08-13,JM,瑞达期货,58720,-1,53843,1045,7
2026-08-13,JM,浙商期货,52240,-912,52637,30,8
2026-08-13,JM,招商期货,53369,-113,51412,740,9
2026-08-13,JM,南华期货,55039,-151,49093,-420,10
2026-08-13,JM,光大期货,47498,465,43076,-758,11
2026-08-13,JM,方正中期,43763,601,41177,-539,12
2026-08-13,JM,海通期货,42038,-293,39188,-235,13
2026-08-13,JM,申银万国,36587,409,37984,-622,14
2026-08-13,JM,东证期货,36701,-867,36506,-137,15
2026-08-13,JM,华泰期货,33672,-581,36291,-249,16
2026-08-13,JM,银河期货,32302,-203,30639,234,17
2026-08-13,JM,国泰君安,26361,603,30583,1135,18
2026-08-13,JM,永安期货,27740,792,28097,771,19
2026-08-13,JM,中信期货,27737,482,26803,628,20
2026-08-14,JM,五矿期货,75736,812,67273,129,1
2026-08-14,JM,新湖期货,71954,-673,68092,483,2
2026-08-14,JM,宏源期货,69971,-127,63028,578,3
2026-08-14,JM,兴证期货,66616,432,60790,-697,4
2026-08-14,JM,国投安信,64951,819,61584,228,5
2026-08-14,JM,广发期货,57932,-820,56276,-68,6
2026-08-14,JM,瑞达期货,58926,206,54339,496,7
2026-08-14,JM,南华期货,55149,110,50172,1079,8
2026-08-14,JM,招商期货,53858,489,50805,-607,9
2026-08-14,JM,浙商期货,51998,-242,52206,-431,10
2026-08-14,JM,光大期货,46836,-662,44134,1058,11
2026-08-14,JM,方正中期,42904,-859,41117,-60,12
2026-08-14,JM,海通期货,42977,939,38642,-546,13
2026-08-14,JM,申银万国,36229,-358,37758,-226,14
2026-08-14,JM,东证期货,37543,842,35894,-612,15
2026-08-14,JM,华泰期货,33265,-407,35572,-719,16
2026-08-14,JM,银河期货,31562,-740,31595,956,17
2026-08-14,JM,永安期货,28183,443,28969,872,18
2026-08-14,JM,国泰君安,25804,-557,30827,244,19
2026-08-14,JM,中信期货,28254,517,26584,-219,20
2026-08-17,JM,五矿期货,74924,-812,66565,-708,1
2026-08-17,JM,新湖期货,71927,-27,67740,-352,2
2026-08-17,JM,宏源期货,70241,270,63497,469,3
2026-08-17,JM,兴证期货,67293,677,61385,595,4
2026-08-17,JM,国投安信,64120,-831,61427,-157,5
2026-08-17,JM,广发期货,57033,-899,56254,-22,6
2026-08-17,JM,瑞达期货,57923,-1003,54454,115,7
2026-08-17,JM,招商期货,53973,115,51765,960,8
2026-08-17,JM,南华期货,55144,-5,49726,-446,9
2026-08-17,JM,浙商期货,51792,-206,52616,410,10
2026-08-17,JM,光大期货,46022,-814,43475,-659,11
2026-08-17,JM,方正中期,42503,-401,40843,-274,12
2026-08-17,JM,海通期货,43319,342,38458,-184,13
2026-08-17,JM,东证期货,37787,244,36692,798,14
2026-08-17,JM,申银万国,36325,96,37541,-217,15
2026-08-17,JM,华泰期货,34150,885,36306,734,16
2026-08-17,JM,银河期货,31510,-52,32342,747,17
2026-08-17,JM,永安期货,27614,-569,28398,-571,18
2026-08-17,JM,国泰君安,25334,-470,30536,-291,19
2026-08-17,JM,中信期货,27571,-683,26582,-2,20
2026-08-18,JM,五矿期货,75454,530,67231,666,1
2026-08-18,JM,新湖期货,71043,-884,67289,-451,2
2026-08-18,JM,宏源期货,69781,-460,63892,395,3
2026-08-18,JM,兴证期货,66746,-547,62339,954,4
2026-08-18,JM,国投安信,64062,-58,61206,-221,5
2026-08-18,JM,广发期货,56935,-98,55585,-669,6
2026-08-18,JM,瑞达期货,57452,-471,54594,140,7
2026-08-18,JM,招商期货,54776,803,51786,21,8
2026-08-18,JM,南华期货,54890,-254,49348,-378,9
2026-08-18,JM,浙商期货,51160,-632,52615,-1,10
2026-08-18,JM,光大期货,46126,104,43508,33,11
2026-08-18,JM,方正中期,41679,-824,41397,554,12
2026-08-18,JM,海通期货,43662,343,38240,-218,13
2026-08-18,JM,东证期货,37528,-259,37619,927,14
2026-08-18,JM,申银万国,36316,-9,38613,1072,15
2026-08-18,JM,华泰期货,33954,-196,36510,204,16
2026-08-18,JM,银河期货,32348,838,31898,-444,17
2026-08-18,JM,国泰君安,24611,-723,30825,289,18
2026-08-18,JM,永安期货,27147,-467,28067,-331,19
2026-08-18,JM,中信期货,27988,417,26499,-83,20
2026-08-19,JM,五矿期货,75502,48,68110,879,1
2026-08-19,JM,新湖期货,71202,159,68373,1084,2
2026-08-19,JM,宏源期货,68842,-939,64160,268,3
2026-08-19,JM,兴证期货,67484,738,63041,702,4
2026-08-19,JM,国投安信,63860,-202,62294,1088,5
2026-08-19,JM,广发期货,56407,-528,55800,215,6
2026-08-19,JM,瑞达期货,57054,-398,53995,-599,7
2026-08-19,JM,招商期货,55683,907,51998,212,8
2026-08-19,JM,南华期货,55052,162,50393,1045,9
2026-08-19,JM,浙商期货,51557,397,53630,1015,10
2026-08-19,JM,光大期货,45973,-153,43844,336,11
2026-08-19,JM,方正中期,42345,666,41707,310,12
2026-08-19,JM,海通期货,44373,711,38272,32,13
2026-08-19,JM,东证期货,38626,1098,38488,869,14
2026-08-19,JM,申银万国,36439,123,37977,-636,15
2026-08-19,JM,华泰期货,34151,197,36215,-295,16
2026-08-19,JM,银河期货,32566,218,32065,167,17
2026-08-19,JM,国泰君安,24425,-186,31800,975,18
2026-08-19,JM,永安期货,27623,476,27585,-482,19
2026-08-19,JM,中信期货,27273,-715,27187,688,20
2026-08-20,JM,五矿期货,75159,-343,69104,994,1
2026-08-20,JM,新湖期货,71005,-197,68743,370,2
2026-08-20,JM,宏源期货,68626,-216,64539,379,3
2026-08-20,JM,兴证期货,66611,-873,62459,-582,4
2026-08-20,JM,国投安信,64722,862,63187,893,5
2026-08-20,JM,瑞达期货,57909,855,54724,729,6
2026-08-20,JM,广发期货,55925,-482,55694,-106,7
2026-08-20,JM,招商期货,55957,274,51540,-458,8
2026-08-20,JM,南华期货,55750,698,50851,458,9
2026-08-20,JM,浙商期货,50960,-597,54554,924,10
2026-08-20,JM,光大期货,46362,389,43975,131,11
2026-08-20,JM,方正中期,42202,-143,41107,-600,12
2026-08-20,JM,海通期货,43621,-752,37599,-673,13
2026-08-20,JM,东证期货,39679,1053,38150,-338,14
2026-08-20,JM,申银万国,37084,645,37611,-366,15
2026-08-20,JM,华泰期货,35131,980,35888,-327,16
2026-08-20,JM,银河期货,32595,29,31739,-326,17
2026-08-20,JM,国泰君安,23781,-644,32670,870,18
2026-08-20,JM,永安期货,27903,280,28292,707,19
2026-08-20,JM,中信期货,27653,380,26808,-379,20
2026-08-21,JM,五矿期货,75143,-16,69515,411,1
2026-08-21,JM,新湖期货,70779,-226,69324,581,2
2026-08-21,JM,宏源期货,68457,-169,64319,-220,3
2026-08-21,JM,兴证期货,66305,-306,63496,1037,4
2026-08-21,JM,国投安信,64808,86,64229,1042,5
2026-08-21,JM,瑞达期货,57484,-425,55740,1016,6
2026-08-21,JM,广发期货,55121,-804,56543,849,7
2026-08-21,JM,招商期货,56841,884,50996,-544,8
2026-08-21,JM,南华期货,55892,142,51687,836,9
2026-08-21,JM,浙商期货,51503,543,53999,-555,10
2026-08-21,JM,光大期货,46556,194,44408,433,11
2026-08-21,JM,方正中期,41495,-707,41507,400,12
2026-08-21,JM,海通期货,43459,-162,37145,-454,13
2026-08-21,JM,东证期货,40065,386,38673,523,14
2026-08-21,JM,申银万国,36933,-151,37081,-530,15
2026-08-21,JM,华泰期货,35191,60,36728,840,16
2026-08-21,JM,银河期货,33315,720,32493,754,17
2026-08-21,JM,国泰君安,24679,898,32015,-655,18
2026-08-21,JM,永安期货,27578,-325,28676,384,19
2026-08-21,JM,中信期货,27701,48,28006,1198,20
2026-08-24,JM,五矿期货,74334,-809,70534,1019,1
2026-08-24,JM,新湖期货,71194,415,69966,642,2
2026-08-24,JM,宏源期货,68453,-4,65316,997,3
2026-08-24,JM,兴证期货,65869,-436,64462,966,4
2026-08-24,JM,国投安信,64418,-390,64105,-124,5
2026-08-24,JM,瑞达期货,58148,664,56605,865,6
2026-08-24,JM,广发期货,54152,-969,56474,-69,7
2026-08-24,JM,招商期货,57716,875,50786,-210,8
2026-08-24,JM,南华期货,56719,827,51689,2,9
2026-08-24,JM,浙商期货,52020,517,54212,213,10
2026-08-24,JM,光大期货,46032,-524,43748,-660,11
2026-08-24,JM,方正中期,41163,-332,42161,654,12
2026-08-24,JM,海通期货,44270,811,38185,1040,13
2026-08-24,JM,东证期货,40421,356,39387,714,14
2026-08-24,JM,申银万国,36002,-931,37131,50,15
2026-08-24,JM,华泰期货,35601,410,36790,62,16
2026-08-24,JM,银河期货,32719,-596,33079,586,17
2026-08-24,JM,永安期货,27935,357,28964,288,18
2026-08-24,JM,国泰君安,24353,-326,32160,145,19
2026-08-24,JM,中信期货,26887,-814,27678,-328,20
2026-08-25,JM,五矿期货,75067,733,70847,313,1
2026-08-25,JM,新湖期货,70461,-733,70804,838,2
2026-08-25,JM,宏源期货,68480,27,65382,66,3
2026-08-25,JM,兴证期货,65496,-373,65155,693,4
2026-08-25,JM,国投安信,63733,-685,63479,-626,5
2026-08-25,JM,瑞达期货,58193,45,57465,860,6
2026-08-25,JM,广发期货,54823,671,55829,-645,7
2026-08-25,JM,招商期货,58261,545,51083,297,8
2026-08-25,JM,南华期货,57485,766,51694,5,9
2026-08-25,JM,浙商期货,52527,507,54444,232,10
2026-08-25,JM,光大期货,46709,677,43821,73,11
2026-08-25,JM,方正中期,40585,-578,43271,1110,12
2026-08-25,JM,海通期货,43644,-626,38329,144,13
2026-08-25,JM,东证期货,40082,-339,40199,812,14
2026-08-25,JM,申银万国,36314,312,36553,-578,15
2026-08-25,JM,华泰期货,35444,-157,37268,478,16
2026-08-25,JM,银河期货,33520,801,33056,-23,17
2026-08-25,JM,国泰君安,24370,17,33065,905,18
2026-08-25,JM,永安期货,27511,-424,28559,-405,19
2026-08-25,JM,中信期货,26612,-275,28521,843,20
2026-08-26,JM,五矿期货,75186,119,70803,-44,1
2026-08-26,JM,新湖期货,70422,-39,71245,441,2
2026-08-26,JM,宏源期货,67833,-647,66404,1022,3
2026-08-26,JM,兴证期货,65702,206,65308,153,4
2026-08-26,JM,国投安信,63485,-248,63720,241,5
2026-08-26,JM,瑞达期货,57245,-948,57200,-265,6
2026-08-26,JM,南华期货,57776,291,52824,1130,7
2026-08-26,JM,广发期货,54066,-757,56464,635,8
2026-08-26,JM,招商期货,58285,24,51135,52,9
2026-08-26,JM,浙商期货,53203,676,54634,190,10
2026-08-26,JM,光大期货,46260,-449,43815,-6,11
2026-08-26,JM,方正中期,41018,433,42918,-353,12
2026-08-26,JM,海通期货,44514,870,38307,-22,13
2026-08-26,JM,东证期货,40906,824,39637,-562,14
2026-08-26,JM,申银万国,36238,-76,35896,-657,15
2026-08-26,JM,华泰期货,34944,-500,36575,-693,16
2026-08-26,JM,银河期货,34335,815,32787,-269,17
2026-08-26,JM,国泰君安,23874,-496,34177,1112,18
2026-08-26,JM,永安期货,28421,910,29043,484,19
2026-08-26,JM,中信期货,25781,-831,28196,-325,20
2026-08-27,JM,五矿期货,74530,-656,71274,471,1
2026-08-27,JM,新湖期货,69682,-740,71810,565,2
2026-08-27,JM,宏源期货,67793,-40,67510,1106,3
2026-08-27,JM,兴证期货,66089,387,64566,-742,4
2026-08-27,JM,国投安信,64073,588,64531,811,5
2026-08-27,JM,瑞达期货,56276,-969,58210,1010,6
2026-08-27,JM,南华期货,57317,-459,53398,574,7
2026-08-27,JM,广发期货,53894,-172,56755,291,8
2026-08-27,JM,招商期货,58662,377,50798,-337,9
2026-08-27,JM,浙商期货,53518,315,54335,-299,10
2026-08-27,JM,光大期货,47005,745,43508,-307,11
2026-08-27,JM,方正中期,41605,587,42596,-322,12
2026-08-27,JM,海通期货,45252,738,38718,411,13
2026-08-27,JM,东证期货,40201,-705,39540,-97,14
2026-08-27,JM,申银万国,35329,-909,35469,-427,15
2026-08-27,JM,华泰期货,33990,-954,36606,31,16
2026-08-27,JM,银河期货,35146,811,33517,730,17
2026-08-27,JM,国泰君安,23513,-361,35030,853,18
2026-08-27,JM,永安期货,28236,-185,28697,-346,19
2026-08-27,JM,中信期货,26606,825,29347,1151,20
2026-08-28,JM,五矿期货,74736,206,71761,487,1
2026-08-28,JM,新湖期货,69821,139,72375,565,2
2026-08-28,JM,宏源期货,68502,709,67516,6,3
2026-08-28,JM,兴证期货,67058,969,65533,967,4
2026-08-28,JM,国投安信,64110,37,65127,596,5
2026-08-28,JM,瑞达期货,55475,-801,57465,-745,6
2026-08-28,JM,南华期货,57995,678,53915,517,7
2026-08-28,JM,广发期货,53697,-197,57192,437,8
2026-08-28,JM,招商期货,59038,376,51104,306,9
2026-08-28,JM,浙商期货,53463,-55,54193,-142,10
2026-08-28,JM,光大期货,46511,-494,43194,-314,11
2026-08-28,JM,海通期货,45013,-239,39702,984,12
2026-08-28,JM,方正中期,41309,-296,42776,180,13
2026-08-28,JM,东证期货,40770,569,40312,772,14
2026-08-28,JM,申银万国,35186,-143,36542,1073,15
2026-08-28,JM,华泰期货,34296,306,36409,-197,16
2026-08-28,JM,银河期货,36187,1041,33462,-55,17
2026-08-28,JM,国泰君安,23868,355,35998,968,18
2026-08-28,JM,永安期货,28986,750,28034,-663,19
2026-08-28,JM,中信期货,26174,-432,29183,-164,20
2026-08-31,JM,五矿期货,74744,8,71606,-155,1
2026-08-31,JM,新湖期货,68863,-958,72957,582,2
2026-08-31,JM,宏源期货,67778,-724,68233,717,3
2026-08-31,JM,兴证期货,66702,-356,66167,634,4
2026-08-31,JM,国投安信,63927,-183,65719,592,5
2026-08-31,JM,瑞达期货,56123,648,57933,468,6
2026-08-31,JM,广发期货,54442,745,58075,883,7
2026-08-31,JM,南华期货,57101,-894,54804,889,8
2026-08-31,JM,招商期货,58520,-518,52186,1082,9
2026-08-31,JM,浙商期货,53512,49,55000,807,10
2026-08-31,JM,光大期货,45886,-625,42741,-453,11
2026-08-31,JM,海通期货,45459,446,40769,1067,12
2026-08-31,JM,方正中期,41633,324,42627,-149,13
2026-08-31,JM,东证期货,41191,421,40297,-15,14
2026-08-31,JM,申银万国,34710,-476,37125,583,15
2026-08-31,JM,华泰期货,35050,754,36216,-193,16
2026-08-31,JM,银河期货,35985,-202,33348,-114,17
2026-08-31,JM,国泰君安,23964,96,35448,-550,18
2026-08-31,JM,永安期货,28674,-312,27965,-69,19
2026-08-31,JM,中信期货,26685,511,28724,-459,20
2026-09-01,JM,五矿期货,75251,507,71375,-231,1
2026-09-01,JM,新湖期货,68817,-46,72459,-498,2
2026-09-01,JM,宏源期货,67369,-409,67672,-561,3
2026-09-01,JM,兴证期货,66835,133,65777,-390,4
2026-09-01,JM,国投安信,64263,336,66754,1035,5
2026-09-01,JM,瑞达期货,55461,-662,58894,961,6
2026-09-01,JM,广发期货,54046,-396,59046,971,7
2026-09-01,JM,招商期货,59436,916,52801,615,8
2026-09-01,JM,南华期货,56825,-276,55082,278,9
2026-09-01,JM,浙商期货,53476,-36,56096,1096,10
2026-09-01,JM,光大期货,46183,297,43588,847,11
2026-09-01,JM,海通期货,45909,450,40464,-305,12
2026-09-01,JM,方正中期,42028,395,42961,334,13
2026-09-01,JM,东证期货,41751,560,40788,491,14
2026-09-01,JM,申银万国,34402,-308,37852,727,15
2026-09-01,JM,华泰期货,35711,661,35844,-372,16
2026-09-01,JM,银河期货,35167,-818,33862,514,17
2026-09-01,JM,国泰君安,23869,-95,36276,828,18
2026-09-01,JM,永安期货,28315,-359,29142,1177,19
2026-09-01,JM,中信期货,26652,-33,28872,148,20
2026-09-02,JM,五矿期货,76062,811,71013,-362,1
2026-09-02,JM,新湖期货,67952,-865,72666,207,2
2026-09-02,JM,宏源期货,67547,178,68183,511,3
2026-09-02,JM,兴证期货,67124,289,66212,435,4
2026-09-02,JM,国投安信,63362,-901,67768,1014,5
2026-09-02,JM,广发期货,53985,-61,60029,983,6
2026-09-02,JM,瑞达期货,54692,-769,59097,203,7
2026-09-02,JM,南华期货,57014,189,54924,-158,8
2026-09-02,JM,招商期货,59187,-249,52574,-227,9
2026-09-02,JM,浙商期货,54282,806,56014,-82,10
2026-09-02,JM,光大期货,46034,-149,44442,854,11
2026-09-02,JM,海通期货,45356,-553,41228,764,12
2026-09-02,JM,方正中期,42802,774,42829,-132,13
2026-09-02,JM,东证期货,42703,952,40795,7,14
2026-09-02,JM,申银万国,33847,-555,37819,-33,15
2026-09-02,JM,华泰期货,36041,330,35266,-578,16
2026-09-02,JM,银河期货,36216,1049,34574,712,17
2026-09-02,JM,国泰君安,24848,979,35970,-306,18
2026-09-02,JM,永安期货,28910,595,30117,975,19
2026-09-02,JM,中信期货,26906,254,29754,882,20
2026-09-03,JM,五矿期货,76610,548,71837,824,1
2026-09-03,JM,新湖期货,67502,-450,72334,-332,2
2026-09-03,JM,宏源期货,66546,-1001,68348,165,3
2026-09-03,JM,兴证期货,67413,289,65570,-642,4
2026-09-03,JM,国投安信,62714,-648,67649,-119,5
2026-09-03,JM,瑞达期货,54363,-329,59629,532,6
2026-09-03,JM,广发期货,53140,-845,60267,238,7
2026-09-03,JM,招商期货,59943,756,53279,705,8
2026-09-03,JM,南华期货,56373,-641,55759,835,9
2026-09-03,JM,浙商期货,53565,-717,55901,-113,10
2026-09-03,JM,光大期货,46880,846,44619,177,11
2026-09-03,JM,方正中期,42958,156,43897,1068,12
2026-09-03,JM,海通期货,45047,-309,41306,78,13
2026-09-03,JM,东证期货,41923,-780,41898,1103,14
2026-09-03,JM,华泰期货,36780,739,34814,-452,15
2026-09-03,JM,银河期货,35937,-279,34740,166,16
2026-09-03,JM,申银万国,33118,-729,37469,-350,17
2026-09-03,JM,国泰君安,24739,-109,36375,405,18
2026-09-03,JM,永安期货,29044,134,29682,-435,19
2026-09-03,JM,中信期货,27792,886,30468,714,20
2026-09-04,JM,五矿期货,76063,-547,72497,660,1
2026-09-04,JM,新湖期货,67994,492,72083,-251,2
2026-09-04,JM,宏源期货,65544,-1002,68871,523,3
2026-09-04,JM,兴证期货,66439,-974,66195,625,4
2026-09-04,JM,国投安信,62791,77,67279,-370,5
2026-09-04,JM,瑞达期货,54903,540,60575,946,6
2026-09-04,JM,广发期货,53956,816,60166,-101,7
2026-09-04,JM,招商期货,59341,-602,54015,736,8
2026-09-04,JM,南华期货,56127,-246,55027,-732,9
2026-09-04,JM,浙商期货,52632,-933,56234,333,10
2026-09-04,JM,光大期货,46655,-225,43868,-751,11
2026-09-04,JM,方正中期,43924,966,44114,217,12
2026-09-04,JM,海通期货,44863,-184,41424,118,13
2026-09-04,JM,东证期货,41213,-710,41483,-415,14
2026-09-04,JM,银河期货,36610,673,35656,916,15
2026-09-04,JM,华泰期货,37028,248,34942,128,16
2026-09-04,JM,申银万国,33405,287,37588,119,17
2026-09-04,JM,国泰君安,24851,112,37303,928,18
2026-09-04,JM,永安期货,28499,-545,30182,500,19
2026-09-04,JM,中信期货,28467,675,30112,-356,20
2026-07-27,SF,五矿期货,73961,462,66101,505,1
2026-07-27,SF,新湖期货,70951,-796,65577,287,2
2026-07-27,SF,宏源期货,68944,691,63416,1080,3
2026-07-27,SF,兴证期货,65274,-730,60098,97,4
2026-07-27,SF,国投安信,65196,230,57567,675,5
2026-07-27,SF,瑞达期货,60707,-458,54504,515,6
2026-07-27,SF,广发期货,58964,346,52442,305,7
2026-07-27,SF,南华期货,55523,345,49681,-554,8
2026-07-27,SF,招商期货,52781,-394,48753,101,9
2026-07-27,SF,浙商期货,51651,280,44730,-741,10
2026-07-27,SF,光大期货,49116,413,45051,644,11
2026-07-27,SF,方正中期,45779,-697,40308,-340,12
2026-07-27,SF,海通期货,44207,-39,39860,677,13
2026-07-27,SF,申银万国,41477,110,37388,-243,14
2026-07-27,SF,华泰期货,37889,-232,33884,-507,15
2026-07-27,SF,东证期货,34530,-37,31316,229,16
2026-07-27,SF,银河期货,33475,522,28841,-443,17
2026-07-27,SF,国泰君安,29821,-850,27779,-582,18
2026-07-27,SF,中信期货,27476,448,25452,1032,19
2026-07-27,SF,永安期货,25775,465,22519,-459,20
2026-07-28,SF,五矿期货,73256,-705,65525,-576,1
2026-07-28,SF,新湖期货,71311,360,65828,251,2
2026-07-28,SF,宏源期货,69644,700,63831,415,3
2026-07-28,SF,兴证期货,66121,847,59564,-534,4
2026-07-28,SF,国投安信,65561,365,56989,-578,5
2026-07-28,SF,瑞达期货,59702,-1005,53770,-734,6
2026-07-28,SF,广发期货,58631,-333,52162,-280,7
2026-07-28,SF,南华期货,55922,399,49905,224,8
2026-07-28,SF,招商期货,53635,854,48418,-335,9
2026-07-28,SF,浙商期货,51763,112,44986,256,10
2026-07-28,SF,光大期货,48434,-682,44371,-680,11
2026-07-28,SF,方正中期,45608,-171,40152,-156,12
2026-07-28,SF,海通期货,43930,-277,40540,680,13
2026-07-28,SF,申银万国,41538,61,37041,-347,14
2026-07-28,SF,华泰期货,37417,-472,34826,942,15
2026-07-28,SF,东证期货,34049,-481,32229,913,16
2026-07-28,SF,银河期货,32991,-484,29408,567,17
2026-07-28,SF,国泰君安,29148,-673,28118,339,18
2026-07-28,SF,中信期货,26819,-657,26379,927,19
2026-07-28,SF,永安期货,25126,-649,22417,-102,20
2026-07-29,SF,五矿期货,73571,315,65114,-411,1
2026-07-29,SF,新湖期货,70584,-727,66426,598,2
2026-07-29,SF,宏源期货,68653,-991,64815,984,3
2026-07-29,SF,兴证期货,66934,813,58897,-667,4
2026-07-29,SF,国投安信,66294,733,57781,792,5
2026-07-29,SF,瑞达期货,58929,-773,53204,-566,6
2026-07-29,SF,广发期货,58493,-138,52914,752,7
2026-07-29,SF,南华期货,56298,376,49785,-120,8
2026-07-29,SF,招商期货,53362,-273,49299,881,9
2026-07-29,SF,浙商期货,52498,735,44821,-165,10
2026-07-29,SF,光大期货,49214,780,43691,-680,11
2026-07-29,SF,方正中期,46263,655,39749,-403,12
2026-07-29,SF,海通期货,43022,-908,39984,-556,13
2026-07-29,SF,申银万国,41068,-470,37231,190,14
2026-07-29,SF,华泰期货,37342,-75,34672,-154,15
2026-07-29,SF,东证期货,34478,429,32022,-207,16
2026-07-29,SF,银河期货,33953,962,29252,-156,17
2026-07-29,SF,国泰君安,29739,591,27645,-473,18
2026-07-29,SF,中信期货,26082,-737,27180,801,19
2026-07-29,SF,永安期货,25832,706,22784,367,20
2026-07-30,SF,五矿期货,73413,-158,66220,1106,1
2026-07-30,SF,新湖期货,69900,-684,65878,-548,2
2026-07-30,SF,宏源期货,67763,-890,65784,969,3
2026-07-30,SF,兴证期货,67349,415,59624,727,4
2026-07-30,SF,国投安信,65515,-779,57292,-489,5
2026-07-30,SF,广发期货,58811,318,53968,1054,6
2026-07-30,SF,瑞达期货,59551,622,52785,-419,7
2026-07-30,SF,南华期货,56926,628,49888,103,8
2026-07-30,SF,招商期货,54094,732,49518,219,9
2026-07-30,SF,浙商期货,52277,-221,45473,652,10
2026-07-30,SF,光大期货,48760,-454,44642,951,11
2026-07-30,SF,方正中期,46072,-191,39923,174,12
2026-07-30,SF,海通期货,42245,-777,40044,60,13
2026-07-30,SF,申银万国,40759,-309,36845,-386,14
2026-07-30,SF,华泰期货,37095,-247,35581,909,15
2026-07-30,SF,东证期货,35089,611,31532,-490,16
2026-07-30,SF,银河期货,33612,-341,30371,1119,17
2026-07-30,SF,国泰君安,30805,1066,28238,593,18
2026-07-30,SF,中信期货,27023,941,27396,216,19
2026-07-30,SF,永安期货,25615,-217,22836,52,20
2026-07-31,SF,五矿期货,73974,561,66982,762,1
2026-07-31,SF,新湖期货,70278,378,66192,314,2
2026-07-31,SF,宏源期货,68195,432,66802,1018,3
2026-07-31,SF,兴证期货,66982,-367,58889,-735,4
2026-07-31,SF,国投安信,65040,-475,57873,581,5
2026-07-31,SF,广发期货,58643,-168,54110,142,6
2026-07-31,SF,瑞达期货,58635,-916,52154,-631,7
2026-07-31,SF,南华期货,56147,-779,50945,1057,8
2026-07-31,SF,招商期货,54968,874,49757,239,9
2026-07-31,SF,浙商期货,51534,-743,45702,229,10
2026-07-31,SF,光大期货,49743,983,45708,1066,11
2026-07-31,SF,方正中期,46779,707,40652,729,12
2026-07-31,SF,海通期货,42636,391,41086,1042,13
2026-07-31,SF,申银万国,39808,-951,37851,1006,14
2026-07-31,SF,华泰期货,36819,-276,36073,492,15
2026-07-31,SF,东证期货,34976,-113,32447,915,16
2026-07-31,SF,银河期货,33093,-519,30942,571,17
2026-07-31,SF,国泰君安,31304,499,28455,217,18
2026-07-31,SF,中信期货,27776,753,27881,485,19
2026-07-31,SF,永安期货,25934,319,23144,308,20
2026-08-03,SF,五矿期货,73979,5,68002,1020,1
2026-08-03,SF,新湖期货,70229,-49,67176,984,2
2026-08-03,SF,宏源期货,68220,25,67780,978,3
2026-08-03,SF,兴证期货,67289,307,58450,-439,4
2026-08-03,SF,国投安信,64141,-899,57136,-737,5
2026-08-03,SF,广发期货,59325,682,54493,383,6
2026-08-03,SF,瑞达期货,59451,816,52649,495,7
2026-08-03,SF,南华期货,55441,-706,51903,958,8
2026-08-03,SF,招商期货,55271,303,49785,28,9
2026-08-03,SF,浙商期货,51883,349,46327,625,10
2026-08-03,SF,光大期货,49719,-24,45656,-52,11
2026-08-03,SF,方正中期,47257,478,40401,-251,12
2026-08-03,SF,海通期货,42512,-124,41681,595,13
2026-08-03,SF,申银万国,40064,256,37286,-565,14
2026-08-03,SF,华泰期货,37218,399,36747,674,15
2026-08-03,SF,东证期货,35149,173,32838,391,16
2026-08-03,SF,银河期货,33991,898,30954,12,17
2026-08-03,SF,国泰君安,32371,1067,29146,691,18
2026-08-03,SF,中信期货,28043,267,27659,-222,19
2026-08-03,SF,永安期货,26224,290,23946,802,20
2026-08-04,SF,五矿期货,74093,114,67242,-760,1
2026-08-04,SF,新湖期货,69292,-937,67557,381,2
2026-08-04,SF,宏源期货,68036,-184,67864,84,3
2026-08-04,SF,兴证期货,66315,-974,57900,-550,4
2026-08-04,SF,国投安信,64657,516,57714,578,5
2026-08-04,SF,广发期货,59230,-95,54380,-113,6
2026-08-04,SF,瑞达期货,58684,-767,52907,258,7
2026-08-04,SF,南华期货,56185,744,52163,260,8
2026-08-04,SF,招商期货,55178,-93,49205,-580,9
2026-08-04,SF,浙商期货,52513,630,46740,413,10
2026-08-04,SF,光大期货,49649,-70,45805,149,11
2026-08-04,SF,方正中期,46728,-529,39802,-599,12
2026-08-04,SF,海通期货,42327,-185,42594,913,13
2026-08-04,SF,申银万国,40371,307,37301,15,14
2026-08-04,SF,华泰期货,36664,-554,37114,367,15
2026-08-04,SF,东证期货,34362,-787,33196,358,16
2026-08-04,SF,银河期货,33778,-213,30843,-111,17
2026-08-04,SF,国泰君安,32137,-234,28959,-187,18
2026-08-04,SF,中信期货,28691,648,27985,326,19
2026-08-04,SF,永安期货,25672,-552,23419,-527,20
2026-08-05,SF,五矿期货,73537,-556,66486,-756,1
2026-08-05,SF,新湖期货,69837,545,68146,589,2
2026-08-05,SF,宏源期货,67259,-777,67303,-561,3
2026-08-05,SF,兴证期货,66771,456,58066,166,4
2026-08-05,SF,国投安信,64992,335,57698,-16,5
2026-08-05,SF,广发期货,59489,259,54848,468,6
2026-08-05,SF,瑞达期货,58642,-42,53614,707,7
2026-08-05,SF,南华期货,56322,137,52974,811,8
2026-08-05,SF,招商期货,55098,-80,49124,-81,9
2026-08-05,SF,浙商期货,51959,-554,47709,969,10
2026-08-05,SF,光大期货,48750,-899,46717,912,11
2026-08-05,SF,方正中期,46462,-266,40732,930,12
2026-08-05,SF,海通期货,42251,-76,42532,-62,13
2026-08-05,SF,申银万国,40701,330,37916,615,14
2026-08-05,SF,华泰期货,36805,141,36777,-337,15
2026-08-05,SF,东证期货,35294,932,33557,361,16
2026-08-05,SF,银河期货,34193,415,30786,-57,17
2026-08-05,SF,国泰君安,33219,1082,29546,587,18
2026-08-05,SF,中信期货,29422,731,28542,557,19
2026-08-05,SF,永安期货,26473,801,22925,-494,20
2026-08-06,SF,五矿期货,72747,-790,67276,790,1
2026-08-06,SF,新湖期货,70294,457,68078,-68,2
2026-08-06,SF,宏源期货,67849,590,66933,-370,3
2026-08-06,SF,兴证期货,66697,-74,58994,928,4
2026-08-06,SF,国投安信,64786,-206,57379,-319,5
2026-08-06,SF,瑞达期货,59537,895,54599,985,6
2026-08-06,SF,广发期货,58863,-626,54335,-513,7
2026-08-06,SF,南华期货,56563,241,52615,-359,8
2026-08-06,SF,招商期货,54307,-791,48884,-240,9
2026-08-06,SF,浙商期货,52426,467,47787,78,10
2026-08-06,SF,光大期货,49208,458,47477,760,11
2026-08-06,SF,方正中期,45739,-723,41655,923,12
2026-08-06,SF,海通期货,41577,-674,42780,248,13
2026-08-06,SF,申银万国,39784,-917,38992,1076,14
2026-08-06,SF,华泰期货,37232,427,36234,-543,15
2026-08-06,SF,东证期货,35473,179,33642,85,16
2026-08-06,SF,银河期货,33900,-293,31227,441,17
2026-08-06,SF,国泰君安,34304,1085,30504,958,18
2026-08-06,SF,中信期货,30231,809,29159,617,19
2026-08-06,SF,永安期货,26282,-191,22972,47,20
2026-08-07,SF,新湖期货,70780,486,68987,909,1
2026-08-07,SF,五矿期货,71999,-748,66728,-548,2
2026-08-07,SF,宏源期货,68023,174,66528,-405,3
2026-08-07,SF,兴证期货,66049,-648,59650,656,4
2026-08-07,SF,国投安信,65662,876,58483,1104,5
2026-08-07,SF,瑞达期货,59568,31,55438,839,6
2026-08-07,SF,广发期货,58842,-21,55468,1133,7
2026-08-07,SF,南华期货,57270,707,53053,438,8
2026-08-07,SF,招商期货,54430,123,49010,126,9
2026-08-07,SF,浙商期货,52923,497,47126,-661,10
2026-08-07,SF,光大期货,48206,-1002,47803,326,11
2026-08-07,SF,方正中期,45004,-735,41916,261,12
2026-08-07,SF,海通期货,42525,948,43052,272,13
2026-08-07,SF,申银万国,40122,338,39438,446,14
2026-08-07,SF,华泰期货,37144,-88,36410,176,15
2026-08-07,SF,东证期货,36164,691,34788,1146,16
2026-08-07,SF,国泰君安,35129,825,31200,696,17
2026-08-07,SF,银河期货,34215,315,30799,-428,18
2026-08-07,SF,中信期货,31238,1007,29775,616,19
2026-08-07,SF,永安期货,26240,-42,22387,-585,20
2026-08-10,SF,新湖期货,71227,447,69736,749,1
2026-08-10,SF,五矿期货,72904,905,67101,373,2
2026-08-10,SF,宏源期货,68775,752,66410,-118,3
2026-08-10,SF,兴证期货,66475,426,60011,361,4
2026-08-10,SF,国投安信,65264,-398,59449,966,5
2026-08-10,SF,瑞达期货,60090,522,55727,289,6
2026-08-10,SF,广发期货,59265,423,56523,1055,7
2026-08-10,SF,南华期货,57105,-165,53526,473,8
2026-08-10,SF,招商期货,53693,-737,48532,-478,9
2026-08-10,SF,浙商期货,52840,-83,48014,888,10
2026-08-10,SF,光大期货,49183,977,47645,-158,11
2026-08-10,SF,方正中期,44808,-196,41858,-58,12
2026-08-10,SF,海通期货,42023,-502,42852,-200,13
2026-08-10,SF,申银万国,40530,408,40239,801,14
2026-08-10,SF,华泰期货,37381,237,37525,1115,15
2026-08-10,SF,东证期货,36061,-103,34965,177,16
2026-08-10,SF,国泰君安,36046,917,31179,-21,17
2026-08-10,SF,银河期货,34357,142,31924,1125,18
2026-08-10,SF,中信期货,31577,339,30336,561,19
2026-08-10,SF,永安期货,26143,-97,23053,666,20
2026-08-11,SF,五矿期货,73691,787,68076,975,1
2026-08-11,SF,新湖期货,71310,83,69561,-175,2
2026-08-11,SF,宏源期货,69595,820,67373,963,3
2026-08-11,SF,兴证期货,66845,370,60782,771,4
2026-08-11,SF,国投安信,65708,444,59543,94,5
2026-08-11,SF,瑞达期货,60248,158,56333,606,6
2026-08-11,SF,广发期货,59238,-27,56956,433,7
2026-08-11,SF,南华期货,56816,-289,53917,391,8
2026-08-11,SF,招商期货,52919,-774,49330,798,9
2026-08-11,SF,浙商期货,52490,-350,48708,694,10
2026-08-11,SF,光大期货,49594,411,48189,544,11
2026-08-11,SF,方正中期,44829,21,42209,351,12
2026-08-11,SF,海通期货,43010,987,42456,-396,13
2026-08-11,SF,申银万国,40974,444,40810,571,14
2026-08-11,SF,华泰期货,37748,367,37036,-489,15
2026-08-11,SF,东证期货,35878,-183,36171,1206,16
2026-08-11,SF,国泰君安,36434,388,31962,783,17
2026-08-11,SF,银河期货,34062,-295,32650,726,18
2026-08-11,SF,中信期货,31098,-479,30085,-251,19
2026-08-11,SF,永安期货,26548,405,22818,-235,20
2026-08-12,SF,五矿期货,74452,761,67775,-301,1
2026-08-12,SF,新湖期货,71814,504,69951,390,2
2026-08-12,SF,宏源期货,70362,767,67996,623,3
2026-08-12,SF,兴证期货,66044,-801,61283,501,4
2026-08-12,SF,国投安信,66365,657,59709,166,5
2026-08-12,SF,广发期货,59771,533,57304,348,6
2026-08-12,SF,瑞达期货,59304,-944,56307,-26,7
2026-08-12,SF,南华期货,56410,-406,53574,-343,8
2026-08-12,SF,招商期货,53323,404,50176,846,9
2026-08-12,SF,浙商期货,53199,709,48075,-633,10
2026-08-12,SF,光大期货,49097,-497,47728,-461,11
2026-08-12,SF,方正中期,44405,-424,42848,639,12
2026-08-12,SF,海通期货,43608,598,42025,-431,13
2026-08-12,SF,申银万国,40510,-464,41586,776,14
2026-08-12,SF,华泰期货,36853,-895,36685,-351,15
2026-08-12,SF,东证期货,35096,-782,36863,692,16
2026-08-12,SF,国泰君安,35762,-672,31333,-629,17
2026-08-12,SF,银河期货,33952,-110,32267,-383,18
2026-08-12,SF,中信期货,30234,-864,30475,390,19
2026-08-12,SF,永安期货,26523,-25,23793,975,20
2026-08-13,SF,五矿期货,74739,287,68458,683,1
2026-08-13,SF,新湖期货,71265,-549,71057,1106,2
2026-08-13,SF,宏源期货,70259,-103,68935,939,3
2026-08-13,SF,兴证期货,66796,752,62305,1022,4
2026-08-13,SF,国投安信,67134,769,60548,839,5
2026-08-13,SF,广发期货,60284,513,57058,-246,6
2026-08-13,SF,瑞达期货,58709,-595,56817,510,7
2026-08-13,SF,南华期货,55510,-900,52840,-734,8
2026-08-13,SF,招商期货,52953,-370,50546,370,9
2026-08-13,SF,浙商期货,54187,988,48718,643,10
2026-08-13,SF,光大期货,50046,949,48582,854,11
2026-08-13,SF,方正中期,44188,-217,42941,93,12
2026-08-13,SF,海通期货,44495,887,42046,21,13
2026-08-13,SF,申银万国,40860,350,40922,-664,14
2026-08-13,SF,华泰期货,36432,-421,37344,659,15
2026-08-13,SF,东证期货,35841,745,37608,745,16
2026-08-13,SF,银河期货,34668,716,33218,951,17
2026-08-13,SF,国泰君安,35358,-404,31699,366,18
2026-08-13,SF,中信期货,30493,259,30591,116,19
2026-08-13,SF,永安期货,27153,630,24438,645,20
2026-08-14,SF,五矿期货,75648,909,68015,-443,1
2026-08-14,SF,新湖期货,71210,-55,71750,693,2
2026-08-14,SF,宏源期货,69260,-999,68851,-84,3
2026-08-14,SF,兴证期货,67518,722,62067,-238,4
2026-08-14,SF,国投安信,66453,-681,60984,436,5
2026-08-14,SF,广发期货,59845,-439,57437,379,6
2026-08-14,SF,瑞达期货,58240,-469,56323,-494,7
2026-08-14,SF,南华期货,54583,-927,52957,117,8
2026-08-14,SF,浙商期货,54682,495,49010,292,9
2026-08-14,SF,招商期货,52187,-766,50558,12,10
2026-08-14,SF,光大期货,51007,961,48177,-405,11
2026-08-14,SF,海通期货,43848,-647,42684,638,12
2026-08-14,SF,方正中期,43330,-858,42563,-378,13
2026-08-14,SF,申银万国,40452,-408,41081,159,14
2026-08-14,SF,华泰期货,36906,474,36980,-364,15
2026-08-14,SF,东证期货,35353,-488,38517,909,16
2026-08-14,SF,银河期货,35290,622,33773,555,17
2026-08-14,SF,国泰君安,35673,315,32138,439,18
2026-08-14,SF,中信期货,30356,-137,31457,866,19
2026-08-14,SF,永安期货,27716,563,25084,646,20
2026-08-17,SF,五矿期货,75996,348,67934,-81,1
2026-08-17,SF,新湖期货,72009,799,71426,-324,2
2026-08-17,SF,宏源期货,68965,-295,68544,-307,3
2026-08-17,SF,兴证期货,67334,-184,61495,-572,4
2026-08-17,SF,国投安信,66555,102,61323,339,5
2026-08-17,SF,广发期货,60445,600,57711,274,6
2026-08-17,SF,瑞达期货,57556,-684,56414,91,7
2026-08-17,SF,南华期货,54639,56,52336,-621,8
2026-08-17,SF,浙商期货,54322,-360,49326,316,9
2026-08-17,SF,招商期货,51627,-560,50174,-384,10
2026-08-17,SF,光大期货,51602,595,48866,689,11
2026-08-17,SF,海通期货,44010,162,43050,366,12
2026-08-17,SF,方正中期,43053,-277,41952,-611,13
2026-08-17,SF,申银万国,40446,-6,41938,857,14
2026-08-17,SF,东证期货,35723,370,39563,1046,15
2026-08-17,SF,华泰期货,37251,345,36836,-144,16
2026-08-17,SF,银河期货,35984,694,34373,600,17
2026-08-17,SF,国泰君安,36005,332,31562,-576,18
2026-08-17,SF,中信期货,31367,1011,31437,-20,19
2026-08-17,SF,永安期货,26907,-809,24718,-366,20
2026-08-18,SF,新湖期货,72105,96,72148,722,1
2026-08-18,SF,五矿期货,75565,-431,67224,-710,2
2026-08-18,SF,宏源期货,68745,-220,68309,-235,3
2026-08-18,SF,国投安信,67420,865,62193,870,4
2026-08-18,SF,兴证期货,68259,925,60967,-528,5
2026-08-18,SF,广发期货,60832,387,58764,1053,6
2026-08-18,SF,瑞达期货,57203,-353,56435,21,7
2026-08-18,SF,南华期货,54128,-511,51657,-679,8
2026-08-18,SF,浙商期货,54627,305,49822,496,9
2026-08-18,SF,招商期货,52498,871,50686,512,10
2026-08-18,SF,光大期货,51084,-518,49958,1092,11
2026-08-18,SF,海通期货,43234,-776,43659,609,12
2026-08-18,SF,方正中期,42751,-302,42104,152,13
2026-08-18,SF,申银万国,40765,319,41196,-742,14
2026-08-18,SF,东证期货,35805,82,40032,469,15
2026-08-18,SF,华泰期货,37927,676,37616,780,16
2026-08-18,SF,银河期货,36360,376,34779,406,17
2026-08-18,SF,国泰君安,37061,1056,32423,861,18
2026-08-18,SF,中信期货,31078,-289,31204,-233,19
2026-08-18,SF,永安期货,26695,-212,24776,58,20
2026-08-19,SF,五矿期货,75656,91,68161,937,1
2026-08-19,SF,新湖期货,71307,-798,71809,-339,2
2026-08-19,SF,宏源期货,68603,-142,69260,951,3
2026-08-19,SF,兴证期货,69020,761,61610,643,4
2026-08-19,SF,国投安信,67994,574,61869,-324,5
2026-08-19,SF,广发期货,59956,-876,58435,-329,6
2026-08-19,SF,瑞达期货,57565,362,56964,529,7
2026-08-19,SF,南华期货,53133,-995,52180,523,8
2026-08-19,SF,浙商期货,53959,-668,50645,823,9
2026-08-19,SF,招商期货,52589,91,51018,332,10
2026-08-19,SF,光大期货,52015,931,49394,-564,11
2026-08-19,SF,海通期货,42618,-616,43555,-104,12
2026-08-19,SF,方正中期,42793,42,41512,-592,13
2026-08-19,SF,申银万国,41594,829,41770,574,14
2026-08-19,SF,东证期货,35827,22,40348,316,15
2026-08-19,SF,华泰期货,37006,-921,37463,-153,16
2026-08-19,SF,银河期货,37114,754,35140,361,17
2026-08-19,SF,国泰君安,36938,-123,32796,373,18
2026-08-19,SF,中信期货,31871,793,32101,897,19
2026-08-19,SF,永安期货,27671,976,25154,378,20
2026-08-20,SF,新湖期货,71183,-124,71696,-113,1
2026-08-20,SF,五矿期货,74680,-976,68198,37,2
2026-08-20,SF,宏源期货,68883,280,69328,68,3
2026-08-20,SF,兴证期货,68804,-216,61773,163,4
2026-08-20,SF,国投安信,67513,-481,61943,74,5
2026-08-20,SF,广发期货,60123,167,59357,922,6
2026-08-20,SF,瑞达期货,57021,-544,58069,1105,7
2026-08-20,SF,南华期货,53265,132,51564,-616,8
2026-08-20,SF,招商期货,53205,616,50773,-245,9
2026-08-20,SF,浙商期货,53060,-899,50249,-396,10
2026-08-20,SF,光大期货,51184,-831,48784,-610,11
2026-08-20,SF,海通期货,42548,-70,44263,708,12
2026-08-20,SF,方正中期,42462,-331,40829,-683,13
2026-08-20,SF,申银万国,40898,-696,41058,-712,14
2026-08-20,SF,东证期货,36861,1034,39815,-533,15
2026-08-20,SF,华泰期货,37525,519,38108,645,16
2026-08-20,SF,银河期货,37548,434,36132,992,17
2026-08-20,SF,国泰君安,37635,697,33007,211,18
2026-08-20,SF,中信期货,32980,1109,32939,838,19
2026-08-20,SF,永安期货,28220,549,26273,1119,20
2026-08-21,SF,五矿期货,73949,-731,68967,769,1
2026-08-21,SF,新湖期货,71265,82,71386,-310,2
2026-08-21,SF,宏源期货,68843,-40,68888,-440,3
2026-08-21,SF,兴证期货,69147,343,61076,-697,4
2026-08-21,SF,国投安信,67312,-201,62866,923,5
2026-08-21,SF,广发期货,60680,557,60494,1137,6
2026-08-21,SF,瑞达期货,56907,-114,58090,21,7
2026-08-21,SF,浙商期货,53661,601,50893,644,8
2026-08-21,SF,招商期货,52812,-393,51255,482,9
2026-08-21,SF,南华期货,52432,-833,51380,-184,10
2026-08-21,SF,光大期货,50391,-793,48617,-167,11
2026-08-21,SF,海通期货,41686,-862,44235,-28,12
2026-08-21,SF,方正中期,43352,890,41098,269,13
2026-08-21,SF,申银万国,41323,425,42035,977,14
2026-08-21,SF,东证期货,37519,658,40662,847,15
2026-08-21,SF,华泰期货,37714,189,37441,-667,16
2026-08-21,SF,银河期货,37924,376,35581,-551,17
2026-08-21,SF,国泰君安,38058,423,33802,795,18
2026-08-21,SF,中信期货,33185,205,32271,-668,19
2026-08-21,SF,永安期货,28708,488,25835,-438,20
2026-08-24,SF,五矿期货,74789,840,69693,726,1
2026-08-24,SF,新湖期货,71787,522,72144,758,2
2026-08-24,SF,宏源期货,68457,-386,68558,-330,3
2026-08-24,SF,国投安信,67402,90,63227,361,4
2026-08-24,SF,兴证期货,70076,929,60490,-586,5
2026-08-24,SF,广发期货,59680,-1000,60906,412,6
2026-08-24,SF,瑞达期货,57118,211,58137,47,7
2026-08-24,SF,浙商期货,53784,123,51924,1031,8
2026-08-24,SF,招商期货,52938,126,50784,-471,9
2026-08-24,SF,南华期货,51674,-758,50705,-675,10
2026-08-24,SF,光大期货,51341,950,47879,-738,11
2026-08-24,SF,海通期货,42451,765,44968,733,12
2026-08-24,SF,申银万国,42185,862,42903,868,13
2026-08-24,SF,方正中期,43668,316,41102,4,14
2026-08-24,SF,东证期货,36924,-595,40592,-70,15
2026-08-24,SF,华泰期货,38091,377,38497,1056,16
2026-08-24,SF,银河期货,39000,1076,36199,618,17
2026-08-24,SF,国泰君安,38285,227,33726,-76,18
2026-08-24,SF,中信期货,33928,743,33330,1059,19
2026-08-24,SF,永安期货,28618,-90,26786,951,20
2026-08-25,SF,新湖期货,72263,476,72573,429,1
2026-08-25,SF,五矿期货,74776,-13,69610,-83,2
2026-08-25,SF,宏源期货,67648,-809,68202,-356,3
2026-08-25,SF,国投安信,66987,-415,63842,615,4
2026-08-25,SF,兴证期货,69203,-873,60243,-247,5
2026-08-25,SF,广发期货,59614,-66,61466,560,6
2026-08-25,SF,瑞达期货,57233,115,57526,-611,7
2026-08-25,SF,浙商期货,54519,735,51275,-649,8
2026-08-25,SF,招商期货,53671,733,51562,778,9
2026-08-25,SF,南华期货,52573,899,51069,364,10
2026-08-25,SF,光大期货,51968,627,48280,401,11
2026-08-25,SF,海通期货,41838,-613,44442,-526,12
2026-08-25,SF,申银万国,42884,699,42660,-243,13
2026-08-25,SF,方正中期,43029,-639,41716,614,14
2026-08-25,SF,东证期货,36363,-561,40288,-304,15
2026-08-25,SF,华泰期货,37533,-558,39000,503,16
2026-08-25,SF,银河期货,39159,159,35810,-389,17
2026-08-25,SF,国泰君安,38717,432,34789,1063,18
2026-08-25,SF,中信期货,33883,-45,34504,1174,19
2026-08-25,SF,永安期货,28432,-186,26539,-247,20
2026-08-26,SF,新湖期货,72565,302,72706,133,1
2026-08-26,SF,五矿期货,74332,-444,70570,960,2
2026-08-26,SF,宏源期货,68096,448,68957,755,3
2026-08-26,SF,国投安信,66618,-369,63586,-256,4
2026-08-26,SF,兴证期货,69802,599,59936,-307,5
2026-08-26,SF,广发期货,60567,953,61583,117,6
2026-08-26,SF,瑞达期货,56568,-665,56775,-751,7
2026-08-26,SF,浙商期货,53821,-698,51673,398,8
2026-08-26,SF,招商期货,53821,150,51548,-14,9
2026-08-26,SF,南华期货,53217,644,50956,-113,10
2026-08-26,SF,光大期货,52378,410,48716,436,11
2026-08-26,SF,海通期货,41500,-338,44944,502,12
2026-08-26,SF,申银万国,42869,-15,42822,162,13
2026-08-26,SF,方正中期,43369,340,41582,-134,14
2026-08-26,SF,东证期货,35615,-748,41451,1163,15
2026-08-26,SF,华泰期货,36919,-614,38890,-110,16
2026-08-26,SF,银河期货,38852,-307,36398,588,17
2026-08-26,SF,国泰君安,38307,-410,34313,-476,18
2026-08-26,SF,中信期货,34367,484,35166,662,19
2026-08-26,SF,永安期货,28273,-159,26121,-418,20
2026-08-27,SF,新湖期货,73294,729,72984,278,1
2026-08-27,SF,五矿期货,74615,283,69873,-697,2
2026-08-27,SF,宏源期货,68913,817,68235,-722,3
2026-08-27,SF,国投安信,66891,273,62982,-604,4
2026-08-27,SF,兴证期货,70281,479,59330,-606,5
2026-08-27,SF,广发期货,59959,-608,61362,-221,6
2026-08-27,SF,瑞达期货,57060,492,57830,1055,7
2026-08-27,SF,浙商期货,53385,-436,52671,998,8
2026-08-27,SF,招商期货,54503,682,51074,-474,9
2026-08-27,SF,南华期货,54032,815,51299,343,10
2026-08-27,SF,光大期货,51535,-843,49679,963,11
2026-08-27,SF,申银万国,42856,-13,43191,369,12
2026-08-27,SF,方正中期,43681,312,42064,482,13
2026-08-27,SF,海通期货,40712,-788,44543,-401,14
2026-08-27,SF,东证期货,35637,22,41505,54,15
2026-08-27,SF,华泰期货,37495,576,38755,-135,16
2026-08-27,SF,银河期货,38944,92,36665,267,17
2026-08-27,SF,国泰君安,38096,-211,35430,1117,18
2026-08-27,SF,中信期货,34868,501,35987,821,19
2026-08-27,SF,永安期货,28119,-154,25716,-405,20
2026-08-28,SF,新湖期货,73641,347,72713,-271,1
2026-08-28,SF,五矿期货,75341,726,70764,891,2
2026-08-28,SF,宏源期货,68931,18,67496,-739,3
2026-08-28,SF,兴证期货,70083,-198,59315,-15,4
2026-08-28,SF,国投安信,66926,35,62407,-575,5
2026-08-28,SF,广发期货,59544,-415,60876,-486,6
2026-08-28,SF,瑞达期货,57001,-59,58096,266,7
2026-08-28,SF,南华期货,54523,491,52294,995,8
2026-08-28,SF,招商期货,55074,571,51521,447,9
2026-08-28,SF,浙商期货,52832,-553,53736,1065,10
2026-08-28,SF,光大期货,51274,-261,49722,43,11
2026-08-28,SF,申银万国,43676,820,43536,345,12
2026-08-28,SF,方正中期,44258,577,41608,-456,13
2026-08-28,SF,海通期货,40668,-44,45122,579,14
2026-08-28,SF,东证期货,34822,-815,41954,449,15
2026-08-28,SF,银河期货,38489,-455,37841,1176,16
2026-08-28,SF,华泰期货,37018,-477,39108,353,17
2026-08-28,SF,国泰君安,38781,685,35958,528,18
2026-08-28,SF,中信期货,35163,295,36136,149,19
2026-08-28,SF,永安期货,28893,774,26227,511,20
2026-08-31,SF,五矿期货,76210,869,70935,171,1
2026-08-31,SF,新湖期货,73425,-216,72914,201,2
2026-08-31,SF,宏源期货,69541,610,67475,-21,3
2026-08-31,SF,兴证期货,70133,50,60414,1099,4
2026-08-31,SF,国投安信,67285,359,62070,-337,5
2026-08-31,SF,广发期货,59075,-469,60872,-4,6
2026-08-31,SF,瑞达期货,56470,-531,57423,-673,7
2026-08-31,SF,招商期货,55623,549,51759,238,8
2026-08-31,SF,南华期货,53987,-536,51662,-632,9
2026-08-31,SF,浙商期货,51904,-928,53424,-312,10
2026-08-31,SF,光大期货,51254,-20,49696,-26,11
2026-08-31,SF,申银万国,44016,340,44562,1026,12
2026-08-31,SF,方正中期,44755,497,42347,739,13
2026-08-31,SF,海通期货,41639,971,44661,-461,14
2026-08-31,SF,华泰期货,37950,932,39506,398,15
2026-08-31,SF,东证期货,34298,-524,42433,479,16
2026-08-31,SF,银河期货,38512,23,37487,-354,17
2026-08-31,SF,国泰君安,38943,162,35565,-393,18
2026-08-31,SF,中信期货,34612,-551,37006,870,19
2026-08-31,SF,永安期货,29260,367,26948,721,20
2026-09-01,SF,新湖期货,74088,663,73931,1017,1
2026-09-01,SF,五矿期货,75906,-304,71172,237,2
2026-09-01,SF,宏源期货,69362,-179,67437,-38,3
2026-09-01,SF,国投安信,68267,982,63168,1098,4
2026-09-01,SF,兴证期货,69579,-554,60711,297,5
2026-09-01,SF,广发期货,58224,-851,61170,298,6
2026-09-01,SF,瑞达期货,55975,-495,57433,10,7
2026-09-01,SF,招商期货,55816,193,52337,578,8
2026-09-01,SF,南华期货,54816,829,52613,951,9
2026-09-01,SF,浙商期货,51669,-235,53412,-12,10
2026-09-01,SF,光大期货,51015,-239,50274,578,11
2026-09-01,SF,申银万国,44525,509,44341,-221,12
2026-09-01,SF,方正中期,44912,157,41943,-404,13
2026-09-01,SF,海通期货,41814,175,45015,354,14
2026-09-01,SF,东证期货,34705,407,43452,1019,15
2026-09-01,SF,华泰期货,37500,-450,40455,949,16
2026-09-01,SF,银河期货,39063,551,37874,387,17
2026-09-01,SF,国泰君安,38716,-227,35096,-469,18
2026-09-01,SF,中信期货,33803,-809,37654,648,19
2026-09-01,SF,永安期货,30175,915,26363,-585,20
2026-09-02,SF,五矿期货,76221,315,72118,946,1
2026-09-02,SF,新湖期货,74287,199,73501,-430,2
2026-09-02,SF,宏源期货,69333,-29,67108,-329,3
2026-09-02,SF,国投安信,67489,-778,63394,226,4
2026-09-02,SF,兴证期货,69951,372,60931,220,5
2026-09-02,SF,广发期货,58063,-161,62071,901,6
2026-09-02,SF,瑞达期货,55641,-334,58148,715,7
2026-09-02,SF,招商期货,56479,663,51819,-518,8
2026-09-02,SF,南华期货,55159,343,52324,-289,9
2026-09-02,SF,浙商期货,51891,222,54121,709,10
2026-09-02,SF,光大期货,50327,-688,50255,-19,11
2026-09-02,SF,申银万国,44568,43,44898,557,12
2026-09-02,SF,海通期货,41379,-435,44688,-327,13
2026-09-02,SF,方正中期,44209,-703,41565,-378,14
2026-09-02,SF,东证期货,34715,10,43111,-341,15
2026-09-02,SF,银河期货,39979,916,37478,-396,16
2026-09-02,SF,华泰期货,36961,-539,39852,-603,17
2026-09-02,SF,国泰君安,37839,-877,35443,347,18
2026-09-02,SF,中信期货,34729,926,38211,557,19
2026-09-02,SF,永安期货,30908,733,26670,307,20
2026-09-03,SF,五矿期货,76987,766,72344,226,1
2026-09-03,SF,新湖期货,74519,232,73706,205,2
2026-09-03,SF,宏源期货,68766,-567,67267,159,3
2026-09-03,SF,国投安信,68161,672,63214,-180,4
2026-09-03,SF,兴证期货,70880,929,60346,-585,5
2026-09-03,SF,广发期货,58852,789,62784,713,6
2026-09-03,SF,瑞达期货,56121,480,58743,595,7
2026-09-03,SF,招商期货,56696,217,52213,394,8
2026-09-03,SF,南华期货,55454,295,51602,-722,9
2026-09-03,SF,浙商期货,51939,48,54191,70,10
2026-09-03,SF,光大期货,51206,879,49863,-392,11
2026-09-03,SF,申银万国,45382,814,45310,412,12
2026-09-03,SF,方正中期,43539,-670,41333,-232,13
2026-09-03,SF,海通期货,40669,-710,44042,-646,14
2026-09-03,SF,东证期货,34100,-615,43720,609,15
2026-09-03,SF,银河期货,40302,323,37127,-351,16
2026-09-03,SF,华泰期货,37000,39,39172,-680,17
2026-09-03,SF,国泰君安,37210,-629,35937,494,18
2026-09-03,SF,中信期货,34338,-391,37619,-592,19
2026-09-03,SF,永安期货,30859,-49,26035,-635,20
2026-09-04,SF,五矿期货,76283,-704,72824,480,1
2026-09-04,SF,新湖期货,74368,-151,74638,932,2
2026-09-04,SF,宏源期货,68788,22,67908,641,3
2026-09-04,SF,兴证期货,71630,750,61448,1102,4
2026-09-04,SF,国投安信,67565,-596,63524,310,5
2026-09-04,SF,广发期货,58631,-221,62294,-490,6
2026-09-04,SF,瑞达期货,55333,-788,58016,-727,7
2026-09-04,SF,招商期货,56895,199,51593,-620,8
2026-09-04,SF,南华期货,54914,-540,51616,14,9
2026-09-04,SF,浙商期货,51857,-82,54652,461,10
2026-09-04,SF,光大期货,50897,-309,50991,1128,11
2026-09-04,SF,申银万国,45722,340,45596,286,12
2026-09-04,SF,方正中期,44012,473,41977,644,13
2026-09-04,SF,海通期货,40200,-469,43625,-417,14
2026-09-04,SF,东证期货,34890,790,44611,891,15
2026-09-04,SF,银河期货,41039,737,37640,513,16
2026-09-04,SF,华泰期货,36362,-638,39688,516,17
2026-09-04,SF,国泰君安,37550,340,35549,-388,18
2026-09-04,SF,中信期货,35148,810,37780,161,19
2026-09-04,SF,永安期货,30318,-541,25804,-231,20
2026-07-27,SM,五矿期货,74300,-382,68751,423,1
2026-07-27,SM,新湖期货,73947,-20,65799,-241,2
2026-07-27,SM,宏源期货,69157,135,62005,376,3
2026-07-27,SM,兴证期货,66811,-644,60072,-2,4
2026-07-27,SM,国投安信,65091,131,58901,228,5
2026-07-27,SM,瑞达期货,62272,120,55888,845,6
2026-07-27,SM,广发期货,59049,-593,54440,86,7
2026-07-27,SM,南华期货,57545,-197,51434,786,8
2026-07-27,SM,招商期货,54389,-446,48833,633,9
2026-07-27,SM,浙商期货,52512,-262,47554,493,10
2026-07-27,SM,光大期货,49814,-143,44535,396,11
2026-07-27,SM,方正中期,46517,740,43407,337,12
2026-07-27,SM,海通期货,44232,-491,39892,-225,13
2026-07-27,SM,申银万国,42491,324,38876,438,14
2026-07-27,SM,华泰期货,39314,-694,34116,112,15
2026-07-27,SM,东证期货,37026,-149,31771,-462,16
2026-07-27,SM,国泰君安,32694,518,30128,967,17
2026-07-27,SM,银河期货,32837,-244,29938,157,18
2026-07-27,SM,中信期货,29799,450,24699,-260,19
2026-07-27,SM,永安期货,24318,-876,23314,88,20
2026-07-28,SM,五矿期货,75186,886,69220,469,1
2026-07-28,SM,新湖期货,73234,-713,66004,205,2
2026-07-28,SM,宏源期货,68333,-824,62931,926,3
2026-07-28,SM,兴证期货,65811,-1000,60959,887,4
2026-07-28,SM,国投安信,64877,-214,59443,542,5
2026-07-28,SM,瑞达期货,61368,-904,55457,-431,6
2026-07-28,SM,广发期货,59440,391,55127,687,7
2026-07-28,SM,南华期货,57792,247,52101,667,8
2026-07-28,SM,招商期货,55019,630,49200,367,9
2026-07-28,SM,浙商期货,53111,599,47487,-67,10
2026-07-28,SM,光大期货,49845,31,44595,60,11
2026-07-28,SM,方正中期,45712,-805,43086,-321,12
2026-07-28,SM,海通期货,44654,422,39463,-429,13
2026-07-28,SM,申银万国,42395,-96,39719,843,14
2026-07-28,SM,华泰期货,39835,521,33826,-290,15
2026-07-28,SM,东证期货,37486,460,31334,-437,16
2026-07-28,SM,银河期货,33698,861,31027,1089,17
2026-07-28,SM,国泰君安,33310,616,29730,-398,18
2026-07-28,SM,中信期货,30353,554,24834,135,19
2026-07-28,SM,永安期货,24133,-185,24219,905,20
2026-07-29,SM,五矿期货,75606,420,68934,-286,1
2026-07-29,SM,新湖期货,73269,35,66300,296,2
2026-07-29,SM,宏源期货,68928,595,63398,467,3
2026-07-29,SM,兴证期货,65199,-612,60267,-692,4
2026-07-29,SM,国投安信,64928,51,59268,-175,5
2026-07-29,SM,瑞达期货,61703,335,56343,886,6
2026-07-29,SM,广发期货,58843,-597,56108,981,7
2026-07-29,SM,南华期货,57681,-111,51362,-739,8
2026-07-29,SM,招商期货,55320,301,49452,252,9
2026-07-29,SM,浙商期货,53780,669,47085,-402,10
2026-07-29,SM,光大期货,48952,-893,45419,824,11
2026-07-29,SM,方正中期,46159,447,43549,463,12
2026-07-29,SM,海通期货,44711,57,39289,-174,13
2026-07-29,SM,申银万国,42642,247,40302,583,14
2026-07-29,SM,华泰期货,39612,-223,33886,60,15
2026-07-29,SM,东证期货,36673,-813,32137,803,16
2026-07-29,SM,银河期货,32971,-727,31594,567,17
2026-07-29,SM,国泰君安,32874,-436,29809,79,18
2026-07-29,SM,中信期货,29594,-759,24692,-142,19
2026-07-29,SM,永安期货,24134,1,23719,-500,20
2026-07-30,SM,五矿期货,75162,-444,68637,-297,1
2026-07-30,SM,新湖期货,74231,962,67210,910,2
2026-07-30,SM,宏源期货,68630,-298,63349,-49,3
2026-07-30,SM,兴证期货,66062,863,60700,433,4
2026-07-30,SM,国投安信,65617,689,59653,385,5
2026-07-30,SM,瑞达期货,61275,-428,57070,727,6
2026-07-30,SM,广发期货,58017,-826,56473,365,7
2026-07-30,SM,南华期货,56811,-870,52484,1122,8
2026-07-30,SM,招商期货,55819,499,50133,681,9
2026-07-30,SM,浙商期货,53830,50,46356,-729,10
2026-07-30,SM,光大期货,49142,190,45069,-350,11
2026-07-30,SM,方正中期,45958,-201,43619,70,12
2026-07-30,SM,海通期货,44424,-287,39900,611,13
2026-07-30,SM,申银万国,43228,586,40360,58,14
2026-07-30,SM,华泰期货,38779,-833,33691,-195,15
2026-07-30,SM,东证期货,37781,1108,31779,-358,16
2026-07-30,SM,银河期货,33422,451,30914,-680,17
2026-07-30,SM,国泰君安,32720,-154,29618,-191,18
2026-07-30,SM,中信期货,30084,490,24085,-607,19
2026-07-30,SM,永安期货,24503,369,23386,-333,20
2026-07-31,SM,五矿期货,76120,958,69465,828,1
2026-07-31,SM,新湖期货,74772,541,67145,-65,2
2026-07-31,SM,宏源期货,69196,566,63087,-262,3
2026-07-31,SM,兴证期货,66205,143,60930,230,4
2026-07-31,SM,国投安信,66585,968,59665,12,5
2026-07-31,SM,瑞达期货,61686,411,57216,146,6
2026-07-31,SM,广发期货,58184,167,56225,-248,7
2026-07-31,SM,南华期货,57466,655,53348,864,8
2026-07-31,SM,招商期货,56603,784,50474,341,9
2026-07-31,SM,浙商期货,54779,949,46123,-233,10
2026-07-31,SM,光大期货,49776,634,45360,291,11
2026-07-31,SM,方正中期,46887,929,43098,-521,12
2026-07-31,SM,海通期货,44016,-408,39836,-64,13
2026-07-31,SM,申银万国,42366,-862,40630,270,14
2026-07-31,SM,华泰期货,37987,-792,34075,384,15
2026-07-31,SM,东证期货,37724,-57,32135,356,16
2026-07-31,SM,银河期货,33066,-356,30592,-322,17
2026-07-31,SM,国泰君安,33007,287,28947,-671,18
2026-07-31,SM,中信期货,30125,41,24232,147,19
2026-07-31,SM,永安期货,24854,351,23104,-282,20
2026-08-03,SM,五矿期货,77017,897,69070,-395,1
2026-08-03,SM,新湖期货,73917,-855,67520,375,2
2026-08-03,SM,宏源期货,69867,671,63027,-60,3
2026-08-03,SM,兴证期货,66574,369,61703,773,4
2026-08-03,SM,国投安信,65765,-820,59722,57,5
2026-08-03,SM,瑞达期货,61184,-502,57044,-172,6
2026-08-03,SM,广发期货,58878,694,56004,-221,7
2026-08-03,SM,南华期货,56475,-991,54023,675,8
2026-08-03,SM,招商期货,56650,47,50811,337,9
2026-08-03,SM,浙商期货,54613,-166,46086,-37,10
2026-08-03,SM,光大期货,50404,628,45246,-114,11
2026-08-03,SM,方正中期,47313,426,42808,-290,12
2026-08-03,SM,申银万国,42653,287,41485,855,13
2026-08-03,SM,海通期货,43457,-559,40462,626,14
2026-08-03,SM,华泰期货,37115,-872,34098,23,15
2026-08-03,SM,东证期货,37072,-652,31983,-152,16
2026-08-03,SM,国泰君安,33318,311,30032,1085,17
2026-08-03,SM,银河期货,32232,-834,30899,307,18
2026-08-03,SM,中信期货,30178,53,25388,1156,19
2026-08-03,SM,永安期货,24903,49,23819,715,20
2026-08-04,SM,五矿期货,77015,-2,69567,497,1
2026-08-04,SM,新湖期货,74864,947,68118,598,2
2026-08-04,SM,宏源期货,69017,-850,63651,624,3
2026-08-04,SM,兴证期货,65809,-765,62827,1124,4
2026-08-04,SM,国投安信,66350,585,59180,-542,5
2026-08-04,SM,瑞达期货,60903,-281,56603,-441,6
2026-08-04,SM,广发期货,59580,702,56510,506,7
2026-08-04,SM,南华期货,57174,699,53774,-249,8
2026-08-04,SM,招商期货,56109,-541,50466,-345,9
2026-08-04,SM,浙商期货,54146,-467,45749,-337,10
2026-08-04,SM,光大期货,49889,-515,46273,1027,11
2026-08-04,SM,方正中期,46783,-530,43554,746,12
2026-08-04,SM,海通期货,43956,499,40110,-352,13
2026-08-04,SM,申银万国,42032,-621,41746,261,14
2026-08-04,SM,华泰期货,37504,389,35201,1103,15
2026-08-04,SM,东证期货,38121,1049,32831,848,16
2026-08-04,SM,国泰君安,34259,941,30526,494,17
2026-08-04,SM,银河期货,31893,-339,30593,-306,18
2026-08-04,SM,中信期货,30012,-166,25155,-233,19
2026-08-04,SM,永安期货,24988,85,23781,-38,20
2026-08-05,SM,五矿期货,76716,-299,69613,46,1
2026-08-05,SM,新湖期货,73920,-944,68387,269,2
2026-08-05,SM,宏源期货,69931,914,63998,347,3
2026-08-05,SM,兴证期货,65665,-144,63046,219,4
2026-08-05,SM,国投安信,66416,66,60056,876,5
2026-08-05,SM,广发期货,60106,526,56931,421,6
2026-08-05,SM,瑞达期货,60155,-748,55953,-650,7
2026-08-05,SM,南华期货,56978,-196,53468,-306,8
2026-08-05,SM,招商期货,56145,36,50279,-187,9
2026-08-05,SM,浙商期货,54701,555,46864,1115,10
2026-08-05,SM,光大期货,49884,-5,45887,-386,11
2026-08-05,SM,方正中期,47552,769,43356,-198,12
2026-08-05,SM,申银万国,42861,829,42790,1044,13
2026-08-05,SM,海通期货,44783,827,40526,416,14
2026-08-05,SM,华泰期货,37139,-365,35449,248,15
2026-08-05,SM,东证期货,37991,-130,33422,591,16
2026-08-05,SM,国泰君安,35330,1071,29932,-594,17
2026-08-05,SM,银河期货,32739,846,30900,307,18
2026-08-05,SM,中信期货,30877,865,25583,428,19
2026-08-05,SM,永安期货,24111,-877,24666,885,20
2026-08-06,SM,五矿期货,77246,530,69615,2,1
2026-08-06,SM,新湖期货,73768,-152,69062,675,2
2026-08-06,SM,宏源期货,69789,-142,63669,-329,3
2026-08-06,SM,兴证期货,65031,-634,63307,261,4
2026-08-06,SM,国投安信,66108,-308,60045,-11,5
2026-08-06,SM,瑞达期货,60110,-45,56448,495,6
2026-08-06,SM,广发期货,59581,-525,56722,-209,7
2026-08-06,SM,南华期货,57091,113,53246,-222,8
2026-08-06,SM,招商期货,55666,-479,49902,-377,9
2026-08-06,SM,浙商期货,54945,244,47869,1005,10
2026-08-06,SM,光大期货,49540,-344,45867,-20,11
2026-08-06,SM,方正中期,47731,179,42802,-554,12
2026-08-06,SM,申银万国,41875,-986,43410,620,13
2026-08-06,SM,海通期货,44204,-579,40543,17,14
2026-08-06,SM,华泰期货,37540,401,34706,-743,15
2026-08-06,SM,东证期货,38043,52,33388,-34,16
2026-08-06,SM,国泰君安,35376,46,29498,-434,17
2026-08-06,SM,银河期货,33279,540,31281,381,18
2026-08-06,SM,中信期货,31576,699,25260,-323,19
2026-08-06,SM,永安期货,24983,872,25391,725,20
2026-08-07,SM,五矿期货,77329,83,70330,715,1
2026-08-07,SM,新湖期货,74049,281,69360,298,2
2026-08-07,SM,宏源期货,70608,819,64648,979,3
2026-08-07,SM,兴证期货,65044,13,62822,-485,4
2026-08-07,SM,国投安信,65459,-649,60148,103,5
2026-08-07,SM,瑞达期货,60750,640,55707,-741,6
2026-08-07,SM,广发期货,58877,-704,56930,208,7
2026-08-07,SM,南华期货,58045,954,53998,752,8
2026-08-07,SM,招商期货,54954,-712,50780,878,9
2026-08-07,SM,浙商期货,54715,-230,47510,-359,10
2026-08-07,SM,光大期货,49415,-125,46860,993,11
2026-08-07,SM,方正中期,47203,-528,43179,377,12
2026-08-07,SM,申银万国,41069,-806,44126,716,13
2026-08-07,SM,海通期货,43746,-458,41429,886,14
2026-08-07,SM,华泰期货,36998,-542,35613,907,15
2026-08-07,SM,东证期货,38332,289,34112,724,16
2026-08-07,SM,国泰君安,35409,33,29186,-312,17
2026-08-07,SM,银河期货,33559,280,30869,-412,18
2026-08-07,SM,中信期货,31506,-70,25152,-108,19
2026-08-07,SM,永安期货,24840,-143,26460,1069,20
2026-08-10,SM,五矿期货,78291,962,70810,480,1
2026-08-10,SM,新湖期货,74815,766,69991,631,2
2026-08-10,SM,宏源期货,69846,-762,64607,-41,3
2026-08-10,SM,兴证期货,64074,-970,62905,83,4
2026-08-10,SM,国投安信,64976,-483,60092,-56,5
2026-08-10,SM,瑞达期货,60881,131,56605,898,6
2026-08-10,SM,广发期货,58604,-273,57317,387,7
2026-08-10,SM,南华期货,57567,-478,53977,-21,8
2026-08-10,SM,招商期货,55468,514,50705,-75,9
2026-08-10,SM,浙商期货,53902,-813,47671,161,10
2026-08-10,SM,光大期货,50123,708,47389,529,11
2026-08-10,SM,方正中期,46713,-490,43394,215,12
2026-08-10,SM,海通期货,43177,-569,42335,906,13
2026-08-10,SM,申银万国,40393,-676,43488,-638,14
2026-08-10,SM,华泰期货,36190,-808,36267,654,15
2026-08-10,SM,东证期货,37539,-793,34247,135,16
2026-08-10,SM,银河期货,34427,868,31351,482,17
2026-08-10,SM,国泰君安,35032,-377,29657,471,18
2026-08-10,SM,中信期货,31612,106,25086,-66,19
2026-08-10,SM,永安期货,24596,-244,27388,928,20
2026-08-11,SM,五矿期货,79138,847,70196,-614,1
2026-08-11,SM,新湖期货,74633,-182,70969,978,2
2026-08-11,SM,宏源期货,70090,244,65017,410,3
2026-08-11,SM,兴证期货,63927,-147,63437,532,4
2026-08-11,SM,国投安信,65867,891,60022,-70,5
2026-08-11,SM,瑞达期货,61182,301,57499,894,6
2026-08-11,SM,广发期货,59372,768,56900,-417,7
2026-08-11,SM,南华期货,58516,949,53513,-464,8
2026-08-11,SM,招商期货,55407,-61,51238,533,9
2026-08-11,SM,浙商期货,54148,246,47497,-174,10
2026-08-11,SM,光大期货,49273,-850,47409,20,11
2026-08-11,SM,方正中期,46618,-95,44455,1061,12
2026-08-11,SM,海通期货,43753,576,43083,748,13
2026-08-11,SM,申银万国,40428,35,43726,238,14
2026-08-11,SM,华泰期货,35845,-345,36885,618,15
2026-08-11,SM,东证期货,37231,-308,34294,47,16
2026-08-11,SM,银河期货,33894,-533,32269,918,17
2026-08-11,SM,国泰君安,35471,439,30079,422,18
2026-08-11,SM,中信期货,31901,289,25736,650,19
2026-08-11,SM,永安期货,24113,-483,27889,501,20
2026-08-12,SM,五矿期货,78291,-847,69867,-329,1
2026-08-12,SM,新湖期货,75058,425,71744,775,2
2026-08-12,SM,宏源期货,71006,916,65780,763,3
2026-08-12,SM,兴证期货,64272,345,63192,-245,4
2026-08-12,SM,国投安信,66347,480,59742,-280,5
2026-08-12,SM,瑞达期货,60219,-963,56995,-504,6
2026-08-12,SM,广发期货,58738,-634,57889,989,7
2026-08-12,SM,南华期货,58353,-163,53095,-418,8
2026-08-12,SM,招商期货,55463,56,51400,162,9
2026-08-12,SM,浙商期货,54669,521,47939,442,10
2026-08-12,SM,光大期货,50185,912,47392,-17,11
2026-08-12,SM,方正中期,47207,589,45462,1007,12
2026-08-12,SM,海通期货,44560,807,43234,151,13
2026-08-12,SM,申银万国,40227,-201,43521,-205,14
2026-08-12,SM,华泰期货,36074,229,37445,560,15
2026-08-12,SM,东证期货,37795,564,34161,-133,16
2026-08-12,SM,银河期货,34341,447,32185,-84,17
2026-08-12,SM,国泰君安,35223,-248,30047,-32,18
2026-08-12,SM,中信期货,31714,-187,25523,-213,19
2026-08-12,SM,永安期货,23385,-728,27540,-349,20
2026-08-13,SM,五矿期货,78011,-280,70869,1002,1
2026-08-13,SM,新湖期货,74119,-939,72342,598,2
2026-08-13,SM,宏源期货,70345,-661,65078,-702,3
2026-08-13,SM,兴证期货,64340,68,64149,957,4
2026-08-13,SM,国投安信,65595,-752,59250,-492,5
2026-08-13,SM,瑞达期货,60116,-103,57518,523,6
2026-08-13,SM,广发期货,59238,500,57710,-179,7
2026-08-13,SM,南华期货,57812,-541,52841,-254,8
2026-08-13,SM,招商期货,55251,-212,51273,-127,9
2026-08-13,SM,浙商期货,55000,331,48992,1053,10
2026-08-13,SM,光大期货,49493,-692,46804,-588,11
2026-08-13,SM,方正中期,46734,-473,45967,505,12
2026-08-13,SM,海通期货,43720,-840,42686,-548,13
2026-08-13,SM,申银万国,40290,63,44327,806,14
2026-08-13,SM,华泰期货,36642,568,37498,53,15
2026-08-13,SM,东证期货,37015,-780,33534,-627,16
2026-08-13,SM,银河期货,34420,79,32628,443,17
2026-08-13,SM,国泰君安,34463,-760,31166,1119,18
2026-08-13,SM,中信期货,31034,-680,25038,-485,19
2026-08-13,SM,永安期货,22836,-549,27673,133,20
2026-08-14,SM,五矿期货,77845,-166,70641,-228,1
2026-08-14,SM,新湖期货,73739,-380,72331,-11,2
2026-08-14,SM,宏源期货,69518,-827,65222,144,3
2026-08-14,SM,兴证期货,63795,-545,65037,888,4
2026-08-14,SM,国投安信,65571,-24,59595,345,5
2026-08-14,SM,瑞达期货,60967,851,57469,-49,6
2026-08-14,SM,广发期货,59321,83,57584,-126,7
2026-08-14,SM,南华期货,58112,300,53390,549,8
2026-08-14,SM,招商期货,55131,-120,51585,312,9
2026-08-14,SM,浙商期货,55786,786,49387,395,10
2026-08-14,SM,光大期货,50016,523,47346,542,11
2026-08-14,SM,方正中期,46659,-75,46499,532,12
2026-08-14,SM,海通期货,43920,200,43149,463,13
2026-08-14,SM,申银万国,40384,94,43929,-398,14
2026-08-14,SM,华泰期货,35908,-734,38166,668,15
2026-08-14,SM,东证期货,37248,233,33765,231,16
2026-08-14,SM,银河期货,34637,217,32505,-123,17
2026-08-14,SM,国泰君安,34529,66,32269,1103,18
2026-08-14,SM,中信期货,31913,879,25333,295,19
2026-08-14,SM,永安期货,23820,984,27659,-14,20
2026-08-17,SM,五矿期货,77169,-676,71345,704,1
2026-08-17,SM,新湖期货,73537,-202,72082,-249,2
2026-08-17,SM,宏源期货,69656,138,65357,135,3
2026-08-17,SM,兴证期货,63628,-167,66083,1046,4
2026-08-17,SM,国投安信,65326,-245,59221,-374,5
2026-08-17,SM,瑞达期货,59971,-996,57831,362,6
2026-08-17,SM,广发期货,58784,-537,58455,871,7
2026-08-17,SM,南华期货,57701,-411,53852,462,8
2026-08-17,SM,招商期货,55002,-129,52459,874,9
2026-08-17,SM,浙商期货,54794,-992,50195,808,10
2026-08-17,SM,光大期货,49983,-33,47199,-147,11
2026-08-17,SM,方正中期,46656,-3,47286,787,12
2026-08-17,SM,海通期货,44318,398,44277,1128,13
2026-08-17,SM,申银万国,40469,85,43186,-743,14
2026-08-17,SM,华泰期货,35485,-423,38366,200,15
2026-08-17,SM,东证期货,36637,-611,33789,24,16
2026-08-17,SM,银河期货,35299,662,33561,1056,17
2026-08-17,SM,国泰君安,34710,181,33258,989,18
2026-08-17,SM,中信期货,31044,-869,24653,-680,19
2026-08-17,SM,永安期货,23248,-572,27600,-59,20
2026-08-18,SM,五矿期货,76716,-453,72019,674,1
2026-08-18,SM,新湖期货,73792,255,72249,167,2
2026-08-18,SM,宏源期货,69950,294,65529,172,3
2026-08-18,SM,兴证期货,63211,-417,65549,-534,4
2026-08-18,SM,国投安信,64689,-637,58740,-481,5
2026-08-18,SM,瑞达期货,60708,737,57211,-620,6
2026-08-18,SM,广发期货,58619,-165,58080,-375,7
2026-08-18,SM,南华期货,58347,646,53642,-210,8
2026-08-18,SM,招商期货,55513,511,52788,329,9
2026-08-18,SM,浙商期货,54367,-427,50763,568,10
2026-08-18,SM,光大期货,50375,392,46995,-204,11
2026-08-18,SM,方正中期,47299,643,47947,661,12
2026-08-18,SM,海通期货,45171,853,44772,495,13
2026-08-18,SM,申银万国,41024,555,44064,878,14
2026-08-18,SM,华泰期货,34965,-520,38664,298,15
2026-08-18,SM,东证期货,36611,-26,34389,600,16
2026-08-18,SM,银河期货,34947,-352,33043,-518,17
2026-08-18,SM,国泰君安,34594,-116,33029,-229,18
2026-08-18,SM,中信期货,30952,-92,25669,1016,19
2026-08-18,SM,永安期货,23867,619,28242,642,20
2026-08-19,SM,五矿期货,77433,717,72796,777,1
2026-08-19,SM,新湖期货,73458,-334,71653,-596,2
2026-08-19,SM,宏源期货,70560,610,64833,-696,3
2026-08-19,SM,兴证期货,63150,-61,66216,667,4
2026-08-19,SM,国投安信,64699,10,58740,0,5
2026-08-19,SM,瑞达期货,61307,599,58088,877,6
2026-08-19,SM,广发期货,58469,-150,57958,-122,7
2026-08-19,SM,南华期货,57781,-566,53582,-60,8
2026-08-19,SM,招商期货,54533,-980,53038,250,9
2026-08-19,SM,浙商期货,53541,-826,50311,-452,10
2026-08-19,SM,光大期货,49381,-994,46711,-284,11
2026-08-19,SM,方正中期,47186,-113,48676,729,12
2026-08-19,SM,海通期货,44417,-754,45476,704,13
2026-08-19,SM,申银万国,40591,-433,43855,-209,14
2026-08-19,SM,华泰期货,35946,981,38113,-551,15
2026-08-19,SM,东证期货,35766,-845,34089,-300,16
2026-08-19,SM,银河期货,34158,-789,33458,415,17
2026-08-19,SM,国泰君安,33743,-851,32660,-369,18
2026-08-19,SM,中信期货,30446,-506,25645,-24,19
2026-08-19,SM,永安期货,24252,385,28569,327,20
2026-08-20,SM,五矿期货,77219,-214,73431,635,1
2026-08-20,SM,新湖期货,72874,-584,71861,208,2
2026-08-20,SM,宏源期货,70617,57,65436,603,3
2026-08-20,SM,兴证期货,63718,568,65648,-568,4
2026-08-20,SM,国投安信,64632,-67,59485,745,5
2026-08-20,SM,瑞达期货,60365,-942,57735,-353,6
2026-08-20,SM,广发期货,57965,-504,58708,750,7
2026-08-20,SM,南华期货,58767,986,53729,147,8
2026-08-20,SM,招商期货,54311,-222,53857,819,9
2026-08-20,SM,浙商期货,53994,453,50060,-251,10
2026-08-20,SM,光大期货,48620,-761,47524,813,11
2026-08-20,SM,方正中期,47872,686,47941,-735,12
2026-08-20,SM,海通期货,45080,663,45497,21,13
2026-08-20,SM,申银万国,41304,713,43607,-248,14
2026-08-20,SM,华泰期货,35329,-617,39187,1074,15
2026-08-20,SM,东证期货,35838,72,33780,-309,16
2026-08-20,SM,银河期货,33414,-744,33890,432,17
2026-08-20,SM,国泰君安,34441,698,32783,123,18
2026-08-20,SM,中信期货,29670,-776,25510,-135,19
2026-08-20,SM,永安期货,25310,1058,28188,-381,20
2026-08-21,SM,五矿期货,78193,974,72757,-674,1
2026-08-21,SM,新湖期货,72361,-513,71119,-742,2
2026-08-21,SM,宏源期货,70417,-200,66292,856,3
2026-08-21,SM,兴证期货,63905,187,65133,-515,4
2026-08-21,SM,国投安信,65248,616,59290,-195,5
2026-08-21,SM,瑞达期货,59385,-980,57317,-418,6
2026-08-21,SM,广发期货,57844,-121,58612,-96,7
2026-08-21,SM,南华期货,58240,-527,54265,536,8
2026-08-21,SM,招商期货,53747,-564,53328,-529,9
2026-08-21,SM,浙商期货,54752,758,50665,605,10
2026-08-21,SM,光大期货,49427,807,46870,-654,11
2026-08-21,SM,方正中期,47268,-604,47919,-22,12
2026-08-21,SM,海通期货,45377,297,45348,-149,13
2026-08-21,SM,申银万国,40812,-492,43832,225,14
2026-08-21,SM,华泰期货,35385,56,38677,-510,15
2026-08-21,SM,东证期货,36473,635,34225,445,16
2026-08-21,SM,银河期货,34015,601,33296,-594,17
2026-08-21,SM,国泰君安,33875,-566,33391,608,18
2026-08-21,SM,中信期货,30697,1027,25491,-19,19
2026-08-21,SM,永安期货,26388,1078,28147,-41,20
2026-08-24,SM,五矿期货,79009,816,72895,138,1
2026-08-24,SM,新湖期货,72062,-299,72008,889,2
2026-08-24,SM,宏源期货,70727,310,67081,789,3
2026-08-24,SM,兴证期货,64038,133,65987,854,4
2026-08-24,SM,国投安信,64714,-534,59178,-112,5
2026-08-24,SM,广发期货,58454,610,58071,-541,6
2026-08-24,SM,瑞达期货,58632,-753,57556,239,7
2026-08-24,SM,南华期货,58666,426,54603,338,8
2026-08-24,SM,招商期货,54057,310,52883,-445,9
2026-08-24,SM,浙商期货,53864,-888,50633,-32,10
2026-08-24,SM,光大期货,49697,270,46232,-638,11
2026-08-24,SM,方正中期,46951,-317,48714,795,12
2026-08-24,SM,海通期货,45771,394,45854,506,13
2026-08-24,SM,申银万国,40825,13,43259,-573,14
2026-08-24,SM,华泰期货,34884,-501,38239,-438,15
2026-08-24,SM,东证期货,37161,688,33728,-497,16
2026-08-24,SM,国泰君安,34394,519,33932,541,17
2026-08-24,SM,银河期货,33442,-573,33376,80,18
2026-08-24,SM,中信期货,31221,524,25784,293,19
2026-08-24,SM,永安期货,26688,300,29071,924,20
2026-08-25,SM,五矿期货,78919,-90,72740,-155,1
2026-08-25,SM,新湖期货,72139,77,71565,-443,2
2026-08-25,SM,宏源期货,70045,-682,66462,-619,3
2026-08-25,SM,兴证期货,64790,752,66362,375,4
2026-08-25,SM,国投安信,64930,216,60290,1112,5
2026-08-25,SM,瑞达期货,59398,766,58498,942,6
2026-08-25,SM,广发期货,58403,-51,57874,-197,7
2026-08-25,SM,南华期货,58318,-348,55342,739,8
2026-08-25,SM,招商期货,54160,103,52835,-48,9
2026-08-25,SM,浙商期货,54014,150,50255,-378,10
2026-08-25,SM,方正中期,47052,101,49381,667,11
2026-08-25,SM,光大期货,49690,-7,45860,-372,12
2026-08-25,SM,海通期货,45905,134,45697,-157,13
2026-08-25,SM,申银万国,41262,437,43395,136,14
2026-08-25,SM,华泰期货,33954,-930,38472,233,15
2026-08-25,SM,东证期货,36784,-377,34888,1160,16
2026-08-25,SM,国泰君安,34277,-117,33985,53,17
2026-08-25,SM,银河期货,34035,593,32971,-405,18
2026-08-25,SM,中信期货,30374,-847,26515,731,19
2026-08-25,SM,永安期货,27299,611,28786,-285,20
2026-08-26,SM,五矿期货,78748,-171,73292,552,1
2026-08-26,SM,新湖期货,71708,-431,71465,-100,2
2026-08-26,SM,宏源期货,69350,-695,66957,495,3
2026-08-26,SM,兴证期货,65348,558,66731,369,4
2026-08-26,SM,国投安信,65319,389,60548,258,5
2026-08-26,SM,瑞达期货,58776,-622,58811,313,6
2026-08-26,SM,广发期货,59070,667,57907,33,7
2026-08-26,SM,南华期货,59288,970,55685,343,8
2026-08-26,SM,招商期货,53279,-881,53423,588,9
2026-08-26,SM,浙商期货,53660,-354,50971,716,10
2026-08-26,SM,方正中期,46787,-265,50210,829,11
2026-08-26,SM,光大期货,49950,260,45589,-271,12
2026-08-26,SM,海通期货,46164,259,46691,994,13
2026-08-26,SM,申银万国,42060,798,42673,-722,14
2026-08-26,SM,华泰期货,34446,492,38091,-381,15
2026-08-26,SM,东证期货,36930,146,34984,96,16
2026-08-26,SM,银河期货,34734,699,33597,626,17
2026-08-26,SM,国泰君安,34316,39,33306,-679,18
2026-08-26,SM,中信期货,30593,219,26586,71,19
2026-08-26,SM,永安期货,28087,788,28645,-141,20
2026-08-27,SM,五矿期货,78165,-583,73874,582,1
2026-08-27,SM,新湖期货,70724,-984,72591,1126,2
2026-08-27,SM,宏源期货,69810,460,66342,-615,3
2026-08-27,SM,兴证期货,64790,-558,67211,480,4
2026-08-27,SM,国投安信,64409,-910,60538,-10,5
2026-08-27,SM,广发期货,59337,267,58583,676,6
2026-08-27,SM,瑞达期货,58974,198,58575,-236,7
2026-08-27,SM,南华期货,59281,-7,56001,316,8
2026-08-27,SM,招商期货,53064,-215,54010,587,9
2026-08-27,SM,浙商期货,53964,304,51923,952,10
2026-08-27,SM,方正中期,46169,-618,49652,-558,11
2026-08-27,SM,光大期货,49005,-945,45998,409,12
2026-08-27,SM,海通期货,45373,-791,46925,234,13
2026-08-27,SM,申银万国,41114,-946,42326,-347,14
2026-08-27,SM,华泰期货,33801,-645,39119,1028,15
2026-08-27,SM,东证期货,37960,1030,34569,-415,16
2026-08-27,SM,银河期货,33933,-801,34627,1030,17
2026-08-27,SM,国泰君安,34775,459,32762,-544,18
2026-08-27,SM,中信期货,29900,-693,26977,391,19
2026-08-27,SM,永安期货,27856,-231,28191,-454,20
2026-08-28,SM,五矿期货,77543,-622,73509,-365,1
2026-08-28,SM,新湖期货,70802,78,72620,29,2
2026-08-28,SM,宏源期货,70285,475,66055,-287,3
2026-08-28,SM,兴证期货,63978,-812,66658,-553,4
2026-08-28,SM,国投安信,65366,957,60841,303,5
2026-08-28,SM,瑞达期货,59898,924,58257,-318,6
2026-08-28,SM,广发期货,58949,-388,57982,-601,7
2026-08-28,SM,南华期货,58415,-866,56949,948,8
2026-08-28,SM,招商期货,52137,-927,54753,743,9
2026-08-28,SM,浙商期货,53498,-466,52246,323,10
2026-08-28,SM,光大期货,49681,676,46501,503,11
2026-08-28,SM,方正中期,46609,440,49011,-641,12
2026-08-28,SM,海通期货,45118,-255,47791,866,13
2026-08-28,SM,申银万国,40955,-159,43249,923,14
2026-08-28,SM,华泰期货,34313,512,40182,1063,15
2026-08-28,SM,东证期货,37809,-151,35031,462,16
2026-08-28,SM,国泰君安,34843,68,33722,960,17
2026-08-28,SM,银河期货,34351,418,34071,-556,18
2026-08-28,SM,永安期货,27972,116,29333,1142,19
2026-08-28,SM,中信期货,30714,814,26460,-517,20
2026-08-31,SM,五矿期货,77659,116,73413,-96,1
2026-08-31,SM,新湖期货,71640,838,72505,-115,2
2026-08-31,SM,宏源期货,70182,-103,66016,-39,3
2026-08-31,SM,兴证期货,64061,83,67126,468,4
2026-08-31,SM,国投安信,65702,336,60404,-437,5
2026-08-31,SM,瑞达期货,59921,23,58188,-69,6
2026-08-31,SM,广发期货,59065,116,58044,62,7
2026-08-31,SM,南华期货,59027,612,56558,-391,8
2026-08-31,SM,浙商期货,53362,-136,53294,1048,9
2026-08-31,SM,招商期货,51340,-797,54334,-419,10
2026-08-31,SM,光大期货,50109,428,47103,602,11
2026-08-31,SM,方正中期,46980,371,49190,179,12
2026-08-31,SM,海通期货,45288,170,47764,-27,13
2026-08-31,SM,申银万国,41514,559,43796,547,14
2026-08-31,SM,华泰期货,34831,518,39638,-544,15
2026-08-31,SM,东证期货,38062,253,35201,170,16
2026-08-31,SM,银河期货,34604,253,34925,854,17
2026-08-31,SM,国泰君安,35233,390,33408,-314,18
2026-08-31,SM,永安期货,28159,187,29998,665,19
2026-08-31,SM,中信期货,30333,-381,26947,487,20
2026-09-01,SM,五矿期货,78401,742,73297,-116,1
2026-09-01,SM,新湖期货,71084,-556,72184,-321,2
2026-09-01,SM,宏源期货,69185,-997,65871,-145,3
2026-09-01,SM,兴证期货,64874,813,66984,-142,4
2026-09-01,SM,国投安信,65752,50,59920,-484,5
2026-09-01,SM,瑞达期货,60131,210,57461,-727,6
2026-09-01,SM,广发期货,58125,-940,57866,-178,7
2026-09-01,SM,南华期货,58017,-1010,57285,727,8
2026-09-01,SM,浙商期货,53089,-273,53460,166,9
2026-09-01,SM,招商期货,51246,-94,54387,53,10
2026-09-01,SM,光大期货,50623,514,46863,-240,11
2026-09-01,SM,方正中期,47096,116,50326,1136,12
2026-09-01,SM,海通期货,45046,-242,48572,808,13
2026-09-01,SM,申银万国,41621,107,43474,-322,14
2026-09-01,SM,华泰期货,34313,-518,40031,393,15
2026-09-01,SM,东证期货,37834,-228,35767,566,16
2026-09-01,SM,银河期货,35405,801,35731,806,17
2026-09-01,SM,国泰君安,35639,406,33609,201,18
2026-09-01,SM,永安期货,28999,840,30079,81,19
2026-09-01,SM,中信期货,30287,-46,27832,885,20
2026-09-02,SM,五矿期货,78055,-346,74160,863,1
2026-09-02,SM,新湖期货,70232,-852,72905,721,2
2026-09-02,SM,宏源期货,68620,-565,66614,743,3
2026-09-02,SM,兴证期货,65029,155,68103,1119,4
2026-09-02,SM,国投安信,65910,158,59978,58,5
2026-09-02,SM,瑞达期货,59736,-395,56889,-572,6
2026-09-02,SM,广发期货,57639,-486,58767,901,7
2026-09-02,SM,南华期货,57518,-499,57002,-283,8
2026-09-02,SM,招商期货,52057,811,54819,432,9
2026-09-02,SM,浙商期货,52621,-468,53451,-9,10
2026-09-02,SM,方正中期,47028,-68,50294,-32,11
2026-09-02,SM,光大期货,49932,-691,46386,-477,12
2026-09-02,SM,海通期货,44229,-817,47889,-683,13
2026-09-02,SM,申银万国,41781,160,43030,-444,14
2026-09-02,SM,华泰期货,34471,158,41167,1136,15
2026-09-02,SM,东证期货,37991,157,36226,459,16
2026-09-02,SM,银河期货,36397,992,36184,453,17
2026-09-02,SM,国泰君安,36433,794,33494,-115,18
2026-09-02,SM,中信期货,31080,793,28564,732,19
2026-09-02,SM,永安期货,28153,-846,30979,900,20
2026-09-03,SM,五矿期货,78784,729,74633,473,1
2026-09-03,SM,新湖期货,70753,521,73481,576,2
2026-09-03,SM,宏源期货,69187,567,66318,-296,3
2026-09-03,SM,兴证期货,64265,-764,69124,1021,4
2026-09-03,SM,国投安信,66805,895,60995,1017,5
2026-09-03,SM,广发期货,58430,791,59680,913,6
2026-09-03,SM,瑞达期货,59615,-121,56982,93,7
2026-09-03,SM,南华期货,57192,-326,56954,-48,8
2026-09-03,SM,招商期货,52934,877,55637,818,9
2026-09-03,SM,浙商期货,53208,587,52805,-646,10
2026-09-03,SM,方正中期,47673,645,50714,420,11
2026-09-03,SM,光大期货,49703,-229,45786,-600,12
2026-09-03,SM,海通期货,43295,-934,48625,736,13
2026-09-03,SM,申银万国,42086,305,42885,-145,14
2026-09-03,SM,东证期货,38779,788,37404,1178,15
2026-09-03,SM,华泰期货,33656,-815,41626,459,16
2026-09-03,SM,银河期货,36946,549,36684,500,17
2026-09-03,SM,国泰君安,37384,951,34226,732,18
2026-09-03,SM,中信期货,31189,109,29575,1011,19
2026-09-03,SM,永安期货,28251,98,30653,-326,20
2026-09-04,SM,五矿期货,78748,-36,75043,410,1
2026-09-04,SM,新湖期货,70431,-322,72890,-591,2
2026-09-04,SM,宏源期货,68480,-707,65828,-490,3
2026-09-04,SM,兴证期货,64865,600,69171,47,4
2026-09-04,SM,国投安信,66679,-126,60828,-167,5
2026-09-04,SM,广发期货,58598,168,59953,273,6
2026-09-04,SM,瑞达期货,58789,-826,56676,-306,7
2026-09-04,SM,南华期货,57723,531,57412,458,8
2026-09-04,SM,招商期货,52728,-206,55789,152,9
2026-09-04,SM,浙商期货,53577,369,53543,738,10
2026-09-04,SM,方正中期,48092,419,50406,-308,11
2026-09-04,SM,光大期货,49006,-697,45129,-657,12
2026-09-04,SM,海通期货,42954,-341,48893,268,13
2026-09-04,SM,申银万国,42232,146,42431,-454,14
2026-09-04,SM,东证期货,38962,183,36808,-596,15
2026-09-04,SM,华泰期货,33299,-357,41971,345,16
2026-09-04,SM,银河期货,36166,-780,36628,-56,17
2026-09-04,SM,国泰君安,37788,404,34329,103,18
2026-09-04,SM,中信期货,31597,408,30487,912,19
2026-09-04,SM,永安期货,29262,1011,29996,-657,20
2026-07-27,CU,五矿期货,76538,-373,67776,179,1
2026-07-27,CU,新湖期货,73504,311,65625,-507,2
2026-07-27,CU,宏源期货,69637,-362,64223,575,3
2026-07-27,CU,兴证期货,67869,-744,61250,-261,4
2026-07-27,CU,国投安信,66257,131,58604,24,5
2026-07-27,CU,瑞达期货,63271,-563,56680,-316,6
2026-07-27,CU,广发期货,60590,630,55601,707,7
2026-07-27,CU,南华期货,58497,-762,51029,-237,8
2026-07-27,CU,招商期货,56950,889,49573,-351,9
2026-07-27,CU,浙商期货,52982,989,48154,764,10
2026-07-27,CU,光大期货,51215,1107,44354,-638,11
2026-07-27,CU,方正中期,48505,-293,44178,331,12
2026-07-27,CU,海通期货,46964,724,39374,-829,13
2026-07-27,CU,申银万国,42683,-615,38009,-710,14
2026-07-27,CU,华泰期货,41691,701,36417,806,15
2026-07-27,CU,东证期货,36301,-351,35160,691,16
2026-07-27,CU,银河期货,36012,733,30639,-95,17
2026-07-27,CU,国泰君安,32340,-192,29503,-452,18
2026-07-27,CU,中信期货,30597,1222,26763,815,19
2026-07-27,CU,永安期货,26133,232,24166,-769,20
2026-07-28,CU,五矿期货,77617,1079,68187,411,1
2026-07-28,CU,新湖期货,74071,567,66430,805,2
2026-07-28,CU,宏源期货,70199,562,63838,-385,3
2026-07-28,CU,兴证期货,67215,-654,61105,-145,4
2026-07-28,CU,国投安信,67402,1145,57681,-923,5
2026-07-28,CU,瑞达期货,63433,162,57080,400,6
2026-07-28,CU,广发期货,60355,-235,54769,-832,7
2026-07-28,CU,南华期货,59133,636,51354,325,8
2026-07-28,CU,招商期货,56571,-379,50249,676,9
2026-07-28,CU,浙商期货,52315,-667,47795,-359,10
2026-07-28,CU,光大期货,50948,-267,43762,-592,11
2026-07-28,CU,方正中期,48793,288,43327,-851,12
2026-07-28,CU,海通期货,48029,1065,39792,418,13
2026-07-28,CU,申银万国,42664,-19,38262,253,14
2026-07-28,CU,华泰期货,42269,578,35514,-903,15
2026-07-28,CU,东证期货,37054,753,35731,571,16
2026-07-28,CU,银河期货,36836,824,30068,-571,17
2026-07-28,CU,国泰君安,32659,319,29918,415,18
2026-07-28,CU,中信期货,30456,-141,27026,263,19
2026-07-28,CU,永安期货,26534,401,24842,676,20
2026-07-29,CU,五矿期货,78351,734,67568,-619,1
2026-07-29,CU,新湖期货,74284,213,66295,-135,2
2026-07-29,CU,宏源期货,70033,-166,63581,-257,3
2026-07-29,CU,兴证期货,68313,1098,61249,144,4
2026-07-29,CU,国投安信,66693,-709,57247,-434,5
2026-07-29,CU,瑞达期货,64102,669,56184,-896,6
2026-07-29,CU,广发期货,60713,358,55726,957,7
2026-07-29,CU,南华期货,59368,235,51351,-3,8
2026-07-29,CU,招商期货,56162,-409,49716,-533,9
2026-07-29,CU,浙商期货,52613,298,47035,-760,10
2026-07-29,CU,光大期货,51933,985,44044,282,11
2026-07-29,CU,方正中期,48649,-144,43379,52,12
2026-07-29,CU,海通期货,47442,-587,40703,911,13
2026-07-29,CU,申银万国,43874,1210,38775,513,14
2026-07-29,CU,华泰期货,42258,-11,35615,101,15
2026-07-29,CU,东证期货,37175,121,35344,-387,16
2026-07-29,CU,银河期货,37975,1139,30537,469,17
2026-07-29,CU,国泰君安,32588,-71,30834,916,18
2026-07-29,CU,中信期货,30006,-450,26205,-821,19
2026-07-29,CU,永安期货,26601,67,25752,910,20
2026-07-30,CU,五矿期货,78026,-325,67482,-86,1
2026-07-30,CU,新湖期货,74775,491,66760,465,2
2026-07-30,CU,宏源期货,70497,464,64428,847,3
2026-07-30,CU,兴证期货,68589,276,61697,448,4
2026-07-30,CU,国投安信,67397,704,57089,-158,5
2026-07-30,CU,瑞达期货,63593,-509,55423,-761,6
2026-07-30,CU,广发期货,60727,14,56131,405,7
2026-07-30,CU,南华期货,59277,-91,52248,897,8
2026-07-30,CU,招商期货,55833,-329,49086,-630,9
2026-07-30,CU,浙商期货,53766,1153,46668,-367,10
2026-07-30,CU,光大期货,51203,-730,44240,196,11
2026-07-30,CU,方正中期,49682,1033,44107,728,12
2026-07-30,CU,海通期货,48451,1009,40555,-148,13
2026-07-30,CU,申银万国,44365,491,38362,-413,14
2026-07-30,CU,华泰期货,43130,872,34801,-814,15
2026-07-30,CU,东证期货,37531,356,35048,-296,16
2026-07-30,CU,银河期货,37924,-51,30160,-377,17
2026-07-30,CU,国泰君安,32645,57,31254,420,18
2026-07-30,CU,中信期货,30737,731,26065,-140,19
2026-07-30,CU,永安期货,25968,-633,25602,-150,20
2026-07-31,CU,五矿期货,77886,-140,66680,-802,1
2026-07-31,CU,新湖期货,75863,1088,66143,-617,2
2026-07-31,CU,宏源期货,71617,1120,64644,216,3
2026-07-31,CU,兴证期货,68096,-493,62100,403,4
2026-07-31,CU,国投安信,68468,1071,57726,637,5
2026-07-31,CU,瑞达期货,63079,-514,55363,-60,6
2026-07-31,CU,广发期货,61009,282,57053,922,7
2026-07-31,CU,南华期货,59931,654,53148,900,8
2026-07-31,CU,招商期货,55675,-158,49556,470,9
2026-07-31,CU,浙商期货,54742,976,46010,-658,10
2026-07-31,CU,光大期货,52051,848,43714,-526,11
2026-07-31,CU,方正中期,50000,318,44567,460,12
2026-07-31,CU,海通期货,47944,-507,40804,249,13
2026-07-31,CU,申银万国,43998,-367,38758,396,14
2026-07-31,CU,华泰期货,43450,320,34130,-671,15
2026-07-31,CU,东证期货,37535,4,35107,59,16
2026-07-31,CU,银河期货,39117,1193,30539,379,17
2026-07-31,CU,国泰君安,33962,1317,31033,-221,18
2026-07-31,CU,中信期货,30379,-358,26078,13,19
2026-07-31,CU,永安期货,25790,-178,25915,313,20
2026-08-03,CU,五矿期货,78336,450,66901,221,1
2026-08-03,CU,新湖期货,76336,473,65749,-394,2
2026-08-03,CU,宏源期货,72388,771,64957,313,3
2026-08-03,CU,兴证期货,67684,-412,61213,-887,4
2026-08-03,CU,国投安信,67896,-572,57055,-671,5
2026-08-03,CU,瑞达期货,63884,805,54807,-556,6
2026-08-03,CU,广发期货,60779,-230,56424,-629,7
2026-08-03,CU,南华期货,61052,1121,53720,572,8
2026-08-03,CU,招商期货,56716,1041,49920,364,9
2026-08-03,CU,浙商期货,55479,737,46752,742,10
2026-08-03,CU,方正中期,51178,1178,44469,-98,11
2026-08-03,CU,光大期货,51882,-169,43681,-33,12
2026-08-03,CU,海通期货,48956,1012,40711,-93,13
2026-08-03,CU,申银万国,44775,777,38470,-288,14
2026-08-03,CU,华泰期货,44149,699,33250,-880,15
2026-08-03,CU,东证期货,38666,1131,34545,-562,16
2026-08-03,CU,银河期货,39097,-20,31398,859,17
2026-08-03,CU,国泰君安,33534,-428,30550,-483,18
2026-08-03,CU,中信期货,31651,1272,26691,613,19
2026-08-03,CU,永安期货,26261,471,26146,231,20
2026-08-04,CU,五矿期货,78001,-335,67481,580,1
2026-08-04,CU,新湖期货,77492,1156,65654,-95,2
2026-08-04,CU,宏源期货,73493,1105,64569,-388,3
2026-08-04,CU,兴证期货,68878,1194,60303,-910,4
2026-08-04,CU,国投安信,67942,46,57680,625,5
2026-08-04,CU,瑞达期货,63557,-327,53933,-874,6
2026-08-04,CU,广发期货,60324,-455,55879,-545,7
2026-08-04,CU,南华期货,61232,180,53061,-659,8
2026-08-04,CU,招商期货,56719,3,49986,66,9
2026-08-04,CU,浙商期货,55065,-414,47557,805,10
2026-08-04,CU,方正中期,51348,170,44987,518,11
2026-08-04,CU,光大期货,52422,540,43506,-175,12
2026-08-04,CU,海通期货,49898,942,41009,298,13
2026-08-04,CU,申银万国,44259,-516,38558,88,14
2026-08-04,CU,华泰期货,44956,807,33286,36,15
2026-08-04,CU,东证期货,38158,-508,35094,549,16
2026-08-04,CU,银河期货,38480,-617,31273,-125,17
2026-08-04,CU,国泰君安,33336,-198,31097,547,18
2026-08-04,CU,中信期货,32202,551,26306,-385,19
2026-08-04,CU,永安期货,26845,584,25758,-388,20
2026-08-05,CU,五矿期货,77289,-712,67607,126,1
2026-08-05,CU,新湖期货,78144,652,66325,671,2
2026-08-05,CU,宏源期货,74016,523,65422,853,3
2026-08-05,CU,兴证期货,69186,308,60438,135,4
2026-08-05,CU,国投安信,68323,381,57956,276,5
2026-08-05,CU,瑞达期货,64019,462,54513,580,6
2026-08-05,CU,广发期货,60174,-150,55746,-133,7
2026-08-05,CU,南华期货,61221,-11,53595,534,8
2026-08-05,CU,招商期货,57434,715,50734,748,9
2026-08-05,CU,浙商期货,54360,-705,47862,305,10
2026-08-05,CU,光大期货,52461,39,44155,649,11
2026-08-05,CU,方正中期,51063,-285,44922,-65,12
2026-08-05,CU,海通期货,50045,147,41886,877,13
2026-08-05,CU,申银万国,44134,-125,39393,835,14
2026-08-05,CU,华泰期货,45169,213,33754,468,15
2026-08-05,CU,东证期货,39263,1105,35497,403,16
2026-08-05,CU,银河期货,39708,1228,31312,39,17
2026-08-05,CU,国泰君安,32801,-535,30599,-498,18
2026-08-05,CU,中信期货,33083,881,25864,-442,19
2026-08-05,CU,永安期货,27549,704,25313,-445,20
2026-08-06,CU,五矿期货,78349,1060,66958,-649,1
2026-08-06,CU,新湖期货,78767,623,66443,118,2
2026-08-06,CU,宏源期货,75108,1092,64593,-829,3
2026-08-06,CU,兴证期货,68998,-188,60753,315,4
2026-08-06,CU,国投安信,67873,-450,57881,-75,5
2026-08-06,CU,瑞达期货,63814,-205,54517,4,6
2026-08-06,CU,广发期货,60968,794,56500,754,7
2026-08-06,CU,南华期货,62242,1021,53278,-317,8
2026-08-06,CU,招商期货,57544,110,50609,-125,9
2026-08-06,CU,浙商期货,53958,-402,47518,-344,10
2026-08-06,CU,方正中期,51840,777,45273,351,11
2026-08-06,CU,光大期货,53642,1181,43315,-840,12
2026-08-06,CU,海通期货,50048,3,42003,117,13
2026-08-06,CU,申银万国,43424,-710,39595,202,14
2026-08-06,CU,华泰期货,45189,20,34319,565,15
2026-08-06,CU,东证期货,39655,392,35738,241,16
2026-08-06,CU,银河期货,40835,1127,30955,-357,17
2026-08-06,CU,国泰君安,33928,1127,29825,-774,18
2026-08-06,CU,中信期货,33348,265,26697,833,19
2026-08-06,CU,永安期货,27102,-447,25377,64,20
2026-08-07,CU,五矿期货,79030,681,67519,561,1
2026-08-07,CU,新湖期货,79608,841,65838,-605,2
2026-08-07,CU,宏源期货,76175,1067,65110,517,3
2026-08-07,CU,兴证期货,69624,626,61141,388,4
2026-08-07,CU,国投安信,67595,-278,57604,-277,5
2026-08-07,CU,广发期货,60591,-377,57367,867,6
2026-08-07,CU,瑞达期货,63955,141,53761,-756,7
2026-08-07,CU,南华期货,62911,669,54172,894,8
2026-08-07,CU,招商期货,57962,418,51505,896,9
2026-08-07,CU,浙商期货,53534,-424,47507,-11,10
2026-08-07,CU,方正中期,51896,56,44995,-278,11
2026-08-07,CU,光大期货,53775,133,42426,-889,12
2026-08-07,CU,海通期货,49535,-513,41868,-135,13
2026-08-07,CU,申银万国,44059,635,39774,179,14
2026-08-07,CU,华泰期货,45597,408,35210,891,15
2026-08-07,CU,东证期货,39353,-302,36472,734,16
2026-08-07,CU,银河期货,41190,355,30326,-629,17
2026-08-07,CU,国泰君安,33443,-485,30444,619,18
2026-08-07,CU,中信期货,34001,653,26762,65,19
2026-08-07,CU,永安期货,27381,279,26216,839,20
2026-08-10,CU,五矿期货,78873,-157,68074,555,1
2026-08-10,CU,新湖期货,79677,69,65528,-310,2
2026-08-10,CU,宏源期货,76843,668,64275,-835,3
2026-08-10,CU,兴证期货,69200,-424,61776,635,4
2026-08-10,CU,国投安信,68584,989,56960,-644,5
2026-08-10,CU,广发期货,61151,560,58193,826,6
2026-08-10,CU,南华期货,63279,368,55016,844,7
2026-08-10,CU,瑞达期货,63472,-483,53153,-608,8
2026-08-10,CU,招商期货,59040,1078,51251,-254,9
2026-08-10,CU,浙商期货,54317,783,46916,-591,10
2026-08-10,CU,方正中期,51881,-15,45182,187,11
2026-08-10,CU,光大期货,53764,-11,41575,-851,12
2026-08-10,CU,海通期货,49998,463,41255,-613,13
2026-08-10,CU,申银万国,44889,830,39881,107,14
2026-08-10,CU,华泰期货,45593,-4,35758,548,15
2026-08-10,CU,东证期货,39755,402,37060,588,16
2026-08-10,CU,银河期货,41263,73,29640,-686,17
2026-08-10,CU,国泰君安,33693,250,30882,438,18
2026-08-10,CU,中信期货,33564,-437,27348,586,19
2026-08-10,CU,永安期货,26964,-417,25542,-674,20
2026-08-11,CU,五矿期货,79889,1016,68254,180,1
2026-08-11,CU,新湖期货,78900,-777,65089,-439,2
2026-08-11,CU,宏源期货,77284,441,64564,289,3
2026-08-11,CU,兴证期货,69314,114,60998,-778,4
2026-08-11,CU,国投安信,68723,139,56859,-101,5
2026-08-11,CU,广发期货,60805,-346,58458,265,6
2026-08-11,CU,南华期货,63499,220,54563,-453,7
2026-08-11,CU,瑞达期货,64032,560,53187,34,8
2026-08-11,CU,招商期货,59495,455,52118,867,9
2026-08-11,CU,浙商期货,55180,863,45987,-929,10
2026-08-11,CU,方正中期,52110,229,45993,811,11
2026-08-11,CU,光大期货,53995,231,41748,173,12
2026-08-11,CU,海通期货,49233,-765,41254,-1,13
2026-08-11,CU,申银万国,45666,777,39459,-422,14
2026-08-11,CU,华泰期货,44810,-783,36093,335,15
2026-08-11,CU,东证期货,41051,1296,36615,-445,16
2026-08-11,CU,银河期货,42433,1170,29049,-591,17
2026-08-11,CU,国泰君安,33393,-300,30262,-620,18
2026-08-11,CU,中信期货,33485,-79,27770,422,19
2026-08-11,CU,永安期货,27868,904,25595,53,20
2026-08-12,CU,五矿期货,80711,822,68465,211,1
2026-08-12,CU,新湖期货,79328,428,65321,232,2
2026-08-12,CU,宏源期货,77910,626,65057,493,3
2026-08-12,CU,兴证期货,69775,461,61411,413,4
2026-08-12,CU,国投安信,69309,586,56501,-358,5
2026-08-12,CU,广发期货,60238,-567,58371,-87,6
2026-08-12,CU,南华期货,62888,-611,53723,-840,7
2026-08-12,CU,瑞达期货,63607,-425,52577,-610,8
2026-08-12,CU,招商期货,59383,-112,53062,944,9
2026-08-12,CU,浙商期货,55625,445,45658,-329,10
2026-08-12,CU,方正中期,51386,-724,46419,426,11
2026-08-12,CU,光大期货,54388,393,42524,776,12
2026-08-12,CU,海通期货,48740,-493,42062,808,13
2026-08-12,CU,申银万国,45590,-76,38594,-865,14
2026-08-12,CU,华泰期货,44132,-678,36490,397,15
2026-08-12,CU,东证期货,40759,-292,36058,-557,16
2026-08-12,CU,银河期货,42188,-245,28289,-760,17
2026-08-12,CU,国泰君安,34402,1009,31092,830,18
2026-08-12,CU,中信期货,34102,617,28051,281,19
2026-08-12,CU,永安期货,27767,-101,26004,409,20
2026-08-13,CU,五矿期货,81415,704,68813,348,1
2026-08-13,CU,新湖期货,78761,-567,65551,230,2
2026-08-13,CU,宏源期货,78373,463,64236,-821,3
2026-08-13,CU,兴证期货,70410,635,60899,-512,4
2026-08-13,CU,国投安信,69593,284,55990,-511,5
2026-08-13,CU,广发期货,60010,-228,58105,-266,6
2026-08-13,CU,南华期货,63520,632,54543,820,7
2026-08-13,CU,瑞达期货,63896,289,52484,-93,8
2026-08-13,CU,招商期货,58868,-515,52371,-691,9
2026-08-13,CU,浙商期货,55434,-191,45682,24,10
2026-08-13,CU,方正中期,51471,85,47206,787,11
2026-08-13,CU,光大期货,54725,337,41716,-808,12
2026-08-13,CU,海通期货,48088,-652,42675,613,13
2026-08-13,CU,申银万国,45576,-14,39333,739,14
2026-08-13,CU,华泰期货,44096,-36,37388,898,15
2026-08-13,CU,东证期货,40701,-58,35859,-199,16
2026-08-13,CU,银河期货,41708,-480,29002,713,17
2026-08-13,CU,国泰君安,34469,67,30305,-787,18
2026-08-13,CU,中信期货,34966,864,28376,325,19
2026-08-13,CU,永安期货,27460,-307,26076,72,20
2026-08-14,CU,五矿期货,80867,-548,67922,-891,1
2026-08-14,CU,新湖期货,78367,-394,64614,-937,2
2026-08-14,CU,宏源期货,79034,661,63890,-346,3
2026-08-14,CU,兴证期货,70868,458,60435,-464,4
2026-08-14,CU,国投安信,69171,-422,56859,869,5
2026-08-14,CU,南华期货,63794,274,55096,553,6
2026-08-14,CU,广发期货,60514,504,58184,79,7
2026-08-14,CU,瑞达期货,64114,218,53198,714,8
2026-08-14,CU,招商期货,59230,362,52447,76,9
2026-08-14,CU,浙商期货,54909,-525,46000,318,10
2026-08-14,CU,方正中期,51858,387,47542,336,11
2026-08-14,CU,光大期货,54659,-66,42674,958,12
2026-08-14,CU,海通期货,47829,-259,42811,136,13
2026-08-14,CU,申银万国,46522,946,39041,-292,14
2026-08-14,CU,华泰期货,44180,84,37694,306,15
2026-08-14,CU,东证期货,41478,777,35587,-272,16
2026-08-14,CU,银河期货,42950,1242,29756,754,17
2026-08-14,CU,国泰君安,35209,740,30683,378,18
2026-08-14,CU,中信期货,35286,320,28998,622,19
2026-08-14,CU,永安期货,27873,413,25395,-681,20
2026-08-17,CU,五矿期货,81560,693,68147,225,1
2026-08-17,CU,宏源期货,79648,614,63632,-258,2
2026-08-17,CU,新湖期货,78276,-91,64485,-129,3
2026-08-17,CU,兴证期货,70090,-778,59728,-707,4
2026-08-17,CU,国投安信,69044,-127,57489,630,5
2026-08-17,CU,南华期货,64622,828,54294,-802,6
2026-08-17,CU,广发期货,60354,-160,57858,-326,7
2026-08-17,CU,瑞达期货,64361,247,53384,186,8
2026-08-17,CU,招商期货,59016,-214,52028,-419,9
2026-08-17,CU,浙商期货,54531,-378,46473,473,10
2026-08-17,CU,方正中期,52373,515,47036,-506,11
2026-08-17,CU,光大期货,53892,-767,43045,371,12
2026-08-17,CU,海通期货,48186,357,43521,710,13
2026-08-17,CU,申银万国,46415,-107,38817,-224,14
2026-08-17,CU,华泰期货,44237,57,36847,-847,15
2026-08-17,CU,东证期货,42068,590,35576,-11,16
2026-08-17,CU,银河期货,42704,-246,30533,777,17
2026-08-17,CU,国泰君安,36049,840,31559,876,18
2026-08-17,CU,中信期货,36247,961,28379,-619,19
2026-08-17,CU,永安期货,28155,282,25815,420,20
2026-08-18,CU,五矿期货,82158,598,67853,-294,1
2026-08-18,CU,新湖期货,78643,367,65029,544,2
2026-08-18,CU,宏源期货,79925,277,63305,-327,3
2026-08-18,CU,兴证期货,69414,-676,60498,770,4
2026-08-18,CU,国投安信,70154,1110,58069,580,5
2026-08-18,CU,南华期货,65666,1044,54040,-254,6
2026-08-18,CU,广发期货,60511,157,58523,665,7
2026-08-18,CU,瑞达期货,65238,877,53291,-93,8
2026-08-18,CU,招商期货,59997,981,52187,159,9
2026-08-18,CU,浙商期货,54684,153,47359,886,10
2026-08-18,CU,方正中期,51861,-512,47082,46,11
2026-08-18,CU,光大期货,53420,-472,43389,344,12
2026-08-18,CU,海通期货,47468,-718,43903,382,13
2026-08-18,CU,申银万国,46596,181,39509,692,14
2026-08-18,CU,华泰期货,44428,191,37783,936,15
2026-08-18,CU,东证期货,43286,1218,36093,517,16
2026-08-18,CU,银河期货,43741,1037,30365,-168,17
2026-08-18,CU,国泰君安,35776,-273,31375,-184,18
2026-08-18,CU,中信期货,37281,1034,27878,-501,19
2026-08-18,CU,永安期货,28746,591,25014,-801,20
2026-08-19,CU,五矿期货,81924,-234,67760,-93,1
2026-08-19,CU,宏源期货,80891,966,63009,-296,2
2026-08-19,CU,新湖期货,79306,663,64153,-876,3
2026-08-19,CU,兴证期货,69255,-159,61002,504,4
2026-08-19,CU,国投安信,70966,812,58668,599,5
2026-08-19,CU,南华期货,66116,450,53897,-143,6
2026-08-19,CU,广发期货,60104,-407,58801,278,7
2026-08-19,CU,瑞达期货,64687,-551,54121,830,8
2026-08-19,CU,招商期货,59546,-451,52416,229,9
2026-08-19,CU,浙商期货,54988,304,48144,785,10
2026-08-19,CU,方正中期,51134,-727,46836,-246,11
2026-08-19,CU,光大期货,53398,-22,43732,343,12
2026-08-19,CU,海通期货,47252,-216,44684,781,13
2026-08-19,CU,申银万国,45941,-655,38874,-635,14
2026-08-19,CU,华泰期货,45267,839,37567,-216,15
2026-08-19,CU,东证期货,44492,1206,37051,958,16
2026-08-19,CU,银河期货,43750,9,31142,777,17
2026-08-19,CU,国泰君安,36288,512,31918,543,18
2026-08-19,CU,中信期货,36649,-632,27444,-434,19
2026-08-19,CU,永安期货,29213,467,25251,237,20
2026-08-20,CU,五矿期货,81427,-497,68395,635,1
2026-08-20,CU,新湖期货,80104,798,63883,-270,2
2026-08-20,CU,宏源期货,81173,282,62704,-305,3
2026-08-20,CU,兴证期货,69965,710,61851,849,4
2026-08-20,CU,国投安信,72067,1101,58718,50,5
2026-08-20,CU,南华期货,66314,198,54810,913,6
2026-08-20,CU,广发期货,60338,234,58176,-625,7
2026-08-20,CU,瑞达期货,64286,-401,53877,-244,8
2026-08-20,CU,招商期货,58807,-739,53112,696,9
2026-08-20,CU,浙商期货,55106,118,48240,96,10
2026-08-20,CU,方正中期,51936,802,46309,-527,11
2026-08-20,CU,光大期货,54478,1080,42981,-751,12
2026-08-20,CU,海通期货,48069,817,43820,-864,13
2026-08-20,CU,申银万国,45380,-561,38700,-174,14
2026-08-20,CU,华泰期货,45096,-171,36985,-582,15
2026-08-20,CU,东证期货,44264,-228,37266,215,16
2026-08-20,CU,银河期货,44778,1028,30901,-241,17
2026-08-20,CU,国泰君安,36379,91,31983,65,18
2026-08-20,CU,中信期货,37775,1126,27070,-374,19
2026-08-20,CU,永安期货,28720,-493,25408,157,20
2026-08-21,CU,五矿期货,82464,1037,67884,-511,1
2026-08-21,CU,宏源期货,81565,392,63317,613,2
2026-08-21,CU,新湖期货,79953,-151,64251,368,3
2026-08-21,CU,国投安信,72626,559,59304,586,4
2026-08-21,CU,兴证期货,69814,-151,60957,-894,5
2026-08-21,CU,南华期货,66480,166,55691,881,6
2026-08-21,CU,瑞达期货,64562,276,54506,629,7
2026-08-21,CU,广发期货,59642,-696,57447,-729,8
2026-08-21,CU,招商期货,58195,-612,52854,-258,9
2026-08-21,CU,浙商期货,55533,427,49085,845,10
2026-08-21,CU,光大期货,55095,617,43777,796,11
2026-08-21,CU,方正中期,51782,-154,45459,-850,12
2026-08-21,CU,海通期货,47516,-553,42888,-932,13
2026-08-21,CU,申银万国,46361,981,38829,129,14
2026-08-21,CU,华泰期货,45099,3,37506,521,15
2026-08-21,CU,东证期货,43668,-596,37346,80,16
2026-08-21,CU,银河期货,44528,-250,31524,623,17
2026-08-21,CU,国泰君安,37094,715,31394,-589,18
2026-08-21,CU,中信期货,38788,1013,27267,197,19
2026-08-21,CU,永安期货,29835,1115,24749,-659,20
2026-08-24,CU,五矿期货,83501,1037,67637,-247,1
2026-08-24,CU,新湖期货,79800,-153,64566,315,2
2026-08-24,CU,宏源期货,81125,-440,62522,-795,3
2026-08-24,CU,国投安信,73482,856,58944,-360,4
2026-08-24,CU,兴证期货,70199,385,60518,-439,5
2026-08-24,CU,南华期货,66815,335,55403,-288,6
2026-08-24,CU,瑞达期货,65703,1141,55008,502,7
2026-08-24,CU,广发期货,59407,-235,56796,-651,8
2026-08-24,CU,招商期货,58516,321,52631,-223,9
2026-08-24,CU,浙商期货,54952,-581,48568,-517,10
2026-08-24,CU,光大期货,55451,356,43889,112,11
2026-08-24,CU,方正中期,51023,-759,45794,335,12
2026-08-24,CU,海通期货,47286,-230,42182,-706,13
2026-08-24,CU,申银万国,45876,-485,38211,-618,14
2026-08-24,CU,东证期货,43901,233,37860,514,15
2026-08-24,CU,华泰期货,44549,-550,37124,-382,16
2026-08-24,CU,银河期货,44511,-17,32246,722,17
2026-08-24,CU,国泰君安,36990,-104,31624,230,18
2026-08-24,CU,中信期货,38512,-276,26993,-274,19
2026-08-24,CU,永安期货,29822,-13,24299,-450,20
2026-08-25,CU,五矿期货,84258,757,68262,625,1
2026-08-25,CU,新湖期货,79170,-630,65515,949,2
2026-08-25,CU,宏源期货,81992,867,62674,152,3
2026-08-25,CU,国投安信,73097,-385,59464,520,4
2026-08-25,CU,兴证期货,70962,763,60951,433,5
2026-08-25,CU,南华期货,66938,123,55725,322,6
2026-08-25,CU,瑞达期货,65593,-110,55742,734,7
2026-08-25,CU,广发期货,59345,-62,56495,-301,8
2026-08-25,CU,招商期货,59139,623,53123,492,9
2026-08-25,CU,浙商期货,55451,499,49340,772,10
2026-08-25,CU,光大期货,56486,1035,44162,273,11
2026-08-25,CU,方正中期,51676,653,46074,280,12
2026-08-25,CU,海通期货,47298,12,41608,-574,13
2026-08-25,CU,申银万国,45262,-614,38144,-67,14
2026-08-25,CU,华泰期货,44544,-5,36294,-830,15
2026-08-25,CU,东证期货,43334,-567,37216,-644,16
2026-08-25,CU,银河期货,45690,1179,32769,523,17
2026-08-25,CU,国泰君安,36379,-611,31728,104,18
2026-08-25,CU,中信期货,37945,-567,26399,-594,19
2026-08-25,CU,永安期货,30259,437,24347,48,20
2026-08-26,CU,五矿期货,84466,208,67383,-879,1
2026-08-26,CU,宏源期货,82964,972,63541,867,2
2026-08-26,CU,新湖期货,79045,-125,65503,-12,3
2026-08-26,CU,国投安信,74185,1088,59886,422,4
2026-08-26,CU,兴证期货,70848,-114,61626,675,5
2026-08-26,CU,南华期货,66676,-262,56654,929,6
2026-08-26,CU,瑞达期货,65178,-415,56234,492,7
2026-08-26,CU,广发期货,59299,-46,56357,-138,8
2026-08-26,CU,招商期货,60183,1044,53446,323,9
2026-08-26,CU,浙商期货,54955,-496,50163,823,10
2026-08-26,CU,光大期货,56170,-316,43680,-482,11
2026-08-26,CU,方正中期,51839,163,46097,23,12
2026-08-26,CU,海通期货,47962,664,42237,629,13
2026-08-26,CU,申银万国,45873,611,38523,379,14
2026-08-26,CU,华泰期货,44687,143,35989,-305,15
2026-08-26,CU,银河期货,46903,1213,33339,570,16
2026-08-26,CU,东证期货,43623,289,36555,-661,17
2026-08-26,CU,国泰君安,37373,994,32511,783,18
2026-08-26,CU,中信期货,37544,-401,25729,-670,19
2026-08-26,CU,永安期货,30542,283,24649,302,20
2026-08-27,CU,五矿期货,84462,-4,66578,-805,1
2026-08-27,CU,宏源期货,82673,-291,63723,182,2
2026-08-27,CU,新湖期货,78580,-465,65550,47,3
2026-08-27,CU,国投安信,74604,419,59792,-94,4
2026-08-27,CU,兴证期货,70546,-302,61957,331,5
2026-08-27,CU,南华期货,66031,-645,57336,682,6
2026-08-27,CU,瑞达期货,65332,154,56114,-120,7
2026-08-27,CU,广发期货,59127,-172,56508,151,8
2026-08-27,CU,招商期货,60531,348,53836,390,9
2026-08-27,CU,浙商期货,54384,-571,49890,-273,10
2026-08-27,CU,光大期货,56842,672,44371,691,11
2026-08-27,CU,方正中期,51879,40,46831,734,12
2026-08-27,CU,海通期货,48212,250,41507,-730,13
2026-08-27,CU,申银万国,46259,386,37843,-680,14
2026-08-27,CU,华泰期货,44610,-77,36286,297,15
2026-08-27,CU,东证期货,43531,-92,37267,712,16
2026-08-27,CU,银河期货,47965,1062,32828,-511,17
2026-08-27,CU,国泰君安,37683,310,32595,84,18
2026-08-27,CU,中信期货,37105,-439,25588,-141,19
2026-08-27,CU,永安期货,30005,-537,24762,113,20
2026-08-28,CU,五矿期货,83894,-568,67041,463,1
2026-08-28,CU,宏源期货,83840,1167,63614,-109,2
2026-08-28,CU,新湖期货,77932,-648,65835,285,3
2026-08-28,CU,国投安信,75497,893,59763,-29,4
2026-08-28,CU,兴证期货,70116,-430,61647,-310,5
2026-08-28,CU,南华期货,66453,422,57616,280,6
2026-08-28,CU,瑞达期货,65678,346,55373,-741,7
2026-08-28,CU,广发期货,59285,158,56234,-274,8
2026-08-28,CU,招商期货,60737,206,53130,-706,9
2026-08-28,CU,浙商期货,54769,385,50663,773,10
2026-08-28,CU,光大期货,57566,724,44888,517,11
2026-08-28,CU,方正中期,52460,581,46050,-781,12
2026-08-28,CU,海通期货,47776,-436,41924,417,13
2026-08-28,CU,申银万国,46890,631,37386,-457,14
2026-08-28,CU,东证期货,44022,491,38019,752,15
2026-08-28,CU,银河期货,48901,936,32859,31,16
2026-08-28,CU,华泰期货,44520,-90,36461,175,17
2026-08-28,CU,国泰君安,38223,540,32617,22,18
2026-08-28,CU,中信期货,38101,996,26149,561,19
2026-08-28,CU,永安期货,30032,27,24328,-434,20
2026-08-31,CU,五矿期货,84271,377,67727,686,1
2026-08-31,CU,宏源期货,84445,605,64470,856,2
2026-08-31,CU,新湖期货,77790,-142,65508,-327,3
2026-08-31,CU,国投安信,75890,393,59738,-25,4
2026-08-31,CU,兴证期货,69726,-390,61128,-519,5
2026-08-31,CU,南华期货,65968,-485,57603,-13,6
2026-08-31,CU,瑞达期货,65686,8,55693,320,7
2026-08-31,CU,广发期货,59583,298,55890,-344,8
2026-08-31,CU,招商期货,60247,-490,53543,413,9
2026-08-31,CU,浙商期货,53979,-790,51273,610,10
2026-08-31,CU,光大期货,58078,512,45606,718,11
2026-08-31,CU,方正中期,53519,1059,46656,606,12
2026-08-31,CU,海通期货,48803,1027,42173,249,13
2026-08-31,CU,申银万国,47773,883,36730,-656,14
2026-08-31,CU,银河期货,49243,342,33319,460,15
2026-08-31,CU,东证期货,44704,682,37284,-735,16
2026-08-31,CU,华泰期货,43915,-605,35966,-495,17
2026-08-31,CU,国泰君安,38329,106,32427,-190,18
2026-08-31,CU,中信期货,39010,909,26968,819,19
2026-08-31,CU,永安期货,31029,997,24689,361,20
2026-09-01,CU,五矿期货,84288,17,68067,340,1
2026-09-01,CU,宏源期货,84136,-309,64414,-56,2
2026-09-01,CU,新湖期货,78438,648,65776,268,3
2026-09-01,CU,国投安信,76863,973,59375,-363,4
2026-09-01,CU,兴证期货,70708,982,60251,-877,5
2026-09-01,CU,南华期货,65179,-789,58103,500,6
2026-09-01,CU,瑞达期货,65631,-55,54977,-716,7
2026-09-01,CU,广发期货,59939,356,56630,740,8
2026-09-01,CU,招商期货,60581,334,52711,-832,9
2026-09-01,CU,浙商期货,53945,-34,52178,905,10
2026-09-01,CU,光大期货,57890,-188,44793,-813,11
2026-09-01,CU,方正中期,52990,-529,47461,805,12
2026-09-01,CU,海通期货,48840,37,42968,795,13
2026-09-01,CU,申银万国,48235,462,36835,105,14
2026-09-01,CU,银河期货,50043,800,34333,1014,15
2026-09-01,CU,东证期货,44739,35,36606,-678,16
2026-09-01,CU,华泰期货,44318,403,35042,-924,17
2026-09-01,CU,国泰君安,39590,1261,32457,30,18
2026-09-01,CU,中信期货,38963,-47,27989,1021,19
2026-09-01,CU,永安期货,32229,1200,25220,531,20
2026-09-02,CU,五矿期货,83671,-617,67408,-659,1
2026-09-02,CU,宏源期货,84693,557,64368,-46,2
2026-09-02,CU,新湖期货,79644,1206,65114,-662,3
2026-09-02,CU,国投安信,76367,-496,59912,537,4
2026-09-02,CU,兴证期货,71730,1022,60307,56,5
2026-09-02,CU,南华期货,64646,-533,57438,-665,6
2026-09-02,CU,瑞达期货,66168,537,54069,-908,7
2026-09-02,CU,广发期货,59172,-767,55836,-794,8
2026-09-02,CU,招商期货,61578,997,53143,432,9
2026-09-02,CU,浙商期货,53470,-475,51828,-350,10
2026-09-02,CU,光大期货,58820,930,44707,-86,11
2026-09-02,CU,方正中期,54093,1103,47258,-203,12
2026-09-02,CU,海通期货,48837,-3,43755,787,13
2026-09-02,CU,申银万国,47830,-405,37032,197,14
2026-09-02,CU,银河期货,50489,446,33905,-428,15
2026-09-02,CU,东证期货,45425,686,36101,-505,16
2026-09-02,CU,华泰期货,44500,182,34386,-656,17
2026-09-02,CU,国泰君安,39701,111,32488,31,18
2026-09-02,CU,中信期货,39076,113,27960,-29,19
2026-09-02,CU,永安期货,32210,-19,25817,597,20
2026-09-03,CU,宏源期货,85800,1107,64546,178,1
2026-09-03,CU,五矿期货,82949,-722,66545,-863,2
2026-09-03,CU,新湖期货,80034,390,64925,-189,3
2026-09-03,CU,国投安信,77035,668,59999,87,4
2026-09-03,CU,兴证期货,71491,-239,60208,-99,5
2026-09-03,CU,南华期货,63871,-775,57681,243,6
2026-09-03,CU,瑞达期货,66874,706,53613,-456,7
2026-09-03,CU,广发期货,59402,230,56630,794,8
2026-09-03,CU,招商期货,61657,79,53441,298,9
2026-09-03,CU,浙商期货,53142,-328,51268,-560,10
2026-09-03,CU,光大期货,58817,-3,44494,-213,11
2026-09-03,CU,方正中期,54982,889,47239,-19,12
2026-09-03,CU,海通期货,48915,78,43945,190,13
2026-09-03,CU,银河期货,51434,945,34469,564,14
2026-09-03,CU,申银万国,47970,140,37135,103,15
2026-09-03,CU,东证期货,45992,567,36112,11,16
2026-09-03,CU,华泰期货,44986,486,33814,-572,17
2026-09-03,CU,国泰君安,39964,263,33458,970,18
2026-09-03,CU,中信期货,39257,181,28861,901,19
2026-09-03,CU,永安期货,32855,645,26607,790,20
2026-09-04,CU,宏源期货,86644,844,64793,247,1
2026-09-04,CU,五矿期货,82267,-682,67455,910,2
2026-09-04,CU,新湖期货,79883,-151,65240,315,3
2026-09-04,CU,国投安信,76404,-631,60459,460,4
2026-09-04,CU,兴证期货,71998,507,60372,164,5
2026-09-04,CU,瑞达期货,67443,569,54042,429,6
2026-09-04,CU,南华期货,63583,-288,57708,27,7
2026-09-04,CU,广发期货,59903,501,57208,578,8
2026-09-04,CU,招商期货,62116,459,52682,-759,9
2026-09-04,CU,浙商期货,53423,281,52150,882,10
2026-09-04,CU,光大期货,59085,268,43714,-780,11
2026-09-04,CU,方正中期,54764,-218,47251,12,12
2026-09-04,CU,海通期货,49662,747,44600,655,13
2026-09-04,CU,银河期货,51750,316,35023,554,14
2026-09-04,CU,申银万国,48258,288,37954,819,15
2026-09-04,CU,东证期货,45485,-507,35542,-570,16
2026-09-04,CU,华泰期货,45691,705,34371,557,17
2026-09-04,CU,国泰君安,39525,-439,33786,328,18
2026-09-04,CU,中信期货,40030,773,28755,-106,19
2026-09-04,CU,永安期货,33348,493,26736,129,20
2026-07-27,AL,五矿期货,76036,-679,68794,375,1
2026-07-27,AL,新湖期货,74392,934,65722,-234,2
2026-07-27,AL,宏源期货,72320,393,64815,563,3
2026-07-27,AL,兴证期货,68294,-448,61541,-509,4
2026-07-27,AL,国投安信,67434,696,59997,365,5
2026-07-27,AL,瑞达期货,65633,563,56575,-39,6
2026-07-27,AL,广发期货,60731,-6,54066,-453,7
2026-07-27,AL,南华期货,59029,55,54322,637,8
2026-07-27,AL,招商期货,56620,225,50112,601,9
2026-07-27,AL,浙商期货,54471,-475,48086,775,10
2026-07-27,AL,光大期货,52797,429,46234,742,11
2026-07-27,AL,方正中期,47033,-618,43795,-643,12
2026-07-27,AL,海通期货,45322,-723,41028,-238,13
2026-07-27,AL,申银万国,43176,290,38869,825,14
2026-07-27,AL,华泰期货,40386,-420,37481,697,15
2026-07-27,AL,东证期货,38537,-187,34878,133,16
2026-07-27,AL,银河期货,37253,932,32932,575,17
2026-07-27,AL,国泰君安,33348,-311,30474,-325,18
2026-07-27,AL,中信期货,29331,87,29114,794,19
2026-07-27,AL,永安期货,28686,679,26345,54,20
2026-07-28,AL,五矿期货,75445,-591,69733,939,1
2026-07-28,AL,新湖期货,75000,608,64866,-856,2
2026-07-28,AL,宏源期货,72176,-144,64960,145,3
2026-07-28,AL,兴证期货,68286,-8,61990,449,4
2026-07-28,AL,国投安信,68276,842,59976,-21,5
2026-07-28,AL,瑞达期货,65434,-199,57533,958,6
2026-07-28,AL,南华期货,59325,296,55164,842,7
2026-07-28,AL,广发期货,60831,100,53150,-916,8
2026-07-28,AL,招商期货,56367,-253,49469,-643,9
2026-07-28,AL,浙商期货,54479,8,48117,31,10
2026-07-28,AL,光大期货,53406,609,46739,505,11
2026-07-28,AL,方正中期,46721,-312,43632,-163,12
2026-07-28,AL,海通期货,46421,1099,41178,150,13
2026-07-28,AL,申银万国,44328,1152,39469,600,14
2026-07-28,AL,华泰期货,40571,185,38069,588,15
2026-07-28,AL,东证期货,38842,305,34635,-243,16
2026-07-28,AL,银河期货,37533,280,32888,-44,17
2026-07-28,AL,国泰君安,32785,-563,29957,-517,18
2026-07-28,AL,中信期货,30339,1008,28491,-623,19
2026-07-28,AL,永安期货,28557,-129,27032,687,20
2026-07-29,AL,五矿期货,74672,-773,70496,763,1
2026-07-29,AL,新湖期货,74231,-769,65303,437,2
2026-07-29,AL,宏源期货,72027,-149,65141,181,3
2026-07-29,AL,兴证期货,68909,623,61418,-572,4
2026-07-29,AL,国投安信,68177,-99,60423,447,5
2026-07-29,AL,瑞达期货,65043,-391,57657,124,6
2026-07-29,AL,南华期货,60038,713,55600,436,7
2026-07-29,AL,广发期货,61246,415,53787,637,8
2026-07-29,AL,招商期货,57111,744,49024,-445,9
2026-07-29,AL,浙商期货,55272,793,48559,442,10
2026-07-29,AL,光大期货,53417,11,46743,4,11
2026-07-29,AL,方正中期,47271,550,43888,256,12
2026-07-29,AL,海通期货,45832,-589,40760,-418,13
2026-07-29,AL,申银万国,44084,-244,40172,703,14
2026-07-29,AL,华泰期货,40467,-104,37682,-387,15
2026-07-29,AL,东证期货,39929,1087,34333,-302,16
2026-07-29,AL,银河期货,38743,1210,33363,475,17
2026-07-29,AL,国泰君安,32999,214,30347,390,18
2026-07-29,AL,中信期货,30393,54,29360,869,19
2026-07-29,AL,永安期货,28975,418,27477,445,20
2026-07-30,AL,五矿期货,75208,536,70715,219,1
2026-07-30,AL,新湖期货,75005,774,66205,902,2
2026-07-30,AL,宏源期货,72006,-21,65545,404,3
2026-07-30,AL,兴证期货,69357,448,60744,-674,4
2026-07-30,AL,国投安信,67563,-614,61236,813,5
2026-07-30,AL,瑞达期货,65703,660,56962,-695,6
2026-07-30,AL,南华期货,61194,1156,55887,287,7
2026-07-30,AL,广发期货,61762,516,53096,-691,8
2026-07-30,AL,招商期货,58032,921,48528,-496,9
2026-07-30,AL,浙商期货,55826,554,49449,890,10
2026-07-30,AL,光大期货,52743,-674,47019,276,11
2026-07-30,AL,方正中期,47749,478,43136,-752,12
2026-07-30,AL,海通期货,45111,-721,39868,-892,13
2026-07-30,AL,申银万国,43809,-275,39627,-545,14
2026-07-30,AL,华泰期货,41162,695,37322,-360,15
2026-07-30,AL,东证期货,39978,49,33922,-411,16
2026-07-30,AL,银河期货,39476,733,33416,53,17
2026-07-30,AL,国泰君安,33404,405,29699,-648,18
2026-07-30,AL,中信期货,30565,172,28700,-660,19
2026-07-30,AL,永安期货,28444,-531,26641,-836,20
2026-07-31,AL,五矿期货,74960,-248,70139,-576,1
2026-07-31,AL,新湖期货,76172,1167,66929,724,2
2026-07-31,AL,宏源期货,71339,-667,65133,-412,3
2026-07-31,AL,兴证期货,69362,5,60485,-259,4
2026-07-31,AL,国投安信,66900,-663,61079,-157,5
2026-07-31,AL,瑞达期货,65480,-223,57613,651,6
2026-07-31,AL,南华期货,60931,-263,55278,-609,7
2026-07-31,AL,广发期货,62570,808,52307,-789,8
2026-07-31,AL,招商期货,58819,787,48250,-278,9
2026-07-31,AL,浙商期货,56403,577,50085,636,10
2026-07-31,AL,光大期货,53370,627,47929,910,11
2026-07-31,AL,方正中期,48534,785,43070,-66,12
2026-07-31,AL,海通期货,46210,1099,39494,-374,13
2026-07-31,AL,申银万国,44327,518,39615,-12,14
2026-07-31,AL,华泰期货,42289,1127,36537,-785,15
2026-07-31,AL,东证期货,40264,286,34414,492,16
2026-07-31,AL,银河期货,39324,-152,33159,-257,17
2026-07-31,AL,国泰君安,34158,754,29216,-483,18
2026-07-31,AL,中信期货,31730,1165,28067,-633,19
2026-07-31,AL,永安期货,29418,974,26159,-482,20
2026-08-03,AL,五矿期货,76080,1120,69276,-863,1
2026-08-03,AL,新湖期货,76693,521,65990,-939,2
2026-08-03,AL,宏源期货,70853,-486,65530,397,3
2026-08-03,AL,兴证期货,70408,1046,60564,79,4
2026-08-03,AL,国投安信,67023,123,60177,-902,5
2026-08-03,AL,瑞达期货,65203,-277,58264,651,6
2026-08-03,AL,广发期货,62950,380,52857,550,7
2026-08-03,AL,南华期货,60290,-641,54482,-796,8
2026-08-03,AL,浙商期货,57078,675,49675,-410,9
2026-08-03,AL,招商期货,58240,-579,47381,-869,10
2026-08-03,AL,光大期货,54449,1079,47893,-36,11
2026-08-03,AL,方正中期,49061,527,42347,-723,12
2026-08-03,AL,海通期货,45867,-343,39811,317,13
2026-08-03,AL,申银万国,45111,784,39558,-57,14
2026-08-03,AL,华泰期货,41793,-496,36704,167,15
2026-08-03,AL,东证期货,40601,337,33776,-638,16
2026-08-03,AL,银河期货,39019,-305,33620,461,17
2026-08-03,AL,国泰君安,34737,579,29160,-56,18
2026-08-03,AL,中信期货,32067,337,27617,-450,19
2026-08-03,AL,永安期货,29650,232,25441,-718,20
2026-08-04,AL,五矿期货,75972,-108,69732,456,1
2026-08-04,AL,新湖期货,77817,1124,65785,-205,2
2026-08-04,AL,宏源期货,71224,371,65686,156,3
2026-08-04,AL,兴证期货,70605,197,59872,-692,4
2026-08-04,AL,国投安信,67908,885,60834,657,5
2026-08-04,AL,瑞达期货,66367,1164,58735,471,6
2026-08-04,AL,广发期货,62166,-784,52704,-153,7
2026-08-04,AL,南华期货,60606,316,54004,-478,8
2026-08-04,AL,浙商期货,57887,809,50398,723,9
2026-08-04,AL,招商期货,59058,818,46584,-797,10
2026-08-04,AL,光大期货,55387,938,48443,550,11
2026-08-04,AL,方正中期,49164,103,42234,-113,12
2026-08-04,AL,申银万国,46245,1134,40196,638,13
2026-08-04,AL,海通期货,46081,214,39850,39,14
2026-08-04,AL,华泰期货,42058,265,37213,509,15
2026-08-04,AL,东证期货,41107,506,32923,-853,16
2026-08-04,AL,银河期货,40201,1182,33561,-59,17
2026-08-04,AL,国泰君安,35500,763,28975,-185,18
2026-08-04,AL,中信期货,31942,-125,27067,-550,19
2026-08-04,AL,永安期货,30341,691,25380,-61,20
2026-08-05,AL,五矿期货,76078,106,70297,565,1
2026-08-05,AL,新湖期货,78839,1022,66140,355,2
2026-08-05,AL,宏源期货,71430,206,64919,-767,3
2026-08-05,AL,兴证期货,71225,620,59667,-205,4
2026-08-05,AL,国投安信,67336,-572,61185,351,5
2026-08-05,AL,瑞达期货,66375,8,59630,895,6
2026-08-05,AL,广发期货,61988,-178,53189,485,7
2026-08-05,AL,南华期货,61169,563,53455,-549,8
2026-08-05,AL,浙商期货,57458,-429,50593,195,9
2026-08-05,AL,招商期货,58348,-710,46430,-154,10
2026-08-05,AL,光大期货,55923,536,47918,-525,11
2026-08-05,AL,方正中期,49943,779,41887,-347,12
2026-08-05,AL,海通期货,46232,151,40467,617,13
2026-08-05,AL,申银万国,45619,-626,40978,782,14
2026-08-05,AL,华泰期货,43235,1177,36969,-244,15
2026-08-05,AL,东证期货,41531,424,33810,887,16
2026-08-05,AL,银河期货,39716,-485,33449,-112,17
2026-08-05,AL,国泰君安,36793,1293,29440,465,18
2026-08-05,AL,中信期货,31385,-557,27501,434,19
2026-08-05,AL,永安期货,30291,-50,25340,-40,20
2026-08-06,AL,五矿期货,77070,992,71147,850,1
2026-08-06,AL,新湖期货,78987,148,66588,448,2
2026-08-06,AL,宏源期货,72006,576,65050,131,3
2026-08-06,AL,兴证期货,72087,862,60066,399,4
2026-08-06,AL,国投安信,66788,-548,60678,-507,5
2026-08-06,AL,瑞达期货,65672,-703,59520,-110,6
2026-08-06,AL,广发期货,62811,823,53725,536,7
2026-08-06,AL,南华期货,60493,-676,53206,-249,8
2026-08-06,AL,浙商期货,58647,1189,49686,-907,9
2026-08-06,AL,光大期货,56795,872,47898,-20,10
2026-08-06,AL,招商期货,57633,-715,46184,-246,11
2026-08-06,AL,方正中期,50246,303,42655,768,12
2026-08-06,AL,申银万国,45936,317,41355,377,13
2026-08-06,AL,海通期货,46072,-160,40550,83,14
2026-08-06,AL,华泰期货,42574,-661,37652,683,15
2026-08-06,AL,东证期货,41862,331,33746,-64,16
2026-08-06,AL,银河期货,40260,544,33077,-372,17
2026-08-06,AL,国泰君安,36174,-619,30054,614,18
2026-08-06,AL,中信期货,30788,-597,27036,-465,19
2026-08-06,AL,永安期货,30009,-282,24766,-574,20
2026-08-07,AL,五矿期货,77954,884,70424,-723,1
2026-08-07,AL,新湖期货,78327,-660,67322,734,2
2026-08-07,AL,宏源期货,72926,920,65320,270,3
2026-08-07,AL,兴证期货,72548,461,59475,-591,4
2026-08-07,AL,国投安信,66197,-591,60672,-6,5
2026-08-07,AL,瑞达期货,66562,890,60205,685,6
2026-08-07,AL,广发期货,63873,1062,53414,-311,7
2026-08-07,AL,南华期货,60998,505,52368,-838,8
2026-08-07,AL,浙商期货,59185,538,49013,-673,9
2026-08-07,AL,光大期货,56502,-293,48394,496,10
2026-08-07,AL,招商期货,56872,-761,45596,-588,11
2026-08-07,AL,方正中期,50722,476,41808,-847,12
2026-08-07,AL,海通期货,47139,1067,41490,940,13
2026-08-07,AL,申银万国,45185,-751,41380,25,14
2026-08-07,AL,华泰期货,42785,211,38051,399,15
2026-08-07,AL,东证期货,42698,836,33175,-571,16
2026-08-07,AL,银河期货,39737,-523,32292,-785,17
2026-08-07,AL,国泰君安,35981,-193,31088,1034,18
2026-08-07,AL,中信期货,31635,847,27362,326,19
2026-08-07,AL,永安期货,30437,428,24211,-555,20
2026-08-10,AL,五矿期货,77508,-446,70910,486,1
2026-08-10,AL,新湖期货,79088,761,67232,-90,2
2026-08-10,AL,宏源期货,72696,-230,64669,-651,3
2026-08-10,AL,兴证期货,71887,-661,58782,-693,4
2026-08-10,AL,瑞达期货,65865,-697,60479,274,5
2026-08-10,AL,国投安信,65762,-435,60419,-253,6
2026-08-10,AL,广发期货,63519,-354,54039,625,7
2026-08-10,AL,南华期货,61921,923,53052,684,8
2026-08-10,AL,浙商期货,59574,389,49190,177,9
2026-08-10,AL,光大期货,57710,1208,48855,461,10
2026-08-10,AL,招商期货,56363,-509,45314,-282,11
2026-08-10,AL,方正中期,50596,-126,41115,-693,12
2026-08-10,AL,海通期货,47738,599,41373,-117,13
2026-08-10,AL,申银万国,46106,921,41951,571,14
2026-08-10,AL,华泰期货,42685,-100,38772,721,15
2026-08-10,AL,东证期货,42443,-255,33187,12,16
2026-08-10,AL,银河期货,39196,-541,33079,787,17
2026-08-10,AL,国泰君安,36571,590,30679,-409,18
2026-08-10,AL,中信期货,32183,548,28138,776,19
2026-08-10,AL,永安期货,30000,-437,24369,158,20
2026-08-11,AL,五矿期货,76977,-531,70392,-518,1
2026-08-11,AL,新湖期货,79272,184,67709,477,2
2026-08-11,AL,宏源期货,73528,832,65311,642,3
2026-08-11,AL,兴证期货,72517,630,59495,713,4
2026-08-11,AL,瑞达期货,66290,425,61355,876,5
2026-08-11,AL,国投安信,65553,-209,60331,-88,6
2026-08-11,AL,广发期货,64176,657,54433,394,7
2026-08-11,AL,南华期货,63027,1106,52294,-758,8
2026-08-11,AL,光大期货,58721,1011,48912,57,9
2026-08-11,AL,浙商期货,58949,-625,48263,-927,10
2026-08-11,AL,招商期货,55587,-776,44741,-573,11
2026-08-11,AL,方正中期,50129,-467,40207,-908,12
2026-08-11,AL,海通期货,47718,-20,42025,652,13
2026-08-11,AL,申银万国,46610,504,42265,314,14
2026-08-11,AL,华泰期货,43515,830,39567,795,15
2026-08-11,AL,东证期货,42046,-397,32531,-656,16
2026-08-11,AL,银河期货,39717,521,32302,-777,17
2026-08-11,AL,国泰君安,36399,-172,31714,1035,18
2026-08-11,AL,中信期货,31850,-333,28176,38,19
2026-08-11,AL,永安期货,30087,87,24642,273,20
2026-08-12,AL,新湖期货,79587,315,67808,99,1
2026-08-12,AL,五矿期货,76636,-341,70402,10,2
2026-08-12,AL,宏源期货,74504,976,65929,618,3
2026-08-12,AL,兴证期货,72994,477,59296,-199,4
2026-08-12,AL,瑞达期货,65740,-550,61500,145,5
2026-08-12,AL,国投安信,66763,1210,59586,-745,6
2026-08-12,AL,广发期货,63868,-308,53886,-547,7
2026-08-12,AL,南华期货,62246,-781,52496,202,8
2026-08-12,AL,光大期货,59215,494,49664,752,9
2026-08-12,AL,浙商期货,59761,812,47939,-324,10
2026-08-12,AL,招商期货,55509,-78,44658,-83,11
2026-08-12,AL,方正中期,51285,1156,39447,-760,12
2026-08-12,AL,海通期货,47951,233,42338,313,13
2026-08-12,AL,申银万国,46188,-422,42793,528,14
2026-08-12,AL,华泰期货,42802,-713,39848,281,15
2026-08-12,AL,东证期货,42626,580,33087,556,16
2026-08-12,AL,银河期货,39536,-181,31799,-503,17
2026-08-12,AL,国泰君安,36651,252,31697,-17,18
2026-08-12,AL,中信期货,31734,-116,28387,211,19
2026-08-12,AL,永安期货,29710,-377,25092,450,20
2026-08-13,AL,五矿期货,77740,1104,70562,160,1
2026-08-13,AL,新湖期货,80313,726,66975,-833,2
2026-08-13,AL,宏源期货,73802,-702,65202,-727,3
2026-08-13,AL,兴证期货,73757,763,59284,-12,4
2026-08-13,AL,国投安信,67621,858,60468,882,5
2026-08-13,AL,瑞达期货,65634,-106,61823,323,6
2026-08-13,AL,广发期货,63968,100,53460,-426,7
2026-08-13,AL,南华期货,62039,-207,51985,-511,8
2026-08-13,AL,光大期货,59797,582,50613,949,9
2026-08-13,AL,浙商期货,59059,-702,47109,-830,10
2026-08-13,AL,招商期货,56039,530,44463,-195,11
2026-08-13,AL,申银万国,47381,1193,43719,926,12
2026-08-13,AL,海通期货,48132,181,42416,78,13
2026-08-13,AL,方正中期,50856,-429,38834,-613,14
2026-08-13,AL,华泰期货,43415,613,40636,788,15
2026-08-13,AL,东证期货,43587,961,32532,-555,16
2026-08-13,AL,银河期货,39262,-274,31169,-630,17
2026-08-13,AL,国泰君安,36547,-104,30945,-752,18
2026-08-13,AL,中信期货,32414,680,27953,-434,19
2026-08-13,AL,永安期货,30617,907,25514,422,20
2026-08-14,AL,新湖期货,80487,174,67233,258,1
2026-08-14,AL,五矿期货,77942,202,69733,-829,2
2026-08-14,AL,宏源期货,73463,-339,64412,-790,3
2026-08-14,AL,兴证期货,73736,-21,60169,885,4
2026-08-14,AL,国投安信,68612,991,59937,-531,5
2026-08-14,AL,瑞达期货,66354,720,61727,-96,6
2026-08-14,AL,广发期货,63378,-590,53005,-455,7
2026-08-14,AL,南华期货,61916,-123,51511,-474,8
2026-08-14,AL,光大期货,60393,596,51512,899,9
2026-08-14,AL,浙商期货,58936,-123,46640,-469,10
2026-08-14,AL,招商期货,56844,805,43748,-715,11
2026-08-14,AL,申银万国,47804,423,43966,247,12
2026-08-14,AL,海通期货,48009,-123,42334,-82,13
2026-08-14,AL,方正中期,50473,-383,39424,590,14
2026-08-14,AL,华泰期货,44102,687,40606,-30,15
2026-08-14,AL,东证期货,44750,1163,32153,-379,16
2026-08-14,AL,银河期货,38829,-433,30454,-715,17
2026-08-14,AL,国泰君安,36870,323,31139,194,18
2026-08-14,AL,中信期货,33352,938,27152,-801,19
2026-08-14,AL,永安期货,30307,-310,24977,-537,20
2026-08-17,AL,新湖期货,81512,1025,66897,-336,1
2026-08-17,AL,五矿期货,78388,446,69114,-619,2
2026-08-17,AL,宏源期货,73376,-87,63922,-490,3
2026-08-17,AL,兴证期货,73296,-440,60786,617,4
2026-08-17,AL,瑞达期货,67308,954,61740,13,5
2026-08-17,AL,国投安信,68761,149,59853,-84,6
2026-08-17,AL,广发期货,62867,-511,52292,-713,7
2026-08-17,AL,南华期货,61248,-668,51145,-366,8
2026-08-17,AL,光大期货,60017,-376,51259,-253,9
2026-08-17,AL,浙商期货,58406,-530,45765,-875,10
2026-08-17,AL,招商期货,57471,627,43972,224,11
2026-08-17,AL,申银万国,48488,684,43423,-543,12
2026-08-17,AL,方正中期,51680,1207,39036,-388,13
2026-08-17,AL,海通期货,48513,504,42128,-206,14
2026-08-17,AL,华泰期货,43591,-511,40603,-3,15
2026-08-17,AL,东证期货,44873,123,32057,-96,16
2026-08-17,AL,国泰君安,38100,1230,31527,388,17
2026-08-17,AL,银河期货,39090,261,29958,-496,18
2026-08-17,AL,中信期货,32978,-374,26734,-418,19
2026-08-17,AL,永安期货,31460,1153,25009,32,20
2026-08-18,AL,新湖期货,82659,1147,66262,-635,1
2026-08-18,AL,五矿期货,79469,1081,69348,234,2
2026-08-18,AL,宏源期货,74485,1109,64193,271,3
2026-08-18,AL,兴证期货,72961,-335,61672,886,4
2026-08-18,AL,国投安信,68860,99,60099,246,5
2026-08-18,AL,瑞达期货,67025,-283,61470,-270,6
2026-08-18,AL,广发期货,63864,997,51857,-435,7
2026-08-18,AL,南华期货,61334,86,51712,567,8
2026-08-18,AL,光大期货,60196,179,52033,774,9
2026-08-18,AL,浙商期货,58563,157,45396,-369,10
2026-08-18,AL,招商期货,56710,-761,44527,555,11
2026-08-18,AL,申银万国,49453,965,43551,128,12
2026-08-18,AL,海通期货,48724,211,42953,825,13
2026-08-18,AL,方正中期,51333,-347,39307,271,14
2026-08-18,AL,华泰期货,42978,-613,40506,-97,15
2026-08-18,AL,东证期货,45954,1081,31667,-390,16
2026-08-18,AL,国泰君安,39284,1184,31015,-512,17
2026-08-18,AL,银河期货,39603,513,30230,272,18
2026-08-18,AL,中信期货,33614,636,27126,392,19
2026-08-18,AL,永安期货,32406,946,25776,767,20
2026-08-19,AL,五矿期货,80049,580,69032,-316,1
2026-08-19,AL,新湖期货,81901,-758,66304,42,2
2026-08-19,AL,宏源期货,75021,536,63438,-755,3
2026-08-19,AL,兴证期货,72776,-185,61221,-451,4
2026-08-19,AL,国投安信,68341,-519,59893,-206,5
2026-08-19,AL,瑞达期货,67067,42,60976,-494,6
2026-08-19,AL,广发期货,64493,629,52415,558,7
2026-08-19,AL,南华期货,62086,752,50797,-915,8
2026-08-19,AL,光大期货,59606,-590,52019,-14,9
2026-08-19,AL,浙商期货,58787,224,44948,-448,10
2026-08-19,AL,招商期货,56090,-620,44730,203,11
2026-08-19,AL,海通期货,49592,868,43647,694,12
2026-08-19,AL,申银万国,49470,17,43592,41,13
2026-08-19,AL,方正中期,51969,636,40049,742,14
2026-08-19,AL,华泰期货,43059,81,40653,147,15
2026-08-19,AL,东证期货,46316,362,30875,-792,16
2026-08-19,AL,银河期货,40435,832,30944,714,17
2026-08-19,AL,国泰君安,38696,-588,31118,103,18
2026-08-19,AL,中信期货,33799,185,26356,-770,19
2026-08-19,AL,永安期货,33575,1169,24926,-850,20
2026-08-20,AL,五矿期货,80688,639,69346,314,1
2026-08-20,AL,新湖期货,82652,751,65916,-388,2
2026-08-20,AL,宏源期货,74838,-183,63370,-68,3
2026-08-20,AL,兴证期货,73073,297,60347,-874,4
2026-08-20,AL,瑞达期货,67065,-2,61865,889,5
2026-08-20,AL,国投安信,68965,624,59634,-259,6
2026-08-20,AL,广发期货,64987,494,51619,-796,7
2026-08-20,AL,南华期货,61298,-788,51619,822,8
2026-08-20,AL,光大期货,60600,994,51837,-182,9
2026-08-20,AL,浙商期货,59280,493,44958,10,10
2026-08-20,AL,招商期货,56741,651,45087,357,11
2026-08-20,AL,海通期货,50242,650,43537,-110,12
2026-08-20,AL,申银万国,48963,-507,44442,850,13
2026-08-20,AL,方正中期,51557,-412,40726,677,14
2026-08-20,AL,华泰期货,43218,159,41293,640,15
2026-08-20,AL,东证期货,47645,1329,30946,71,16
2026-08-20,AL,银河期货,40960,525,30133,-811,17
2026-08-20,AL,国泰君安,39194,498,31788,670,18
2026-08-20,AL,中信期货,34069,270,27253,897,19
2026-08-20,AL,永安期货,33236,-339,25506,580,20
2026-08-21,AL,五矿期货,81003,315,68638,-708,1
2026-08-21,AL,新湖期货,82547,-105,65464,-452,2
2026-08-21,AL,宏源期货,74467,-371,62713,-657,3
2026-08-21,AL,兴证期货,73735,662,60991,644,4
2026-08-21,AL,瑞达期货,67419,354,62368,503,5
2026-08-21,AL,国投安信,68312,-653,59842,208,6
2026-08-21,AL,广发期货,64555,-432,52006,387,7
2026-08-21,AL,南华期货,61256,-42,51429,-190,8
2026-08-21,AL,光大期货,60037,-563,51681,-156,9
2026-08-21,AL,浙商期货,59238,-42,44971,13,10
2026-08-21,AL,招商期货,57218,477,44230,-857,11
2026-08-21,AL,申银万国,49227,264,45365,923,12
2026-08-21,AL,海通期货,50833,591,43342,-195,13
2026-08-21,AL,方正中期,52585,1028,39891,-835,14
2026-08-21,AL,华泰期货,43934,716,40465,-828,15
2026-08-21,AL,东证期货,48778,1133,30773,-173,16
2026-08-21,AL,国泰君安,40137,943,32330,542,17
2026-08-21,AL,银河期货,40455,-505,30543,410,18
2026-08-21,AL,中信期货,35026,957,26817,-436,19
2026-08-21,AL,永安期货,33676,440,25824,318,20
2026-08-24,AL,五矿期货,80811,-192,68623,-15,1
2026-08-24,AL,新湖期货,82848,301,66366,902,2
2026-08-24,AL,宏源期货,75066,599,63463,750,3
2026-08-24,AL,兴证期货,74398,663,61140,149,4
2026-08-24,AL,瑞达期货,67707,288,63126,758,5
2026-08-24,AL,国投安信,67773,-539,59864,22,6
2026-08-24,AL,广发期货,64760,205,52092,86,7
2026-08-24,AL,南华期货,61173,-83,51415,-14,8
2026-08-24,AL,光大期货,60640,603,51607,-74,9
2026-08-24,AL,浙商期货,59015,-223,44142,-829,10
2026-08-24,AL,招商期货,56557,-661,44053,-177,11
2026-08-24,AL,海通期货,50765,-68,44240,898,12
2026-08-24,AL,申银万国,48898,-329,45081,-284,13
2026-08-24,AL,方正中期,52342,-243,39982,91,14
2026-08-24,AL,华泰期货,44669,735,41083,618,15
2026-08-24,AL,东证期货,48537,-241,31455,682,16
2026-08-24,AL,国泰君安,40655,518,33254,924,17
2026-08-24,AL,银河期货,41749,1294,31122,579,18
2026-08-24,AL,中信期货,35866,840,27497,680,19
2026-08-24,AL,永安期货,34335,659,25943,119,20
2026-08-25,AL,五矿期货,80991,180,68393,-230,1
2026-08-25,AL,新湖期货,83166,318,65696,-670,2
2026-08-25,AL,宏源期货,75129,63,63920,457,3
2026-08-25,AL,兴证期货,73654,-744,60800,-340,4
2026-08-25,AL,瑞达期货,68708,1001,62604,-522,5
2026-08-25,AL,国投安信,68049,276,60208,344,6
2026-08-25,AL,广发期货,64986,226,51460,-632,7
2026-08-25,AL,南华期货,61810,637,50778,-637,8
2026-08-25,AL,光大期货,60440,-200,50824,-783,9
2026-08-25,AL,浙商期货,58448,-567,43539,-603,10
2026-08-25,AL,招商期货,56332,-225,43342,-711,11
2026-08-25,AL,海通期货,50139,-626,44100,-140,12
2026-08-25,AL,申银万国,49045,147,44319,-762,13
2026-08-25,AL,方正中期,53390,1048,39408,-574,14
2026-08-25,AL,华泰期货,45705,1036,41953,870,15
2026-08-25,AL,东证期货,48001,-536,30980,-475,16
2026-08-25,AL,国泰君安,41921,1266,33813,559,17
2026-08-25,AL,银河期货,42735,986,32070,948,18
2026-08-25,AL,中信期货,36834,968,28015,518,19
2026-08-25,AL,永安期货,34936,601,25836,-107,20
2026-08-26,AL,五矿期货,80552,-439,69069,676,1
2026-08-26,AL,新湖期货,83992,826,65383,-313,2
2026-08-26,AL,宏源期货,74609,-520,64819,899,3
2026-08-26,AL,兴证期货,73486,-168,61021,221,4
2026-08-26,AL,瑞达期货,69642,934,62787,183,5
2026-08-26,AL,国投安信,68170,121,60205,-3,6
2026-08-26,AL,广发期货,65623,637,51605,145,7
2026-08-26,AL,南华期货,62235,425,51201,423,8
2026-08-26,AL,光大期货,60352,-88,51226,402,9
2026-08-26,AL,浙商期货,58981,533,44210,671,10
2026-08-26,AL,招商期货,56210,-122,43397,55,11
2026-08-26,AL,海通期货,50669,530,43847,-253,12
2026-08-26,AL,申银万国,49964,919,44443,124,13
2026-08-26,AL,方正中期,53443,53,39653,245,14
2026-08-26,AL,华泰期货,46557,852,41488,-465,15
2026-08-26,AL,东证期货,47376,-625,31905,925,16
2026-08-26,AL,国泰君安,41294,-627,33550,-263,17
2026-08-26,AL,银河期货,42452,-283,31338,-732,18
2026-08-26,AL,中信期货,37674,840,28475,460,19
2026-08-26,AL,永安期货,35126,190,25885,49,20
2026-08-27,AL,新湖期货,84104,112,64976,-407,1
2026-08-27,AL,五矿期货,80519,-33,68506,-563,2
2026-08-27,AL,宏源期货,74995,386,64138,-681,3
2026-08-27,AL,兴证期货,72780,-706,60729,-292,4
2026-08-27,AL,瑞达期货,69166,-476,62177,-610,5
2026-08-27,AL,国投安信,67867,-303,59504,-701,6
2026-08-27,AL,广发期货,66197,574,52292,687,7
2026-08-27,AL,南华期货,62863,628,52113,912,8
2026-08-27,AL,光大期货,60658,306,50870,-356,9
2026-08-27,AL,浙商期货,58564,-417,43629,-581,10
2026-08-27,AL,招商期货,57138,928,43907,510,11
2026-08-27,AL,海通期货,51145,476,44799,952,12
2026-08-27,AL,申银万国,50107,143,43843,-600,13
2026-08-27,AL,方正中期,52982,-461,40170,517,14
2026-08-27,AL,华泰期货,46490,-67,41130,-358,15
2026-08-27,AL,东证期货,46802,-574,31348,-557,16
2026-08-27,AL,国泰君安,42612,1318,33280,-270,17
2026-08-27,AL,银河期货,43358,906,32209,871,18
2026-08-27,AL,中信期货,37995,321,28376,-99,19
2026-08-27,AL,永安期货,34988,-138,25489,-396,20
2026-08-28,AL,新湖期货,84284,180,65870,894,1
2026-08-28,AL,五矿期货,80322,-197,69110,604,2
2026-08-28,AL,宏源期货,75649,654,63803,-335,3
2026-08-28,AL,兴证期货,72668,-112,61114,385,4
2026-08-28,AL,瑞达期货,70362,1196,62749,572,5
2026-08-28,AL,国投安信,68195,328,59603,99,6
2026-08-28,AL,广发期货,65726,-471,51360,-932,7
2026-08-28,AL,南华期货,63973,1110,51828,-285,8
2026-08-28,AL,光大期货,61774,1116,50952,82,9
2026-08-28,AL,浙商期货,59347,783,42986,-643,10
2026-08-28,AL,招商期货,58289,1151,43905,-2,11
2026-08-28,AL,海通期货,50603,-542,45744,945,12
2026-08-28,AL,申银万国,50409,302,43520,-323,13
2026-08-28,AL,方正中期,52243,-739,40058,-112,14
2026-08-28,AL,华泰期货,46805,315,40522,-608,15
2026-08-28,AL,东证期货,46895,93,31406,58,16
2026-08-28,AL,国泰君安,43305,693,33069,-211,17
2026-08-28,AL,银河期货,43392,34,31651,-558,18
2026-08-28,AL,中信期货,38773,778,27587,-789,19
2026-08-28,AL,永安期货,34738,-250,25780,291,20
2026-08-31,AL,五矿期货,81448,1126,69741,631,1
2026-08-31,AL,新湖期货,83948,-336,66530,660,2
2026-08-31,AL,宏源期货,76053,404,63941,138,3
2026-08-31,AL,兴证期货,73191,523,60573,-541,4
2026-08-31,AL,瑞达期货,69761,-601,62477,-272,5
2026-08-31,AL,国投安信,67517,-678,59908,305,6
2026-08-31,AL,广发期货,65849,123,51151,-209,7
2026-08-31,AL,南华期货,64905,932,51339,-489,8
2026-08-31,AL,光大期货,62112,338,50251,-701,9
2026-08-31,AL,招商期货,58321,32,44229,324,10
2026-08-31,AL,浙商期货,59187,-160,42096,-890,11
2026-08-31,AL,海通期货,51656,1053,44886,-858,12
2026-08-31,AL,申银万国,51117,708,43560,40,13
2026-08-31,AL,方正中期,51738,-505,40506,448,14
2026-08-31,AL,华泰期货,47426,621,39812,-710,15
2026-08-31,AL,东证期货,47130,235,31239,-167,16
2026-08-31,AL,国泰君安,43792,487,33701,632,17
2026-08-31,AL,银河期货,44579,1187,32679,1028,18
2026-08-31,AL,中信期货,38404,-369,28364,777,19
2026-08-31,AL,永安期货,35242,504,26285,505,20
2026-09-01,AL,新湖期货,84070,122,67380,850,1
2026-09-01,AL,五矿期货,81806,358,68980,-761,2
2026-09-01,AL,宏源期货,75982,-71,63631,-310,3
2026-09-01,AL,兴证期货,72983,-208,60339,-234,4
2026-09-01,AL,瑞达期货,69728,-33,62327,-150,5
2026-09-01,AL,国投安信,67490,-27,58992,-916,6
2026-09-01,AL,广发期货,66807,958,51086,-65,7
2026-09-01,AL,南华期货,64417,-488,51865,526,8
2026-09-01,AL,光大期货,62369,257,49425,-826,9
2026-09-01,AL,浙商期货,60257,1070,42521,425,10
2026-09-01,AL,招商期货,58270,-51,44103,-126,11
2026-09-01,AL,海通期货,51870,214,44596,-290,12
2026-09-01,AL,申银万国,51134,17,43018,-542,13
2026-09-01,AL,方正中期,52183,445,40805,299,14
2026-09-01,AL,华泰期货,48634,1208,39920,108,15
2026-09-01,AL,国泰君安,44224,432,34580,879,16
2026-09-01,AL,东证期货,47835,705,30557,-682,17
2026-09-01,AL,银河期货,44821,242,33205,526,18
2026-09-01,AL,中信期货,37780,-624,27675,-689,19
2026-09-01,AL,永安期货,35141,-101,25825,-460,20
2026-09-02,AL,新湖期货,84118,48,67748,368,1
2026-09-02,AL,五矿期货,82888,1082,68599,-381,2
2026-09-02,AL,宏源期货,75373,-609,62704,-927,3
2026-09-02,AL,兴证期货,73741,758,60168,-171,4
2026-09-02,AL,瑞达期货,70013,285,62073,-254,5
2026-09-02,AL,国投安信,66835,-655,59261,269,6
2026-09-02,AL,广发期货,66989,182,51922,836,7
2026-09-02,AL,南华期货,64052,-365,51546,-319,8
2026-09-02,AL,光大期货,61864,-505,50196,771,9
2026-09-02,AL,浙商期货,60669,412,42805,284,10
2026-09-02,AL,招商期货,57656,-614,43457,-646,11
2026-09-02,AL,海通期货,51948,78,45148,552,12
2026-09-02,AL,申银万国,52331,1197,43916,898,13
2026-09-02,AL,方正中期,53228,1045,40713,-92,14
2026-09-02,AL,华泰期货,49494,860,40470,550,15
2026-09-02,AL,国泰君安,45072,848,34571,-9,16
2026-09-02,AL,银河期货,45796,975,33251,46,17
2026-09-02,AL,东证期货,47756,-79,30032,-525,18
2026-09-02,AL,中信期货,38928,1148,27724,49,19
2026-09-02,AL,永安期货,34912,-229,26455,630,20
2026-09-03,AL,新湖期货,85036,918,68111,363,1
2026-09-03,AL,五矿期货,83065,177,67913,-686,2
2026-09-03,AL,宏源期货,76540,1167,63075,371,3
2026-09-03,AL,兴证期货,73488,-253,59842,-326,4
2026-09-03,AL,瑞达期货,69277,-736,62753,680,5
2026-09-03,AL,国投安信,66050,-785,58636,-625,6
2026-09-03,AL,广发期货,67148,159,51441,-481,7
2026-09-03,AL,南华期货,64407,355,52121,575,8
2026-09-03,AL,光大期货,62766,902,49874,-322,9
2026-09-03,AL,浙商期货,61588,919,43063,258,10
2026-09-03,AL,招商期货,57488,-168,43528,71,11
2026-09-03,AL,海通期货,52292,344,45212,64,12
2026-09-03,AL,申银万国,52322,-9,43568,-348,13
2026-09-03,AL,方正中期,52524,-704,41458,745,14
2026-09-03,AL,华泰期货,49084,-410,41234,764,15
2026-09-03,AL,银河期货,46672,876,34264,1013,16
2026-09-03,AL,国泰君安,45856,784,34874,303,17
2026-09-03,AL,东证期货,47366,-390,29580,-452,18
2026-09-03,AL,中信期货,39396,468,27810,86,19
2026-09-03,AL,永安期货,35090,178,25953,-502,20
2026-09-04,AL,新湖期货,85747,711,68349,238,1
2026-09-04,AL,五矿期货,82310,-755,68704,791,2
2026-09-04,AL,宏源期货,76514,-26,63184,109,3
2026-09-04,AL,兴证期货,74373,885,59146,-696,4
2026-09-04,AL,瑞达期货,69891,614,62787,34,5
2026-09-04,AL,国投安信,67255,1205,59117,481,6
2026-09-04,AL,广发期货,66886,-262,51787,346,7
2026-09-04,AL,南华期货,64510,103,52959,838,8
2026-09-04,AL,光大期货,63202,436,50460,586,9
2026-09-04,AL,浙商期货,61538,-50,43313,250,10
2026-09-04,AL,招商期货,57682,194,43746,218,11
2026-09-04,AL,海通期货,52069,-223,45281,69,12
2026-09-04,AL,申银万国,51776,-546,44194,626,13
2026-09-04,AL,方正中期,53721,1197,40654,-804,14
2026-09-04,AL,华泰期货,48795,-289,40352,-882,15
2026-09-04,AL,银河期货,47009,337,35261,997,16
2026-09-04,AL,国泰君安,46040,184,34381,-493,17
2026-09-04,AL,东证期货,48104,738,30040,460,18
2026-09-04,AL,中信期货,40554,1158,27539,-271,19
2026-09-04,AL,永安期货,35759,669,26456,503,20
2026-07-27,ZN,五矿期货,77187,-865,70259,132,1
2026-07-27,ZN,新湖期货,74228,-632,69463,1041,2
2026-07-27,ZN,宏源期货,71626,-662,64878,826,3
2026-07-27,ZN,兴证期货,72451,976,62446,-694,4
2026-07-27,ZN,国投安信,66846,-46,61681,93,5
2026-07-27,ZN,瑞达期货,65754,743,57967,-617,6
2026-07-27,ZN,广发期货,63133,538,56731,698,7
2026-07-27,ZN,南华期货,59943,559,54099,278,8
2026-07-27,ZN,招商期货,57682,832,50826,239,9
2026-07-27,ZN,浙商期货,56654,1050,48919,226,10
2026-07-27,ZN,光大期货,53581,512,46766,852,11
2026-07-27,ZN,方正中期,49731,244,44900,406,12
2026-07-27,ZN,海通期货,47886,728,42186,987,13
2026-07-27,ZN,申银万国,45382,803,39953,-465,14
2026-07-27,ZN,华泰期货,40846,130,37118,-398,15
2026-07-27,ZN,东证期货,39029,-334,34314,-454,16
2026-07-27,ZN,银河期货,36741,-447,31793,-561,17
2026-07-27,ZN,国泰君安,34404,1106,31904,1095,18
2026-07-27,ZN,中信期货,32545,63,27365,-74,19
2026-07-27,ZN,永安期货,29377,814,25790,223,20
2026-07-28,ZN,五矿期货,77873,686,70400,141,1
2026-07-28,ZN,新湖期货,73487,-741,68651,-812,2
2026-07-28,ZN,宏源期货,72331,705,64256,-622,3
2026-07-28,ZN,兴证期货,72965,514,63158,712,4
2026-07-28,ZN,国投安信,66106,-740,61701,20,5
2026-07-28,ZN,瑞达期货,65283,-471,57383,-584,6
2026-07-28,ZN,广发期货,62862,-271,56137,-594,7
2026-07-28,ZN,南华期货,60452,509,53713,-386,8
2026-07-28,ZN,招商期货,58203,521,50267,-559,9
2026-07-28,ZN,浙商期货,56017,-637,49823,904,10
2026-07-28,ZN,光大期货,52923,-658,46371,-395,11
2026-07-28,ZN,方正中期,50355,624,45718,818,12
2026-07-28,ZN,海通期货,47609,-277,41394,-792,13
2026-07-28,ZN,申银万国,44834,-548,40556,603,14
2026-07-28,ZN,华泰期货,41509,663,36968,-150,15
2026-07-28,ZN,东证期货,39472,443,34615,301,16
2026-07-28,ZN,银河期货,36866,125,32845,1052,17
2026-07-28,ZN,国泰君安,33908,-496,32807,903,18
2026-07-28,ZN,中信期货,33180,635,27337,-28,19
2026-07-28,ZN,永安期货,29310,-67,25658,-132,20
2026-07-29,ZN,五矿期货,78901,1028,70118,-282,1
2026-07-29,ZN,新湖期货,74319,832,69329,678,2
2026-07-29,ZN,宏源期货,71616,-715,63704,-552,3
2026-07-29,ZN,兴证期货,72784,-181,62367,-791,4
2026-07-29,ZN,国投安信,65584,-522,62224,523,5
2026-07-29,ZN,瑞达期货,66228,945,56942,-441,6
2026-07-29,ZN,广发期货,62382,-480,56490,353,7
2026-07-29,ZN,南华期货,61436,984,54095,382,8
2026-07-29,ZN,招商期货,58905,702,49670,-597,9
2026-07-29,ZN,浙商期货,56662,645,49170,-653,10
2026-07-29,ZN,光大期货,53390,467,45542,-829,11
2026-07-29,ZN,方正中期,49590,-765,45485,-233,12
2026-07-29,ZN,海通期货,47227,-382,40632,-762,13
2026-07-29,ZN,申银万国,44177,-657,41566,1010,14
2026-07-29,ZN,华泰期货,40730,-779,37078,110,15
2026-07-29,ZN,东证期货,39743,271,35059,444,16
2026-07-29,ZN,银河期货,37710,844,33426,581,17
2026-07-29,ZN,国泰君安,33348,-560,32104,-703,18
2026-07-29,ZN,中信期货,32487,-693,26969,-368,19
2026-07-29,ZN,永安期货,30081,771,25771,113,20
2026-07-30,ZN,五矿期货,78751,-150,70697,579,1
2026-07-30,ZN,新湖期货,74868,549,69451,122,2
2026-07-30,ZN,宏源期货,71748,132,64597,893,3
2026-07-30,ZN,兴证期货,72322,-462,63402,1035,4
2026-07-30,ZN,国投安信,64886,-698,63266,1042,5
2026-07-30,ZN,瑞达期货,65336,-892,57577,635,6
2026-07-30,ZN,广发期货,63026,644,56740,250,7
2026-07-30,ZN,南华期货,60887,-549,55091,996,8
2026-07-30,ZN,招商期货,58397,-508,49397,-273,9
2026-07-30,ZN,浙商期货,56206,-456,49785,615,10
2026-07-30,ZN,光大期货,52518,-872,45775,233,11
2026-07-30,ZN,方正中期,49874,284,46198,713,12
2026-07-30,ZN,海通期货,46529,-698,41460,828,13
2026-07-30,ZN,申银万国,44444,267,40855,-711,14
2026-07-30,ZN,华泰期货,40325,-405,37262,184,15
2026-07-30,ZN,东证期货,40455,712,35544,485,16
2026-07-30,ZN,银河期货,37955,245,34255,829,17
2026-07-30,ZN,国泰君安,32896,-452,33085,981,18
2026-07-30,ZN,中信期货,32419,-68,26920,-49,19
2026-07-30,ZN,永安期货,31244,1163,26188,417,20
2026-07-31,ZN,五矿期货,79080,329,71354,657,1
2026-07-31,ZN,新湖期货,74548,-320,69536,85,2
2026-07-31,ZN,兴证期货,72093,-229,63563,161,3
2026-07-31,ZN,宏源期货,71084,-664,64535,-62,4
2026-07-31,ZN,国投安信,64069,-817,62584,-682,5
2026-07-31,ZN,瑞达期货,65577,241,58205,628,6
2026-07-31,ZN,广发期货,63569,543,56480,-260,7
2026-07-31,ZN,南华期货,61548,661,54980,-111,8
2026-07-31,ZN,招商期货,57775,-622,49562,165,9
2026-07-31,ZN,浙商期货,55531,-675,49999,214,10
2026-07-31,ZN,光大期货,51871,-647,45879,104,11
2026-07-31,ZN,方正中期,50533,659,45991,-207,12
2026-07-31,ZN,海通期货,46463,-66,40841,-619,13
2026-07-31,ZN,申银万国,44597,153,40471,-384,14
2026-07-31,ZN,华泰期货,40293,-32,36850,-412,15
2026-07-31,ZN,东证期货,40401,-54,35551,7,16
2026-07-31,ZN,银河期货,37545,-410,35194,939,17
2026-07-31,ZN,国泰君安,34077,1181,32534,-551,18
2026-07-31,ZN,中信期货,32539,120,27529,609,19
2026-07-31,ZN,永安期货,31671,427,25797,-391,20
2026-08-03,ZN,五矿期货,79389,309,70712,-642,1
2026-08-03,ZN,新湖期货,74468,-80,70109,573,2
2026-08-03,ZN,宏源期货,70477,-607,64493,-42,3
2026-08-03,ZN,兴证期货,71367,-726,62957,-606,4
2026-08-03,ZN,国投安信,64517,448,63119,535,5
2026-08-03,ZN,瑞达期货,65574,-3,58425,220,6
2026-08-03,ZN,广发期货,62884,-685,56441,-39,7
2026-08-03,ZN,南华期货,61654,106,55506,526,8
2026-08-03,ZN,招商期货,56901,-874,50092,530,9
2026-08-03,ZN,浙商期货,55383,-148,49516,-483,10
2026-08-03,ZN,光大期货,52894,1023,46419,540,11
2026-08-03,ZN,方正中期,51276,743,46115,124,12
2026-08-03,ZN,海通期货,47395,932,41713,872,13
2026-08-03,ZN,申银万国,45451,854,39763,-708,14
2026-08-03,ZN,东证期货,40216,-185,36532,981,15
2026-08-03,ZN,华泰期货,40269,-24,36386,-464,16
2026-08-03,ZN,银河期货,37899,354,35258,64,17
2026-08-03,ZN,国泰君安,34206,129,32226,-308,18
2026-08-03,ZN,中信期货,33758,1219,28481,952,19
2026-08-03,ZN,永安期货,31529,-142,26434,637,20
2026-08-04,ZN,五矿期货,79481,92,70909,197,1
2026-08-04,ZN,新湖期货,75513,1045,70087,-22,2
2026-08-04,ZN,宏源期货,70942,465,64878,385,3
2026-08-04,ZN,兴证期货,71196,-171,63081,124,4
2026-08-04,ZN,国投安信,65548,1031,63088,-31,5
2026-08-04,ZN,瑞达期货,66314,740,58893,468,6
2026-08-04,ZN,广发期货,63532,648,57207,766,7
2026-08-04,ZN,南华期货,61969,315,55215,-291,8
2026-08-04,ZN,招商期货,57569,668,50433,341,9
2026-08-04,ZN,浙商期货,56049,666,50127,611,10
2026-08-04,ZN,光大期货,53016,122,46139,-280,11
2026-08-04,ZN,方正中期,51245,-31,46750,635,12
2026-08-04,ZN,海通期货,46971,-424,42579,866,13
2026-08-04,ZN,申银万国,45378,-73,39164,-599,14
2026-08-04,ZN,华泰期货,40587,318,37264,878,15
2026-08-04,ZN,东证期货,40129,-87,36172,-360,16
2026-08-04,ZN,银河期货,39116,1217,34895,-363,17
2026-08-04,ZN,国泰君安,33558,-648,32200,-26,18
2026-08-04,ZN,中信期货,34805,1047,28056,-425,19
2026-08-04,ZN,永安期货,32267,738,27558,1124,20
2026-08-05,ZN,五矿期货,80204,723,71013,104,1
2026-08-05,ZN,新湖期货,76184,671,70245,158,2
2026-08-05,ZN,宏源期货,71581,639,65092,214,3
2026-08-05,ZN,兴证期货,70452,-744,63584,503,4
2026-08-05,ZN,国投安信,64845,-703,63794,706,5
2026-08-05,ZN,瑞达期货,66687,373,59319,426,6
2026-08-05,ZN,广发期货,62944,-588,56977,-230,7
2026-08-05,ZN,南华期货,62460,491,55034,-181,8
2026-08-05,ZN,招商期货,57452,-117,50821,388,9
2026-08-05,ZN,浙商期货,55203,-846,49643,-484,10
2026-08-05,ZN,光大期货,53136,120,46677,538,11
2026-08-05,ZN,方正中期,52045,800,46039,-711,12
2026-08-05,ZN,海通期货,47582,611,41837,-742,13
2026-08-05,ZN,申银万国,44538,-840,38517,-647,14
2026-08-05,ZN,华泰期货,40973,386,36689,-575,15
2026-08-05,ZN,东证期货,40367,238,35874,-298,16
2026-08-05,ZN,银河期货,38849,-267,35127,232,17
2026-08-05,ZN,国泰君安,32999,-559,31680,-520,18
2026-08-05,ZN,中信期货,35597,792,28217,161,19
2026-08-05,ZN,永安期货,32058,-209,27089,-469,20
2026-08-06,ZN,五矿期货,79640,-564,71169,156,1
2026-08-06,ZN,新湖期货,77095,911,70841,596,2
2026-08-06,ZN,宏源期货,72277,696,64862,-230,3
2026-08-06,ZN,兴证期货,70902,450,64496,912,4
2026-08-06,ZN,国投安信,64307,-538,64084,290,5
2026-08-06,ZN,瑞达期货,65860,-827,58536,-783,6
2026-08-06,ZN,广发期货,62950,6,57068,91,7
2026-08-06,ZN,南华期货,63306,846,54954,-80,8
2026-08-06,ZN,招商期货,57473,21,50615,-206,9
2026-08-06,ZN,浙商期货,54546,-657,49578,-65,10
2026-08-06,ZN,光大期货,54038,902,47700,1023,11
2026-08-06,ZN,方正中期,51209,-836,46070,31,12
2026-08-06,ZN,海通期货,48632,1050,42551,714,13
2026-08-06,ZN,申银万国,44757,219,37703,-814,14
2026-08-06,ZN,华泰期货,41833,860,36946,257,15
2026-08-06,ZN,东证期货,40290,-77,36761,887,16
2026-08-06,ZN,银河期货,38604,-245,35467,340,17
2026-08-06,ZN,国泰君安,33223,224,31943,263,18
2026-08-06,ZN,中信期货,36172,575,28466,249,19
2026-08-06,ZN,永安期货,31691,-367,26920,-169,20
2026-08-07,ZN,五矿期货,79002,-638,72033,864,1
2026-08-07,ZN,新湖期货,77404,309,70083,-758,2
2026-08-07,ZN,宏源期货,71502,-775,64069,-793,3
2026-08-07,ZN,兴证期货,70584,-318,64302,-194,4
2026-08-07,ZN,国投安信,64129,-178,64803,719,5
2026-08-07,ZN,瑞达期货,66223,363,59071,535,6
2026-08-07,ZN,广发期货,63260,310,56991,-77,7
2026-08-07,ZN,南华期货,62945,-361,55117,163,8
2026-08-07,ZN,招商期货,56687,-786,50566,-49,9
2026-08-07,ZN,浙商期货,53966,-580,49765,187,10
2026-08-07,ZN,光大期货,54289,251,48599,899,11
2026-08-07,ZN,方正中期,51271,62,46194,124,12
2026-08-07,ZN,海通期货,48836,204,42872,321,13
2026-08-07,ZN,申银万国,44991,234,38256,553,14
2026-08-07,ZN,华泰期货,41937,104,37447,501,15
2026-08-07,ZN,东证期货,40675,385,37373,612,16
2026-08-07,ZN,银河期货,39388,784,34921,-546,17
2026-08-07,ZN,国泰君安,33239,16,32171,228,18
2026-08-07,ZN,中信期货,36031,-141,29161,695,19
2026-08-07,ZN,永安期货,31793,102,26425,-495,20
2026-08-10,ZN,五矿期货,79045,43,72530,497,1
2026-08-10,ZN,新湖期货,77171,-233,69309,-774,2
2026-08-10,ZN,宏源期货,70642,-860,64321,252,3
2026-08-10,ZN,兴证期货,70375,-209,63799,-503,4
2026-08-10,ZN,国投安信,63853,-276,64187,-616,5
2026-08-10,ZN,瑞达期货,65457,-766,60000,929,6
2026-08-10,ZN,广发期货,64224,964,57550,559,7
2026-08-10,ZN,南华期货,63258,313,54440,-677,8
2026-08-10,ZN,招商期货,57114,427,50355,-211,9
2026-08-10,ZN,光大期货,54743,454,48249,-350,10
2026-08-10,ZN,浙商期货,53573,-393,49395,-370,11
2026-08-10,ZN,方正中期,51090,-181,45459,-735,12
2026-08-10,ZN,海通期货,48667,-169,42865,-7,13
2026-08-10,ZN,申银万国,44967,-24,38112,-144,14
2026-08-10,ZN,华泰期货,41816,-121,36796,-651,15
2026-08-10,ZN,东证期货,41175,500,37301,-72,16
2026-08-10,ZN,银河期货,40175,787,35976,1055,17
2026-08-10,ZN,中信期货,36908,877,29910,749,18
2026-08-10,ZN,国泰君安,33654,415,31456,-715,19
2026-08-10,ZN,永安期货,31763,-30,26369,-56,20
2026-08-11,ZN,五矿期货,78558,-487,72697,167,1
2026-08-11,ZN,新湖期货,78256,1085,69351,42,2
2026-08-11,ZN,宏源期货,70355,-287,64215,-106,3
2026-08-11,ZN,兴证期货,69816,-559,64208,409,4
2026-08-11,ZN,国投安信,64319,466,64032,-155,5
2026-08-11,ZN,瑞达期货,66218,761,60716,716,6
2026-08-11,ZN,广发期货,64341,117,57729,179,7
2026-08-11,ZN,南华期货,62779,-479,54278,-162,8
2026-08-11,ZN,招商期货,57628,514,50887,532,9
2026-08-11,ZN,光大期货,54043,-700,49054,805,10
2026-08-11,ZN,浙商期货,53673,100,48749,-646,11
2026-08-11,ZN,方正中期,50850,-240,45781,322,12
2026-08-11,ZN,海通期货,48935,268,42814,-51,13
2026-08-11,ZN,申银万国,44715,-252,38035,-77,14
2026-08-11,ZN,东证期货,41820,645,37492,191,15
2026-08-11,ZN,华泰期货,42120,304,35991,-805,16
2026-08-11,ZN,银河期货,39941,-234,35247,-729,17
2026-08-11,ZN,中信期货,37291,383,30194,284,18
2026-08-11,ZN,国泰君安,34720,1066,31548,92,19
2026-08-11,ZN,永安期货,32751,988,26464,95,20
2026-08-12,ZN,五矿期货,79345,787,72465,-232,1
2026-08-12,ZN,新湖期货,77513,-743,69835,484,2
2026-08-12,ZN,宏源期货,70166,-189,64994,779,3
2026-08-12,ZN,兴证期货,69790,-26,63787,-421,4
2026-08-12,ZN,国投安信,64506,187,64155,123,5
2026-08-12,ZN,瑞达期货,66478,260,61506,790,6
2026-08-12,ZN,广发期货,64000,-341,57016,-713,7
2026-08-12,ZN,南华期货,63091,312,54117,-161,8
2026-08-12,ZN,招商期货,57912,284,50231,-656,9
2026-08-12,ZN,浙商期货,54242,569,49627,878,10
2026-08-12,ZN,光大期货,54664,621,48392,-662,11
2026-08-12,ZN,方正中期,50412,-438,46210,429,12
2026-08-12,ZN,海通期货,48858,-77,43611,797,13
2026-08-12,ZN,申银万国,44423,-292,38359,324,14
2026-08-12,ZN,东证期货,41478,-342,37310,-182,15
2026-08-12,ZN,华泰期货,41763,-357,35238,-753,16
2026-08-12,ZN,银河期货,40902,961,35574,327,17
2026-08-12,ZN,中信期货,38505,1214,31036,842,18
2026-08-12,ZN,国泰君安,34094,-626,32499,951,19
2026-08-12,ZN,永安期货,33272,521,27429,965,20
2026-08-13,ZN,五矿期货,80020,675,73472,1007,1
2026-08-13,ZN,新湖期货,77871,358,70731,896,2
2026-08-13,ZN,宏源期货,70357,191,65800,806,3
2026-08-13,ZN,兴证期货,69438,-352,64243,456,4
2026-08-13,ZN,国投安信,65126,620,64262,107,5
2026-08-13,ZN,瑞达期货,66931,453,62343,837,6
2026-08-13,ZN,广发期货,64122,122,56602,-414,7
2026-08-13,ZN,南华期货,62573,-518,54448,331,8
2026-08-13,ZN,招商期货,58069,157,51147,916,9
2026-08-13,ZN,浙商期货,54627,385,50217,590,10
2026-08-13,ZN,光大期货,55568,904,47580,-812,11
2026-08-13,ZN,方正中期,50633,221,45729,-481,12
2026-08-13,ZN,海通期货,49333,475,44324,713,13
2026-08-13,ZN,申银万国,44578,155,38437,78,14
2026-08-13,ZN,东证期货,41546,68,37363,53,15
2026-08-13,ZN,华泰期货,41377,-386,35667,429,16
2026-08-13,ZN,银河期货,40763,-139,35213,-361,17
2026-08-13,ZN,中信期货,38339,-166,31152,116,18
2026-08-13,ZN,国泰君安,34672,578,32834,335,19
2026-08-13,ZN,永安期货,33525,253,28305,876,20
2026-08-14,ZN,五矿期货,79608,-412,72854,-618,1
2026-08-14,ZN,新湖期货,77454,-417,70712,-19,2
2026-08-14,ZN,宏源期货,70863,506,66181,381,3
2026-08-14,ZN,兴证期货,68866,-572,63918,-325,4
2026-08-14,ZN,瑞达期货,66577,-354,63179,836,5
2026-08-14,ZN,国投安信,64813,-313,64735,473,6
2026-08-14,ZN,广发期货,64954,832,56596,-6,7
2026-08-14,ZN,南华期货,62971,398,54014,-434,8
2026-08-14,ZN,招商期货,59035,966,50428,-719,9
2026-08-14,ZN,浙商期货,55488,861,51067,850,10
2026-08-14,ZN,光大期货,55508,-60,47382,-198,11
2026-08-14,ZN,方正中期,51461,828,45770,41,12
2026-08-14,ZN,海通期货,50000,667,44088,-236,13
2026-08-14,ZN,申银万国,45206,628,38990,553,14
2026-08-14,ZN,东证期货,41713,167,36895,-468,15
2026-08-14,ZN,华泰期货,40969,-408,35125,-542,16
2026-08-14,ZN,银河期货,40393,-370,35189,-24,17
2026-08-14,ZN,中信期货,39047,708,31665,513,18
2026-08-14,ZN,国泰君安,34014,-658,33133,299,19
2026-08-14,ZN,永安期货,33633,108,28694,389,20
2026-08-17,ZN,五矿期货,78879,-729,72646,-208,1
2026-08-17,ZN,新湖期货,78314,860,71698,986,2
2026-08-17,ZN,宏源期货,70003,-860,65444,-737,3
2026-08-17,ZN,兴证期货,68961,95,64670,752,4
2026-08-17,ZN,国投安信,65886,1073,65364,629,5
2026-08-17,ZN,瑞达期货,67422,845,62415,-764,6
2026-08-17,ZN,广发期货,64414,-540,57065,469,7
2026-08-17,ZN,南华期货,63419,448,54291,277,8
2026-08-17,ZN,招商期货,59780,745,50146,-282,9
2026-08-17,ZN,浙商期货,55117,-371,51834,767,10
2026-08-17,ZN,光大期货,54887,-621,46591,-791,11
2026-08-17,ZN,方正中期,50887,-574,45478,-292,12
2026-08-17,ZN,海通期货,49175,-825,43651,-437,13
2026-08-17,ZN,申银万国,45630,424,39994,1004,14
2026-08-17,ZN,东证期货,41927,214,37271,376,15
2026-08-17,ZN,华泰期货,40962,-7,35139,14,16
2026-08-17,ZN,银河期货,40248,-145,35369,180,17
2026-08-17,ZN,中信期货,38323,-724,31397,-268,18
2026-08-17,ZN,国泰君安,34866,852,34057,924,19
2026-08-17,ZN,永安期货,33160,-473,28317,-377,20
2026-08-18,ZN,五矿期货,78229,-650,73379,733,1
2026-08-18,ZN,新湖期货,77901,-413,72076,378,2
2026-08-18,ZN,宏源期货,70914,911,64778,-666,3
2026-08-18,ZN,兴证期货,68576,-385,64836,166,4
2026-08-18,ZN,国投安信,66893,1007,65589,225,5
2026-08-18,ZN,瑞达期货,68466,1044,63152,737,6
2026-08-18,ZN,广发期货,65211,797,57403,338,7
2026-08-18,ZN,南华期货,63587,168,54801,510,8
2026-08-18,ZN,招商期货,60790,1010,49543,-603,9
2026-08-18,ZN,浙商期货,55721,604,52008,174,10
2026-08-18,ZN,光大期货,54216,-671,46910,319,11
2026-08-18,ZN,方正中期,50274,-613,45111,-367,12
2026-08-18,ZN,海通期货,49758,583,44526,875,13
2026-08-18,ZN,申银万国,45542,-88,40863,869,14
2026-08-18,ZN,东证期货,42522,595,37847,576,15
2026-08-18,ZN,银河期货,41304,1056,35343,-26,16
2026-08-18,ZN,华泰期货,41875,913,34473,-666,17
2026-08-18,ZN,中信期货,39318,995,30757,-640,18
2026-08-18,ZN,国泰君安,35930,1064,34120,63,19
2026-08-18,ZN,永安期货,33612,452,28157,-160,20
2026-08-19,ZN,五矿期货,79130,901,74135,756,1
2026-08-19,ZN,新湖期货,78973,1072,71794,-282,2
2026-08-19,ZN,宏源期货,71412,498,64432,-346,3
2026-08-19,ZN,兴证期货,68543,-33,64958,122,4
2026-08-19,ZN,国投安信,66641,-252,65856,267,5
2026-08-19,ZN,瑞达期货,69508,1042,62533,-619,6
2026-08-19,ZN,广发期货,65078,-133,57985,582,7
2026-08-19,ZN,南华期货,63691,104,55043,242,8
2026-08-19,ZN,招商期货,61097,307,48807,-736,9
2026-08-19,ZN,浙商期货,55341,-380,52925,917,10
2026-08-19,ZN,光大期货,54216,0,46896,-14,11
2026-08-19,ZN,方正中期,49812,-462,44823,-288,12
2026-08-19,ZN,海通期货,49076,-682,44034,-492,13
2026-08-19,ZN,申银万国,45088,-454,40308,-555,14
2026-08-19,ZN,东证期货,43274,752,38600,753,15
2026-08-19,ZN,银河期货,41322,18,36223,880,16
2026-08-19,ZN,华泰期货,41458,-417,34489,16,17
2026-08-19,ZN,国泰君安,36346,416,34859,739,18
2026-08-19,ZN,中信期货,39212,-106,31691,934,19
2026-08-19,ZN,永安期货,34484,872,28028,-129,20
2026-08-20,ZN,五矿期货,80005,875,73769,-366,1
2026-08-20,ZN,新湖期货,78322,-651,72039,245,2
2026-08-20,ZN,宏源期货,72175,763,64985,553,3
2026-08-20,ZN,兴证期货,68386,-157,65957,999,4
2026-08-20,ZN,国投安信,67703,1062,66440,584,5
2026-08-20,ZN,瑞达期货,69241,-267,62991,458,6
2026-08-20,ZN,广发期货,65309,231,57922,-63,7
2026-08-20,ZN,南华期货,63281,-410,54711,-332,8
2026-08-20,ZN,招商期货,61812,715,49332,525,9
2026-08-20,ZN,浙商期货,55855,514,53953,1028,10
2026-08-20,ZN,光大期货,55242,1026,46157,-739,11
2026-08-20,ZN,方正中期,50268,456,45609,786,12
2026-08-20,ZN,海通期货,49899,823,44698,664,13
2026-08-20,ZN,申银万国,45428,340,39529,-779,14
2026-08-20,ZN,东证期货,42537,-737,39151,551,15
2026-08-20,ZN,银河期货,42224,902,36084,-139,16
2026-08-20,ZN,华泰期货,42538,1080,35492,1003,17
2026-08-20,ZN,国泰君安,37031,685,34842,-17,18
2026-08-20,ZN,中信期货,39175,-37,31894,203,19
2026-08-20,ZN,永安期货,35622,1138,27554,-474,20
2026-08-21,ZN,五矿期货,79950,-55,74816,1047,1
2026-08-21,ZN,新湖期货,78386,64,72698,659,2
2026-08-21,ZN,宏源期货,72871,696,65141,156,3
2026-08-21,ZN,国投安信,67364,-339,67364,924,4
2026-08-21,ZN,兴证期货,67650,-736,66792,835,5
2026-08-21,ZN,瑞达期货,69957,716,62210,-781,6
2026-08-21,ZN,广发期货,65728,419,57904,-18,7
2026-08-21,ZN,南华期货,64044,763,55431,720,8
2026-08-21,ZN,招商期货,61561,-251,50283,951,9
2026-08-21,ZN,浙商期货,55853,-2,54396,443,10
2026-08-21,ZN,光大期货,54670,-572,47182,1025,11
2026-08-21,ZN,方正中期,51128,860,46582,973,12
2026-08-21,ZN,海通期货,49608,-291,44278,-420,13
2026-08-21,ZN,申银万国,46077,649,39161,-368,14
2026-08-21,ZN,东证期货,42280,-257,38997,-154,15
2026-08-21,ZN,银河期货,43343,1119,37193,1109,16
2026-08-21,ZN,华泰期货,41822,-716,36326,834,17
2026-08-21,ZN,国泰君安,38114,1083,34876,34,18
2026-08-21,ZN,中信期货,39190,15,31140,-754,19
2026-08-21,ZN,永安期货,36598,976,27690,136,20
2026-08-24,ZN,五矿期货,80336,386,74591,-225,1
2026-08-24,ZN,新湖期货,78306,-80,72257,-441,2
2026-08-24,ZN,宏源期货,72249,-622,64297,-844,3
2026-08-24,ZN,兴证期货,68370,720,67254,462,4
2026-08-24,ZN,国投安信,67754,390,67422,58,5
2026-08-24,ZN,瑞达期货,70370,413,61736,-474,6
2026-08-24,ZN,广发期货,64934,-794,58367,463,7
2026-08-24,ZN,南华期货,63200,-844,56141,710,8
2026-08-24,ZN,招商期货,61589,28,50856,573,9
2026-08-24,ZN,浙商期货,56463,610,54215,-181,10
2026-08-24,ZN,光大期货,55435,765,47453,271,11
2026-08-24,ZN,方正中期,51461,333,47225,643,12
2026-08-24,ZN,海通期货,49428,-180,44289,11,13
2026-08-24,ZN,申银万国,46213,136,38446,-715,14
2026-08-24,ZN,东证期货,43188,908,38555,-442,15
2026-08-24,ZN,银河期货,44242,899,36628,-565,16
2026-08-24,ZN,华泰期货,42352,530,36010,-316,17
2026-08-24,ZN,国泰君安,39129,1015,35987,1111,18
2026-08-24,ZN,中信期货,39879,689,31235,95,19
2026-08-24,ZN,永安期货,37540,942,27601,-89,20
2026-08-25,ZN,五矿期货,80241,-95,75535,944,1
2026-08-25,ZN,新湖期货,78158,-148,71779,-478,2
2026-08-25,ZN,宏源期货,71521,-728,64295,-2,3
2026-08-25,ZN,国投安信,67524,-230,68209,787,4
2026-08-25,ZN,兴证期货,68047,-323,66810,-444,5
2026-08-25,ZN,瑞达期货,70684,314,62579,843,6
2026-08-25,ZN,广发期货,64389,-545,58924,557,7
2026-08-25,ZN,南华期货,62573,-627,55824,-317,8
2026-08-25,ZN,招商期货,62477,888,51511,655,9
2026-08-25,ZN,浙商期货,56487,24,54344,129,10
2026-08-25,ZN,光大期货,56158,723,47257,-196,11
2026-08-25,ZN,方正中期,51965,504,47215,-10,12
2026-08-25,ZN,海通期货,50262,834,44655,366,13
2026-08-25,ZN,申银万国,46875,662,37862,-584,14
2026-08-25,ZN,东证期货,44393,1205,39357,802,15
2026-08-25,ZN,银河期货,44519,277,37319,691,16
2026-08-25,ZN,华泰期货,43153,801,36489,479,17
2026-08-25,ZN,国泰君安,38672,-457,35728,-259,18
2026-08-25,ZN,中信期货,39267,-612,30691,-544,19
2026-08-25,ZN,永安期货,37402,-138,28010,409,20
2026-08-26,ZN,五矿期货,80232,-9,76268,733,1
2026-08-26,ZN,新湖期货,78729,571,72005,226,2
2026-08-26,ZN,国投安信,66806,-718,68112,-97,3
2026-08-26,ZN,兴证期货,67495,-552,67121,311,4
2026-08-26,ZN,宏源期货,70861,-660,63473,-822,5
2026-08-26,ZN,瑞达期货,70316,-368,62034,-545,6
2026-08-26,ZN,广发期货,64367,-22,59303,379,7
2026-08-26,ZN,南华期货,62494,-79,56239,415,8
2026-08-26,ZN,招商期货,61922,-555,50762,-749,9
2026-08-26,ZN,浙商期货,57023,536,55238,894,10
2026-08-26,ZN,光大期货,55664,-494,46943,-314,11
2026-08-26,ZN,方正中期,53060,1095,47312,97,12
2026-08-26,ZN,海通期货,51219,957,43987,-668,13
2026-08-26,ZN,东证期货,45503,1110,39730,373,14
2026-08-26,ZN,申银万国,47258,383,37480,-382,15
2026-08-26,ZN,银河期货,45680,1161,36596,-723,16
2026-08-26,ZN,华泰期货,43578,425,36892,403,17
2026-08-26,ZN,国泰君安,38351,-321,35000,-728,18
2026-08-26,ZN,中信期货,40298,1031,31089,398,19
2026-08-26,ZN,永安期货,37394,-8,28949,939,20
2026-08-27,ZN,五矿期货,79814,-418,76683,415,1
2026-08-27,ZN,新湖期货,78423,-306,71691,-314,2
2026-08-27,ZN,兴证期货,67431,-64,67893,772,3
2026-08-27,ZN,国投安信,66762,-44,67631,-481,4
2026-08-27,ZN,宏源期货,70259,-602,62681,-792,5
2026-08-27,ZN,瑞达期货,70802,486,61571,-463,6
2026-08-27,ZN,广发期货,64046,-321,59941,638,7
2026-08-27,ZN,南华期货,62035,-459,57076,837,8
2026-08-27,ZN,浙商期货,57006,-17,56141,903,9
2026-08-27,ZN,招商期货,61445,-477,51140,378,10
2026-08-27,ZN,光大期货,55546,-118,46359,-584,11
2026-08-27,ZN,方正中期,53688,628,47474,162,12
2026-08-27,ZN,海通期货,50864,-355,43726,-261,13
2026-08-27,ZN,申银万国,48023,765,38231,751,14
2026-08-27,ZN,东证期货,45139,-364,39350,-380,15
2026-08-27,ZN,银河期货,45359,-321,37287,691,16
2026-08-27,ZN,华泰期货,44615,1037,37807,915,17
2026-08-27,ZN,国泰君安,38583,232,34472,-528,18
2026-08-27,ZN,中信期货,41212,914,31698,609,19
2026-08-27,ZN,永安期货,38498,1104,29108,159,20
2026-08-28,ZN,五矿期货,80837,1023,77206,523,1
2026-08-28,ZN,新湖期货,78248,-175,72082,391,2
2026-08-28,ZN,兴证期货,68437,1006,67523,-370,3
2026-08-28,ZN,宏源期货,70323,64,63691,1010,4
2026-08-28,ZN,国投安信,65968,-794,67462,-169,5
2026-08-28,ZN,瑞达期货,71042,240,60841,-730,6
2026-08-28,ZN,广发期货,63295,-751,59286,-655,7
2026-08-28,ZN,南华期货,62358,323,56750,-326,8
2026-08-28,ZN,浙商期货,56891,-115,56741,600,9
2026-08-28,ZN,招商期货,61411,-34,51797,657,10
2026-08-28,ZN,光大期货,55080,-466,46969,610,11
2026-08-28,ZN,方正中期,53602,-86,48030,556,12
2026-08-28,ZN,海通期货,51959,1095,44295,569,13
2026-08-28,ZN,申银万国,48907,884,38043,-188,14
2026-08-28,ZN,银河期货,45904,545,37455,168,15
2026-08-28,ZN,东证期货,44534,-605,38601,-749,16
2026-08-28,ZN,华泰期货,44675,60,37229,-578,17
2026-08-28,ZN,国泰君安,38996,413,35103,631,18
2026-08-28,ZN,中信期货,40940,-272,31685,-13,19
2026-08-28,ZN,永安期货,38641,143,30196,1088,20
2026-08-31,ZN,五矿期货,80176,-661,76997,-209,1
2026-08-31,ZN,新湖期货,77638,-610,71765,-317,2
2026-08-31,ZN,兴证期货,68186,-251,68127,604,3
2026-08-31,ZN,宏源期货,70509,186,63727,36,4
2026-08-31,ZN,瑞达期货,71939,897,60949,108,5
2026-08-31,ZN,国投安信,65338,-630,66795,-667,6
2026-08-31,ZN,广发期货,64300,1005,59130,-156,7
2026-08-31,ZN,南华期货,62489,131,56909,159,8
2026-08-31,ZN,浙商期货,57179,288,56258,-483,9
2026-08-31,ZN,招商期货,61044,-367,51294,-503,10
2026-08-31,ZN,方正中期,52972,-630,49007,977,11
2026-08-31,ZN,光大期货,55325,245,46203,-766,12
2026-08-31,ZN,海通期货,52433,474,44204,-91,13
2026-08-31,ZN,申银万国,48626,-281,38001,-42,14
2026-08-31,ZN,东证期货,44273,-261,38864,263,15
2026-08-31,ZN,华泰期货,45044,369,37159,-70,16
2026-08-31,ZN,银河期货,45217,-687,36695,-760,17
2026-08-31,ZN,国泰君安,39748,752,35991,888,18
2026-08-31,ZN,中信期货,41385,445,32368,683,19
2026-08-31,ZN,永安期货,39841,1200,31069,873,20
2026-09-01,ZN,五矿期货,79662,-514,76451,-546,1
2026-09-01,ZN,新湖期货,77639,1,71023,-742,2
2026-09-01,ZN,兴证期货,69176,990,68623,496,3
2026-09-01,ZN,宏源期货,70912,403,64511,784,4
2026-09-01,ZN,国投安信,65576,238,67692,897,5
2026-09-01,ZN,瑞达期货,72603,664,60408,-541,6
2026-09-01,ZN,广发期货,64909,609,59286,156,7
2026-09-01,ZN,南华期货,61926,-563,56705,-204,8
2026-09-01,ZN,浙商期货,57337,158,56049,-209,9
2026-09-01,ZN,招商期货,61036,-8,52272,978,10
2026-09-01,ZN,方正中期,53770,798,49716,709,11
2026-09-01,ZN,光大期货,56322,997,45893,-310,12
2026-09-01,ZN,海通期货,52072,-361,44609,405,13
2026-09-01,ZN,申银万国,49574,948,38946,945,14
2026-09-01,ZN,东证期货,44231,-42,39990,1126,15
2026-09-01,ZN,银河期货,45012,-205,37456,761,16
2026-09-01,ZN,华泰期货,45024,-20,36888,-271,17
2026-09-01,ZN,国泰君安,40961,1213,36930,939,18
2026-09-01,ZN,中信期货,41627,242,33383,1015,19
2026-09-01,ZN,永安期货,39151,-690,30560,-509,20
2026-09-02,ZN,五矿期货,80446,784,76159,-292,1
2026-09-02,ZN,新湖期货,78274,635,71214,191,2
2026-09-02,ZN,兴证期货,68857,-319,68142,-481,3
2026-09-02,ZN,宏源期货,71721,809,64005,-506,4
2026-09-02,ZN,国投安信,65093,-483,68620,928,5
2026-09-02,ZN,瑞达期货,72418,-185,59749,-659,6
2026-09-02,ZN,广发期货,64312,-597,58689,-597,7
2026-09-02,ZN,南华期货,62500,574,57630,925,8
2026-09-02,ZN,浙商期货,57374,37,56208,159,9
2026-09-02,ZN,招商期货,60366,-670,53154,882,10
2026-09-02,ZN,方正中期,53600,-170,50318,602,11
2026-09-02,ZN,光大期货,56570,248,46036,143,12
2026-09-02,ZN,海通期货,51255,-817,44663,54,13
2026-09-02,ZN,申银万国,50572,998,39109,163,14
2026-09-02,ZN,东证期货,44407,176,40113,123,15
2026-09-02,ZN,银河期货,44566,-446,38131,675,16
2026-09-02,ZN,华泰期货,44361,-663,37871,983,17
2026-09-02,ZN,国泰君安,41144,183,36692,-238,18
2026-09-02,ZN,中信期货,41222,-405,32686,-697,19
2026-09-02,ZN,永安期货,38482,-669,30260,-300,20
2026-09-03,ZN,五矿期货,81247,801,76758,599,1
2026-09-03,ZN,新湖期货,77540,-734,71306,92,2
2026-09-03,ZN,兴证期货,69671,814,67954,-188,3
2026-09-03,ZN,宏源期货,71135,-586,63214,-791,4
2026-09-03,ZN,国投安信,66095,1002,67987,-633,5
2026-09-03,ZN,瑞达期货,72283,-135,60108,359,6
2026-09-03,ZN,广发期货,63661,-651,58646,-43,7
2026-09-03,ZN,南华期货,62995,495,58173,543,8
2026-09-03,ZN,浙商期货,58291,917,56031,-177,9
2026-09-03,ZN,招商期货,59519,-847,52886,-268,10
2026-09-03,ZN,方正中期,54273,673,50488,170,11
2026-09-03,ZN,光大期货,57056,486,45379,-657,12
2026-09-03,ZN,海通期货,50512,-743,44317,-346,13
2026-09-03,ZN,申银万国,50524,-48,40144,1035,14
2026-09-03,ZN,东证期货,44704,297,40913,800,15
2026-09-03,ZN,银河期货,45775,1209,37369,-762,16
2026-09-03,ZN,华泰期货,44629,268,37390,-481,17
2026-09-03,ZN,国泰君安,40798,-346,37117,425,18
2026-09-03,ZN,中信期货,41800,578,33115,429,19
2026-09-03,ZN,永安期货,38855,373,31314,1054,20
2026-09-04,ZN,五矿期货,81128,-119,76097,-661,1
2026-09-04,ZN,新湖期货,78589,1049,71689,383,2
2026-09-04,ZN,兴证期货,68884,-787,68627,673,3
2026-09-04,ZN,国投安信,65856,-239,68771,784,4
2026-09-04,ZN,宏源期货,70379,-756,63484,270,5
2026-09-04,ZN,瑞达期货,72701,418,59837,-271,6
2026-09-04,ZN,广发期货,62860,-801,59437,791,7
2026-09-04,ZN,南华期货,62527,-468,59090,917,8
2026-09-04,ZN,浙商期货,59351,1060,56813,782,9
2026-09-04,ZN,招商期货,59784,265,52300,-586,10
2026-09-04,ZN,方正中期,54038,-235,51136,648,11
2026-09-04,ZN,光大期货,57659,603,46386,1007,12
2026-09-04,ZN,海通期货,51559,1047,44394,77,13
2026-09-04,ZN,申银万国,50967,443,40568,424,14
2026-09-04,ZN,东证期货,43935,-769,40817,-96,15
2026-09-04,ZN,银河期货,46211,436,37946,577,16
2026-09-04,ZN,华泰期货,45715,1086,36629,-761,17
2026-09-04,ZN,国泰君安,41974,1176,36898,-219,18
2026-09-04,ZN,中信期货,41949,149,33631,516,19
2026-09-04,ZN,永安期货,39425,570,31526,212,20
2026-07-27,PB,五矿期货,79094,-808,71000,201,1
2026-07-27,PB,新湖期货,74836,-744,68293,1028,2
2026-07-27,PB,宏源期货,73575,-803,66822,278,3
2026-07-27,PB,兴证期货,71213,-295,63577,314,4
2026-07-27,PB,国投安信,67940,171,61955,25,5
2026-07-27,PB,瑞达期货,66722,823,59291,-341,6
2026-07-27,PB,广发期货,64738,949,57316,-235,7
2026-07-27,PB,南华期货,60966,-639,55675,551,8
2026-07-27,PB,招商期货,58814,-285,51272,-546,9
2026-07-27,PB,浙商期货,55534,741,50333,128,10
2026-07-27,PB,光大期货,51599,-738,48877,1007,11
2026-07-27,PB,方正中期,51028,58,45415,45,12
2026-07-27,PB,海通期货,47093,-729,43555,-255,13
2026-07-27,PB,申银万国,45056,425,40217,224,14
2026-07-27,PB,华泰期货,43227,179,38806,439,15
2026-07-27,PB,东证期货,40593,1126,36735,244,16
2026-07-27,PB,银河期货,36965,681,32999,-453,17
2026-07-27,PB,国泰君安,35779,546,31300,635,18
2026-07-27,PB,中信期货,32334,605,28672,-311,19
2026-07-27,PB,永安期货,31246,1213,26924,179,20
2026-07-28,PB,五矿期货,79566,472,71071,71,1
2026-07-28,PB,新湖期货,74867,31,68994,701,2
2026-07-28,PB,宏源期货,73877,302,67454,632,3
2026-07-28,PB,兴证期货,70922,-291,63369,-208,4
2026-07-28,PB,国投安信,68835,895,62547,592,5
2026-07-28,PB,瑞达期货,65992,-730,59293,2,6
2026-07-28,PB,广发期货,64642,-96,56558,-758,7
2026-07-28,PB,南华期货,60439,-527,56551,876,8
2026-07-28,PB,招商期货,58281,-533,52032,760,9
2026-07-28,PB,浙商期货,55988,454,50430,97,10
2026-07-28,PB,光大期货,50932,-667,49543,666,11
2026-07-28,PB,方正中期,51159,131,44598,-817,12
2026-07-28,PB,海通期货,46360,-733,44279,724,13
2026-07-28,PB,申银万国,44677,-379,40566,349,14
2026-07-28,PB,华泰期货,42845,-382,38683,-123,15
2026-07-28,PB,东证期货,40977,384,37629,894,16
2026-07-28,PB,银河期货,37538,573,33704,705,17
2026-07-28,PB,国泰君安,35192,-587,31481,181,18
2026-07-28,PB,中信期货,32424,90,28747,75,19
2026-07-28,PB,永安期货,30686,-560,27199,275,20
2026-07-29,PB,五矿期货,79932,366,71886,815,1
2026-07-29,PB,新湖期货,74963,96,68764,-230,2
2026-07-29,PB,宏源期货,74209,332,68090,636,3
2026-07-29,PB,兴证期货,71369,447,64043,674,4
2026-07-29,PB,国投安信,68764,-71,63476,929,5
2026-07-29,PB,瑞达期货,66034,42,59859,566,6
2026-07-29,PB,广发期货,65085,443,56685,127,7
2026-07-29,PB,南华期货,59566,-873,56052,-499,8
2026-07-29,PB,招商期货,58189,-92,51420,-612,9
2026-07-29,PB,浙商期货,55124,-864,49591,-839,10
2026-07-29,PB,光大期货,50920,-12,49787,244,11
2026-07-29,PB,方正中期,51638,479,43965,-633,12
2026-07-29,PB,海通期货,45991,-369,45214,935,13
2026-07-29,PB,申银万国,45306,629,40953,387,14
2026-07-29,PB,华泰期货,42324,-521,37993,-690,15
2026-07-29,PB,东证期货,40580,-397,37291,-338,16
2026-07-29,PB,银河期货,38542,1004,34592,888,17
2026-07-29,PB,国泰君安,36391,1199,32591,1110,18
2026-07-29,PB,中信期货,32186,-238,28676,-71,19
2026-07-29,PB,永安期货,31183,497,28083,884,20
2026-07-30,PB,五矿期货,79981,49,71339,-547,1
2026-07-30,PB,新湖期货,74679,-284,69490,726,2
2026-07-30,PB,宏源期货,73699,-510,67416,-674,3
2026-07-30,PB,兴证期货,72086,717,64296,253,4
2026-07-30,PB,国投安信,69146,382,64383,907,5
2026-07-30,PB,瑞达期货,66026,-8,60733,874,6
2026-07-30,PB,广发期货,65515,430,56330,-355,7
2026-07-30,PB,南华期货,59994,428,55499,-553,8
2026-07-30,PB,招商期货,57717,-472,51555,135,9
2026-07-30,PB,浙商期货,55983,859,48795,-796,10
2026-07-30,PB,光大期货,51445,525,49322,-465,11
2026-07-30,PB,方正中期,52409,771,43147,-818,12
2026-07-30,PB,海通期货,45481,-510,44593,-621,13
2026-07-30,PB,申银万国,44682,-624,40131,-822,14
2026-07-30,PB,华泰期货,41603,-721,37399,-594,15
2026-07-30,PB,东证期货,41447,867,37140,-151,16
2026-07-30,PB,银河期货,39144,602,34630,38,17
2026-07-30,PB,国泰君安,36990,599,33234,643,18
2026-07-30,PB,中信期货,32144,-42,29320,644,19
2026-07-30,PB,永安期货,32397,1214,28576,493,20
2026-07-31,PB,五矿期货,80578,597,71624,285,1
2026-07-31,PB,新湖期货,74964,285,69860,370,2
2026-07-31,PB,宏源期货,73814,115,68075,659,3
2026-07-31,PB,兴证期货,72037,-49,65183,887,4
2026-07-31,PB,国投安信,69706,560,64417,34,5
2026-07-31,PB,瑞达期货,66417,391,61618,885,6
2026-07-31,PB,广发期货,64631,-884,55690,-640,7
2026-07-31,PB,南华期货,59198,-796,55332,-167,8
2026-07-31,PB,招商期货,58524,807,51507,-48,9
2026-07-31,PB,浙商期货,56249,266,49643,848,10
2026-07-31,PB,光大期货,50957,-488,49075,-247,11
2026-07-31,PB,方正中期,52707,298,42793,-354,12
2026-07-31,PB,海通期货,46341,860,44663,70,13
2026-07-31,PB,申银万国,44747,65,39321,-810,14
2026-07-31,PB,华泰期货,42676,1073,37542,143,15
2026-07-31,PB,东证期货,42105,658,37281,141,16
2026-07-31,PB,银河期货,38676,-468,35373,743,17
2026-07-31,PB,国泰君安,36550,-440,34312,1078,18
2026-07-31,PB,永安期货,32587,190,28670,94,19
2026-07-31,PB,中信期货,31408,-736,28788,-532,20
2026-08-03,PB,五矿期货,79720,-858,71104,-520,1
2026-08-03,PB,新湖期货,75492,528,69903,43,2
2026-08-03,PB,宏源期货,73624,-190,68143,68,3
2026-08-03,PB,兴证期货,72412,375,65656,473,4
2026-08-03,PB,国投安信,69045,-661,64580,163,5
2026-08-03,PB,瑞达期货,67337,920,61737,119,6
2026-08-03,PB,广发期货,65058,427,55694,4,7
2026-08-03,PB,南华期货,58846,-352,56310,978,8
2026-08-03,PB,招商期货,58757,233,50787,-720,9
2026-08-03,PB,浙商期货,56529,280,49439,-204,10
2026-08-03,PB,光大期货,50095,-862,49089,14,11
2026-08-03,PB,方正中期,51931,-776,43024,231,12
2026-08-03,PB,海通期货,45915,-426,45275,612,13
2026-08-03,PB,申银万国,45623,876,39470,149,14
2026-08-03,PB,华泰期货,43629,953,38364,822,15
2026-08-03,PB,东证期货,42577,472,37900,619,16
2026-08-03,PB,银河期货,39106,430,36087,714,17
2026-08-03,PB,国泰君安,36765,215,34593,281,18
2026-08-03,PB,中信期货,31626,218,28836,48,19
2026-08-03,PB,永安期货,32402,-185,27975,-695,20
2026-08-04,PB,五矿期货,79151,-569,71527,423,1
2026-08-04,PB,新湖期货,76580,1088,70782,879,2
2026-08-04,PB,宏源期货,73691,67,68930,787,3
2026-08-04,PB,兴证期货,72249,-163,66436,780,4
2026-08-04,PB,国投安信,69481,436,65234,654,5
2026-08-04,PB,瑞达期货,68143,806,62265,528,6
2026-08-04,PB,广发期货,66123,1065,55697,3,7
2026-08-04,PB,南华期货,59402,556,56259,-51,8
2026-08-04,PB,招商期货,58457,-300,51417,630,9
2026-08-04,PB,浙商期货,55897,-632,50397,958,10
2026-08-04,PB,光大期货,50540,445,49198,109,11
2026-08-04,PB,方正中期,52756,825,43638,614,12
2026-08-04,PB,海通期货,46248,333,46172,897,13
2026-08-04,PB,申银万国,45417,-206,40507,1037,14
2026-08-04,PB,华泰期货,44590,961,38916,552,15
2026-08-04,PB,东证期货,42246,-331,38333,433,16
2026-08-04,PB,银河期货,38801,-305,36356,269,17
2026-08-04,PB,国泰君安,36689,-76,34720,127,18
2026-08-04,PB,永安期货,32211,-191,28692,717,19
2026-08-04,PB,中信期货,31239,-387,29027,191,20
2026-08-05,PB,五矿期货,78942,-209,71558,31,1
2026-08-05,PB,新湖期货,77332,752,70062,-720,2
2026-08-05,PB,宏源期货,73822,131,68145,-785,3
2026-08-05,PB,兴证期货,73109,860,67417,981,4
2026-08-05,PB,国投安信,68938,-543,66079,845,5
2026-08-05,PB,瑞达期货,68629,486,61739,-526,6
2026-08-05,PB,广发期货,65757,-366,55578,-119,7
2026-08-05,PB,南华期货,59236,-166,57213,954,8
2026-08-05,PB,招商期货,57653,-804,50604,-813,9
2026-08-05,PB,浙商期货,55425,-472,50687,290,10
2026-08-05,PB,光大期货,50261,-279,48828,-370,11
2026-08-05,PB,方正中期,53787,1031,43799,161,12
2026-08-05,PB,海通期货,46973,725,46173,1,13
2026-08-05,PB,申银万国,45524,107,39863,-644,14
2026-08-05,PB,华泰期货,44010,-580,39306,390,15
2026-08-05,PB,东证期货,41820,-426,37971,-362,16
2026-08-05,PB,银河期货,39009,208,35850,-506,17
2026-08-05,PB,国泰君安,36085,-604,35316,596,18
2026-08-05,PB,中信期货,31873,634,29791,764,19
2026-08-05,PB,永安期货,31855,-356,28500,-192,20
2026-08-06,PB,五矿期货,79642,700,71958,400,1
2026-08-06,PB,新湖期货,78428,1096,69428,-634,2
2026-08-06,PB,兴证期货,74180,1071,68290,873,3
2026-08-06,PB,宏源期货,74469,647,67522,-623,4
2026-08-06,PB,国投安信,69674,736,66165,86,5
2026-08-06,PB,瑞达期货,69626,997,61785,46,6
2026-08-06,PB,广发期货,66303,546,54831,-747,7
2026-08-06,PB,南华期货,59707,471,56576,-637,8
2026-08-06,PB,招商期货,57808,155,50991,387,9
2026-08-06,PB,浙商期货,55938,513,51626,939,10
2026-08-06,PB,光大期货,49670,-591,49725,897,11
2026-08-06,PB,方正中期,53434,-353,44784,985,12
2026-08-06,PB,海通期货,47870,897,46463,290,13
2026-08-06,PB,申银万国,44719,-805,40590,727,14
2026-08-06,PB,华泰期货,43837,-173,40031,725,15
2026-08-06,PB,东证期货,41736,-84,38808,837,16
2026-08-06,PB,银河期货,39225,216,35608,-242,17
2026-08-06,PB,国泰君安,36455,370,35004,-312,18
2026-08-06,PB,中信期货,31557,-316,29268,-523,19
2026-08-06,PB,永安期货,31308,-547,28994,494,20
2026-08-07,PB,五矿期货,80317,675,72682,724,1
2026-08-07,PB,新湖期货,78427,-1,69429,1,2
2026-08-07,PB,宏源期货,75306,837,67085,-437,3
2026-08-07,PB,兴证期货,73562,-618,67691,-599,4
2026-08-07,PB,国投安信,69459,-215,66992,827,5
2026-08-07,PB,瑞达期货,70051,425,61679,-106,6
2026-08-07,PB,广发期货,65606,-697,54296,-535,7
2026-08-07,PB,南华期货,60307,600,57508,932,8
2026-08-07,PB,招商期货,57944,136,51161,170,9
2026-08-07,PB,浙商期货,55942,4,52336,710,10
2026-08-07,PB,光大期货,49368,-302,50325,600,11
2026-08-07,PB,方正中期,52855,-579,45425,641,12
2026-08-07,PB,海通期货,48835,965,46353,-110,13
2026-08-07,PB,申银万国,45602,883,40160,-430,14
2026-08-07,PB,华泰期货,44227,390,39422,-609,15
2026-08-07,PB,东证期货,41171,-565,38380,-428,16
2026-08-07,PB,银河期货,38530,-695,35876,268,17
2026-08-07,PB,国泰君安,37361,906,35385,381,18
2026-08-07,PB,永安期货,31776,468,29825,831,19
2026-08-07,PB,中信期货,32534,977,28706,-562,20
2026-08-10,PB,五矿期货,80814,497,72572,-110,1
2026-08-10,PB,新湖期货,78584,157,70206,777,2
2026-08-10,PB,宏源期货,76355,1049,67980,895,3
2026-08-10,PB,兴证期货,74501,939,67780,89,4
2026-08-10,PB,国投安信,70439,980,66980,-12,5
2026-08-10,PB,瑞达期货,70029,-22,61675,-4,6
2026-08-10,PB,广发期货,64988,-618,55088,792,7
2026-08-10,PB,南华期货,61019,712,57125,-383,8
2026-08-10,PB,浙商期货,56584,642,53029,693,9
2026-08-10,PB,招商期货,58128,184,51174,13,10
2026-08-10,PB,方正中期,53244,389,45936,511,11
2026-08-10,PB,光大期货,48970,-398,49785,-540,12
2026-08-10,PB,海通期货,48784,-51,46241,-112,13
2026-08-10,PB,申银万国,46166,564,40855,695,14
2026-08-10,PB,华泰期货,43871,-356,39334,-88,15
2026-08-10,PB,东证期货,40741,-430,37784,-596,16
2026-08-10,PB,银河期货,38337,-193,36140,264,17
2026-08-10,PB,国泰君安,37551,190,35314,-71,18
2026-08-10,PB,中信期货,33463,929,29593,887,19
2026-08-10,PB,永安期货,31009,-767,29557,-268,20
2026-08-11,PB,五矿期货,81728,914,73116,544,1
2026-08-11,PB,新湖期货,78542,-42,70179,-27,2
2026-08-11,PB,宏源期货,77447,1092,67735,-245,3
2026-08-11,PB,兴证期货,75394,893,67994,214,4
2026-08-11,PB,国投安信,71175,736,67482,502,5
2026-08-11,PB,瑞达期货,70422,393,62285,610,6
2026-08-11,PB,广发期货,65264,276,54356,-732,7
2026-08-11,PB,南华期货,60428,-591,58123,998,8
2026-08-11,PB,招商期货,59117,989,51637,463,9
2026-08-11,PB,浙商期货,55759,-825,53531,502,10
2026-08-11,PB,光大期货,48875,-95,50489,704,11
2026-08-11,PB,方正中期,53232,-12,45211,-725,12
2026-08-11,PB,海通期货,49465,681,45727,-514,13
2026-08-11,PB,申银万国,45910,-256,40827,-28,14
2026-08-11,PB,华泰期货,43144,-727,39176,-158,15
2026-08-11,PB,东证期货,41020,279,37156,-628,16
2026-08-11,PB,银河期货,39026,689,37021,881,17
2026-08-11,PB,国泰君安,38348,797,34564,-750,18
2026-08-11,PB,中信期货,33589,126,29121,-472,19
2026-08-11,PB,永安期货,32161,1152,28847,-710,20
2026-08-12,PB,五矿期货,82632,904,72883,-233,1
2026-08-12,PB,新湖期货,79230,688,69733,-446,2
2026-08-12,PB,宏源期货,77875,428,67713,-22,3
2026-08-12,PB,兴证期货,76156,762,68744,750,4
2026-08-12,PB,国投安信,70982,-193,68449,967,5
2026-08-12,PB,瑞达期货,70427,5,62863,578,6
2026-08-12,PB,广发期货,65630,366,54841,485,7
2026-08-12,PB,南华期货,60806,378,58887,764,8
2026-08-12,PB,招商期货,60034,917,51901,264,9
2026-08-12,PB,浙商期货,56177,418,53101,-430,10
2026-08-12,PB,光大期货,48802,-73,50552,63,11
2026-08-12,PB,方正中期,52632,-600,45795,584,12
2026-08-12,PB,海通期货,49815,350,46762,1035,13
2026-08-12,PB,申银万国,46853,943,41057,230,14
2026-08-12,PB,华泰期货,43937,793,38898,-278,15
2026-08-12,PB,东证期货,40944,-76,36402,-754,16
2026-08-12,PB,银河期货,38888,-138,38113,1092,17
2026-08-12,PB,国泰君安,39045,697,35315,751,18
2026-08-12,PB,中信期货,34598,1009,28974,-147,19
2026-08-12,PB,永安期货,32816,655,29210,363,20
2026-08-13,PB,五矿期货,83231,599,72155,-728,1
2026-08-13,PB,新湖期货,79364,134,69109,-624,2
2026-08-13,PB,宏源期货,78462,587,67728,15,3
2026-08-13,PB,兴证期货,76841,685,68516,-228,4
2026-08-13,PB,国投安信,70576,-406,69303,854,5
2026-08-13,PB,瑞达期货,70740,313,62542,-321,6
2026-08-13,PB,广发期货,66361,731,55096,255,7
2026-08-13,PB,南华期货,59963,-843,59860,973,8
2026-08-13,PB,招商期货,59461,-573,51098,-803,9
2026-08-13,PB,浙商期货,56827,650,53552,451,10
2026-08-13,PB,光大期货,48969,167,50399,-153,11
2026-08-13,PB,方正中期,52862,230,45584,-211,12
2026-08-13,PB,海通期货,49105,-710,46959,197,13
2026-08-13,PB,申银万国,46534,-319,40644,-413,14
2026-08-13,PB,华泰期货,44102,165,39155,257,15
2026-08-13,PB,银河期货,39580,692,38858,745,16
2026-08-13,PB,东证期货,41965,1021,35890,-512,17
2026-08-13,PB,国泰君安,39063,18,36030,715,18
2026-08-13,PB,中信期货,34918,320,28889,-85,19
2026-08-13,PB,永安期货,32208,-608,28515,-695,20
2026-08-14,PB,五矿期货,84000,769,72769,614,1
2026-08-14,PB,新湖期货,79829,465,69866,757,2
2026-08-14,PB,宏源期货,78174,-288,67460,-268,3
2026-08-14,PB,兴证期货,76419,-422,68383,-133,4
2026-08-14,PB,国投安信,71405,829,69672,369,5
2026-08-14,PB,瑞达期货,71202,462,62784,242,6
2026-08-14,PB,广发期货,67381,1020,55531,435,7
2026-08-14,PB,南华期货,60526,563,60841,981,8
2026-08-14,PB,浙商期货,57576,749,54229,677,9
2026-08-14,PB,招商期货,59752,291,51406,308,10
2026-08-14,PB,光大期货,48763,-206,50032,-367,11
2026-08-14,PB,方正中期,51972,-890,45662,78,12
2026-08-14,PB,海通期货,49377,272,47618,659,13
2026-08-14,PB,申银万国,46553,19,40404,-240,14
2026-08-14,PB,华泰期货,45129,1027,38560,-595,15
2026-08-14,PB,东证期货,42734,769,36453,563,16
2026-08-14,PB,银河期货,39053,-527,38185,-673,17
2026-08-14,PB,国泰君安,39322,259,35985,-45,18
2026-08-14,PB,中信期货,34669,-249,29403,514,19
2026-08-14,PB,永安期货,33151,943,28508,-7,20
2026-08-17,PB,五矿期货,84244,244,72981,212,1
2026-08-17,PB,新湖期货,79753,-76,70220,354,2
2026-08-17,PB,宏源期货,78660,486,67687,227,3
2026-08-17,PB,兴证期货,75678,-741,68289,-94,4
2026-08-17,PB,国投安信,70944,-461,69735,63,5
2026-08-17,PB,瑞达期货,70568,-634,62909,125,6
2026-08-17,PB,广发期货,67351,-30,56500,969,7
2026-08-17,PB,南华期货,59814,-712,60118,-723,8
2026-08-17,PB,浙商期货,57547,-29,55075,846,9
2026-08-17,PB,招商期货,59695,-57,50723,-683,10
2026-08-17,PB,光大期货,48163,-600,50639,607,11
2026-08-17,PB,海通期货,50071,694,47507,-111,12
2026-08-17,PB,方正中期,52002,30,45012,-650,13
2026-08-17,PB,申银万国,46047,-506,41239,835,14
2026-08-17,PB,华泰期货,45286,157,38902,342,15
2026-08-17,PB,东证期货,42169,-565,36354,-99,16
2026-08-17,PB,银河期货,39783,730,37922,-263,17
2026-08-17,PB,国泰君安,39315,-7,36279,294,18
2026-08-17,PB,中信期货,34175,-494,30095,692,19
2026-08-17,PB,永安期货,33544,393,29115,607,20
2026-08-18,PB,五矿期货,85293,1049,72374,-607,1
2026-08-18,PB,新湖期货,79609,-144,71257,1037,2
2026-08-18,PB,宏源期货,78081,-579,67981,294,3
2026-08-18,PB,兴证期货,74844,-834,68967,678,4
2026-08-18,PB,国投安信,70976,32,69854,119,5
2026-08-18,PB,瑞达期货,71090,522,62494,-415,6
2026-08-18,PB,广发期货,67534,183,55891,-609,7
2026-08-18,PB,南华期货,59965,151,61035,917,8
2026-08-18,PB,浙商期货,58103,556,55162,87,9
2026-08-18,PB,招商期货,59059,-636,51315,592,10
2026-08-18,PB,光大期货,47523,-640,50781,142,11
2026-08-18,PB,海通期货,50858,787,46990,-517,12
2026-08-18,PB,方正中期,51397,-605,45197,185,13
2026-08-18,PB,申银万国,46645,598,41242,3,14
2026-08-18,PB,华泰期货,46292,1006,39054,152,15
2026-08-18,PB,东证期货,42290,121,36995,641,16
2026-08-18,PB,银河期货,40306,523,38019,97,17
2026-08-18,PB,国泰君安,39731,416,36530,251,18
2026-08-18,PB,中信期货,35180,1005,29865,-230,19
2026-08-18,PB,永安期货,34359,815,29153,38,20
2026-08-19,PB,五矿期货,85514,221,72238,-136,1
2026-08-19,PB,新湖期货,78713,-896,70657,-600,2
2026-08-19,PB,宏源期货,78695,614,68132,151,3
2026-08-19,PB,兴证期货,74318,-526,69794,827,4
2026-08-19,PB,国投安信,70656,-320,69445,-409,5
2026-08-19,PB,瑞达期货,70814,-276,63464,970,6
2026-08-19,PB,广发期货,68552,1018,56872,981,7
2026-08-19,PB,南华期货,59928,-37,60284,-751,8
2026-08-19,PB,浙商期货,57495,-608,54603,-559,9
2026-08-19,PB,招商期货,59764,705,51672,357,10
2026-08-19,PB,光大期货,46680,-843,51551,770,11
2026-08-19,PB,海通期货,50724,-134,46761,-229,12
2026-08-19,PB,方正中期,51099,-298,45342,145,13
2026-08-19,PB,申银万国,46505,-140,41016,-226,14
2026-08-19,PB,华泰期货,45705,-587,38445,-609,15
2026-08-19,PB,东证期货,41592,-698,37295,300,16
2026-08-19,PB,银河期货,40696,390,37842,-177,17
2026-08-19,PB,国泰君安,39198,-533,36516,-14,18
2026-08-19,PB,永安期货,34811,452,30128,975,19
2026-08-19,PB,中信期货,35236,56,29320,-545,20
2026-08-20,PB,五矿期货,85407,-107,71864,-374,1
2026-08-20,PB,新湖期货,79090,377,70645,-12,2
2026-08-20,PB,宏源期货,79074,379,68642,510,3
2026-08-20,PB,兴证期货,73600,-718,70582,788,4
2026-08-20,PB,国投安信,71246,590,69261,-184,5
2026-08-20,PB,瑞达期货,70219,-595,64388,924,6
2026-08-20,PB,广发期货,69018,466,56941,69,7
2026-08-20,PB,南华期货,60587,659,60355,71,8
2026-08-20,PB,招商期货,60167,403,51765,93,9
2026-08-20,PB,浙商期货,56878,-617,54786,183,10
2026-08-20,PB,海通期货,51532,808,47385,624,11
2026-08-20,PB,光大期货,46051,-629,52261,710,12
2026-08-20,PB,方正中期,51906,807,45732,390,13
2026-08-20,PB,申银万国,46377,-128,41139,123,14
2026-08-20,PB,华泰期货,45496,-209,39195,750,15
2026-08-20,PB,东证期货,41738,146,38368,1073,16
2026-08-20,PB,银河期货,40550,-146,38230,388,17
2026-08-20,PB,国泰君安,39403,205,36919,403,18
2026-08-20,PB,永安期货,34169,-642,31140,1012,19
2026-08-20,PB,中信期货,34547,-689,29405,85,20
2026-08-21,PB,五矿期货,86044,637,71988,124,1
2026-08-21,PB,新湖期货,79258,168,70182,-463,2
2026-08-21,PB,宏源期货,80134,1060,68959,317,3
2026-08-21,PB,兴证期货,74251,651,69840,-742,4
2026-08-21,PB,国投安信,71455,209,69592,331,5
2026-08-21,PB,瑞达期货,69713,-506,64805,417,6
2026-08-21,PB,广发期货,69263,245,56265,-676,7
2026-08-21,PB,南华期货,59940,-647,60823,468,8
2026-08-21,PB,招商期货,60416,249,52236,471,9
2026-08-21,PB,浙商期货,57426,548,54568,-218,10
2026-08-21,PB,光大期货,46781,730,52991,730,11
2026-08-21,PB,海通期货,52080,548,46585,-800,12
2026-08-21,PB,方正中期,52177,271,46172,440,13
2026-08-21,PB,申银万国,47250,873,40628,-511,14
2026-08-21,PB,华泰期货,45918,422,38526,-669,15
2026-08-21,PB,东证期货,42465,727,38166,-202,16
2026-08-21,PB,银河期货,41592,1042,38367,137,17
2026-08-21,PB,国泰君安,38716,-687,37522,603,18
2026-08-21,PB,永安期货,35232,1063,31179,39,19
2026-08-21,PB,中信期货,34461,-86,29742,337,20
2026-08-24,PB,五矿期货,85926,-118,71664,-324,1
2026-08-24,PB,新湖期货,79439,181,69981,-201,2
2026-08-24,PB,宏源期货,79283,-851,69869,910,3
2026-08-24,PB,兴证期货,73720,-531,69839,-1,4
2026-08-24,PB,国投安信,71251,-204,69637,45,5
2026-08-24,PB,瑞达期货,70725,1012,64002,-803,6
2026-08-24,PB,广发期货,69369,106,57180,915,7
2026-08-24,PB,南华期货,60246,306,60065,-758,8
2026-08-24,PB,浙商期货,57618,192,54960,392,9
2026-08-24,PB,招商期货,60172,-244,52208,-28,10
2026-08-24,PB,海通期货,52898,818,47552,967,11
2026-08-24,PB,光大期货,46054,-727,53793,802,12
2026-08-24,PB,方正中期,52463,286,46231,59,13
2026-08-24,PB,申银万国,48049,799,41223,595,14
2026-08-24,PB,华泰期货,45439,-479,38178,-348,15
2026-08-24,PB,东证期货,42248,-217,39007,841,16
2026-08-24,PB,银河期货,41180,-412,37635,-732,17
2026-08-24,PB,国泰君安,39284,568,37841,319,18
2026-08-24,PB,永安期货,35481,249,32245,1066,19
2026-08-24,PB,中信期货,33719,-742,29218,-524,20
2026-08-25,PB,五矿期货,85132,-794,71228,-436,1
2026-08-25,PB,宏源期货,80311,1028,70714,845,2
2026-08-25,PB,新湖期货,80381,942,69378,-603,3
2026-08-25,PB,兴证期货,73348,-372,69758,-81,4
2026-08-25,PB,国投安信,72179,928,69450,-187,5
2026-08-25,PB,瑞达期货,70116,-609,63997,-5,6
2026-08-25,PB,广发期货,68671,-698,56985,-195,7
2026-08-25,PB,南华期货,59956,-290,60013,-52,8
2026-08-25,PB,招商期货,60732,560,51477,-731,9
2026-08-25,PB,浙商期货,57089,-529,54165,-795,10
2026-08-25,PB,光大期货,47122,1068,53609,-184,11
2026-08-25,PB,海通期货,53387,489,47048,-504,12
2026-08-25,PB,方正中期,51683,-780,46639,408,13
2026-08-25,PB,申银万国,47777,-272,41207,-16,14
2026-08-25,PB,华泰期货,44722,-717,37643,-535,15
2026-08-25,PB,东证期货,41991,-257,39810,803,16
2026-08-25,PB,银河期货,40694,-486,37239,-396,17
2026-08-25,PB,国泰君安,38848,-436,37655,-186,18
2026-08-25,PB,永安期货,34887,-594,31709,-536,19
2026-08-25,PB,中信期货,33142,-577,29557,339,20
2026-08-26,PB,五矿期货,84855,-277,71541,313,1
2026-08-26,PB,宏源期货,80547,236,71198,484,2
2026-08-26,PB,新湖期货,81089,708,68785,-593,3
2026-08-26,PB,兴证期货,72952,-396,70470,712,4
2026-08-26,PB,国投安信,72661,482,68807,-643,5
2026-08-26,PB,瑞达期货,70350,234,64347,350,6
2026-08-26,PB,广发期货,67809,-862,56686,-299,7
2026-08-26,PB,南华期货,60927,971,60977,964,8
2026-08-26,PB,招商期货,61129,397,51105,-372,9
2026-08-26,PB,浙商期货,56248,-841,54149,-16,10
2026-08-26,PB,海通期货,53138,-249,47149,101,11
2026-08-26,PB,光大期货,46356,-766,53750,141,12
2026-08-26,PB,方正中期,51915,232,46622,-17,13
2026-08-26,PB,申银万国,47428,-349,40481,-726,14
2026-08-26,PB,华泰期货,45766,1044,37028,-615,15
2026-08-26,PB,东证期货,42244,253,39828,18,16
2026-08-26,PB,银河期货,40955,261,38009,770,17
2026-08-26,PB,国泰君安,38552,-296,37894,239,18
2026-08-26,PB,永安期货,34597,-290,32479,770,19
2026-08-26,PB,中信期货,33584,442,29987,430,20
2026-08-27,PB,五矿期货,85179,324,71204,-337,1
2026-08-27,PB,宏源期货,81558,1011,72235,1037,2
2026-08-27,PB,新湖期货,81176,87,68494,-291,3
2026-08-27,PB,兴证期货,72053,-899,69743,-727,4
2026-08-27,PB,国投安信,73098,437,68299,-508,5
2026-08-27,PB,瑞达期货,70721,371,64089,-258,6
2026-08-27,PB,广发期货,68877,1068,57534,848,7
2026-08-27,PB,南华期货,61691,764,61078,101,8
2026-08-27,PB,浙商期货,56484,236,54224,75,9
2026-08-27,PB,招商期货,60314,-815,50257,-848,10
2026-08-27,PB,光大期货,47424,1068,54766,1016,11
2026-08-27,PB,海通期货,52740,-398,47399,250,12
2026-08-27,PB,方正中期,52965,1050,46639,17,13
2026-08-27,PB,申银万国,46872,-556,41232,751,14
2026-08-27,PB,华泰期货,45630,-136,37284,256,15
2026-08-27,PB,东证期货,43446,1202,39349,-479,16
2026-08-27,PB,银河期货,40591,-364,38842,833,17
2026-08-27,PB,国泰君安,39074,522,38148,254,18
2026-08-27,PB,永安期货,34650,53,32622,143,19
2026-08-27,PB,中信期货,32975,-609,30950,963,20
2026-08-28,PB,五矿期货,85579,400,70889,-315,1
2026-08-28,PB,宏源期货,81309,-249,73195,960,2
2026-08-28,PB,新湖期货,81672,496,68345,-149,3
2026-08-28,PB,兴证期货,73113,1060,70535,792,4
2026-08-28,PB,国投安信,73448,350,68482,183,5
2026-08-28,PB,瑞达期货,70705,-16,63670,-419,6
2026-08-28,PB,广发期货,68549,-328,58482,948,7
2026-08-28,PB,南华期货,62275,584,61367,289,8
2026-08-28,PB,招商期货,61114,800,49693,-564,9
2026-08-28,PB,浙商期货,57014,530,53625,-599,10
2026-08-28,PB,光大期货,46707,-717,54725,-41,11
2026-08-28,PB,海通期货,52933,193,47702,303,12
2026-08-28,PB,方正中期,52208,-757,46404,-235,13
2026-08-28,PB,申银万国,46302,-570,41895,663,14
2026-08-28,PB,东证期货,44387,941,39624,275,15
2026-08-28,PB,华泰期货,45306,-324,36527,-757,16
2026-08-28,PB,银河期货,40246,-345,39270,428,17
2026-08-28,PB,国泰君安,40019,945,38672,524,18
2026-08-28,PB,永安期货,35589,939,33244,622,19
2026-08-28,PB,中信期货,32973,-2,30899,-51,20
2026-08-31,PB,五矿期货,86474,895,71368,479,1
2026-08-31,PB,宏源期货,81213,-96,73447,252,2
2026-08-31,PB,新湖期货,80938,-734,69107,762,3
2026-08-31,PB,兴证期货,73214,101,71246,711,4
2026-08-31,PB,国投安信,73974,526,69072,590,5
2026-08-31,PB,瑞达期货,70943,238,64653,983,6
2026-08-31,PB,广发期货,68004,-545,58478,-4,7
2026-08-31,PB,南华期货,61394,-881,61894,527,8
2026-08-31,PB,浙商期货,57360,346,53750,125,9
2026-08-31,PB,招商期货,60222,-892,50689,996,10
2026-08-31,PB,海通期货,53904,971,48268,566,11
2026-08-31,PB,光大期货,47695,988,53879,-846,12
2026-08-31,PB,方正中期,51581,-627,46877,473,13
2026-08-31,PB,申银万国,46074,-228,41077,-818,14
2026-08-31,PB,东证期货,44038,-349,39795,171,15
2026-08-31,PB,华泰期货,46370,1064,36904,377,16
2026-08-31,PB,银河期货,40124,-122,39199,-71,17
2026-08-31,PB,国泰君安,39742,-277,39258,586,18
2026-08-31,PB,永安期货,36350,761,33923,679,19
2026-08-31,PB,中信期货,33120,147,30688,-211,20
2026-09-01,PB,五矿期货,87461,987,71970,602,1
2026-09-01,PB,宏源期货,80353,-860,74150,703,2
2026-09-01,PB,新湖期货,80613,-325,69650,543,3
2026-09-01,PB,兴证期货,72767,-447,71917,671,4
2026-09-01,PB,国投安信,73984,10,68241,-831,5
2026-09-01,PB,瑞达期货,71960,1017,64198,-455,6
2026-09-01,PB,广发期货,68051,47,58386,-92,7
2026-09-01,PB,南华期货,60511,-883,61299,-595,8
2026-09-01,PB,浙商期货,58178,818,54472,722,9
2026-09-01,PB,招商期货,60984,762,51266,577,10
2026-09-01,PB,海通期货,53774,-130,49112,844,11
2026-09-01,PB,光大期货,47587,-108,53391,-488,12
2026-09-01,PB,方正中期,51912,331,46760,-117,13
2026-09-01,PB,申银万国,47164,1090,41891,814,14
2026-09-01,PB,东证期货,44169,131,40401,606,15
2026-09-01,PB,华泰期货,45722,-648,36776,-128,16
2026-09-01,PB,国泰君安,40789,1047,40192,934,17
2026-09-01,PB,银河期货,41015,891,39804,605,18
2026-09-01,PB,永安期货,36903,553,33311,-612,19
2026-09-01,PB,中信期货,33443,323,29981,-707,20
2026-09-02,PB,五矿期货,87719,258,72496,526,1
2026-09-02,PB,宏源期货,80583,230,73696,-454,2
2026-09-02,PB,新湖期货,81064,451,70313,663,3
2026-09-02,PB,兴证期货,72878,111,71416,-501,4
2026-09-02,PB,国投安信,74249,265,68415,174,5
2026-09-02,PB,瑞达期货,72841,881,63916,-282,6
2026-09-02,PB,广发期货,67962,-89,57763,-623,7
2026-09-02,PB,南华期货,61292,781,61756,457,8
2026-09-02,PB,浙商期货,58519,341,54050,-422,9
2026-09-02,PB,招商期货,60098,-886,50817,-449,10
2026-09-02,PB,光大期货,48128,541,53988,597,11
2026-09-02,PB,海通期货,52949,-825,48836,-276,12
2026-09-02,PB,方正中期,52021,109,47762,1002,13
2026-09-02,PB,申银万国,48245,1081,41784,-107,14
2026-09-02,PB,东证期货,44859,690,40083,-318,15
2026-09-02,PB,华泰期货,45301,-421,36937,161,16
2026-09-02,PB,国泰君安,41265,476,40702,510,17
2026-09-02,PB,银河期货,40855,-160,40689,885,18
2026-09-02,PB,永安期货,36855,-48,32933,-378,19
2026-09-02,PB,中信期货,32847,-596,30882,901,20
2026-09-03,PB,五矿期货,86925,-794,73394,898,1
2026-09-03,PB,宏源期货,80995,412,74224,528,2
2026-09-03,PB,新湖期货,82095,1031,70794,481,3
2026-09-03,PB,国投安信,75157,908,68494,79,4
2026-09-03,PB,兴证期货,71982,-896,71440,24,5
2026-09-03,PB,瑞达期货,73335,494,64213,297,6
2026-09-03,PB,广发期货,68320,358,57430,-333,7
2026-09-03,PB,南华期货,61780,488,61997,241,8
2026-09-03,PB,浙商期货,59355,836,54588,538,9
2026-09-03,PB,招商期货,59245,-853,51386,569,10
2026-09-03,PB,海通期货,53853,904,49057,221,11
2026-09-03,PB,光大期货,47789,-339,53530,-458,12
2026-09-03,PB,方正中期,52613,592,48514,752,13
2026-09-03,PB,申银万国,49097,852,41400,-384,14
2026-09-03,PB,东证期货,44212,-647,39573,-510,15
2026-09-03,PB,华泰期货,44932,-369,37254,317,16
2026-09-03,PB,银河期货,40337,-518,41446,757,17
2026-09-03,PB,国泰君安,40618,-647,41136,434,18
2026-09-03,PB,永安期货,37472,617,33397,464,19
2026-09-03,PB,中信期货,33224,377,30471,-411,20
2026-09-04,PB,五矿期货,87986,1061,72696,-698,1
2026-09-04,PB,宏源期货,81605,610,73836,-388,2
2026-09-04,PB,新湖期货,82607,512,70811,17,3
2026-09-04,PB,国投安信,76059,902,68815,321,4
2026-09-04,PB,兴证期货,72736,754,70641,-799,5
2026-09-04,PB,瑞达期货,73120,-215,63530,-683,6
2026-09-04,PB,广发期货,68222,-98,56978,-452,7
2026-09-04,PB,南华期货,61527,-253,61157,-840,8
2026-09-04,PB,浙商期货,60335,980,54598,10,9
2026-09-04,PB,招商期货,59435,190,51455,69,10
2026-09-04,PB,海通期货,53042,-811,50017,960,11
2026-09-04,PB,方正中期,53190,577,48123,-391,12
2026-09-04,PB,光大期货,46985,-804,53249,-281,13
2026-09-04,PB,申银万国,49256,159,42104,704,14
2026-09-04,PB,东证期货,44493,281,39758,185,15
2026-09-04,PB,华泰期货,45046,114,37144,-110,16
2026-09-04,PB,银河期货,39806,-531,42068,622,17
2026-09-04,PB,国泰君安,40671,53,40927,-209,18
2026-09-04,PB,永安期货,38614,1142,33288,-109,19
2026-09-04,PB,中信期货,33329,105,31430,959,20
2026-07-27,NI,五矿期货,79706,-228,72321,353,1
2026-07-27,NI,新湖期货,77939,29,68333,209,2
2026-07-27,NI,宏源期货,74725,703,65056,-797,3
2026-07-27,NI,兴证期货,73203,1020,64099,533,4
2026-07-27,NI,国投安信,68231,-205,63028,483,5
2026-07-27,NI,瑞达期货,66418,368,58305,-643,6
2026-07-27,NI,广发期货,66373,902,57331,420,7
2026-07-27,NI,南华期货,61619,728,55954,26,8
2026-07-27,NI,招商期货,58084,-114,53696,100,9
2026-07-27,NI,浙商期货,56549,-879,50547,78,10
2026-07-27,NI,光大期货,53373,451,48993,427,11
2026-07-27,NI,方正中期,51403,327,47057,762,12
2026-07-27,NI,海通期货,47518,-423,45459,920,13
2026-07-27,NI,申银万国,46565,640,41303,-9,14
2026-07-27,NI,华泰期货,41694,-704,39783,414,15
2026-07-27,NI,东证期货,41666,1,37521,52,16
2026-07-27,NI,银河期货,37319,-177,34484,970,17
2026-07-27,NI,国泰君安,36138,365,30693,-664,18
2026-07-27,NI,中信期货,33180,607,29492,-656,19
2026-07-27,NI,永安期货,29677,-646,26744,-562,20
2026-07-28,NI,五矿期货,79443,-263,72666,345,1
2026-07-28,NI,新湖期货,78583,644,68215,-118,2
2026-07-28,NI,宏源期货,75790,1065,65540,484,3
2026-07-28,NI,兴证期货,73195,-8,64299,200,4
2026-07-28,NI,国投安信,67969,-262,63375,347,5
2026-07-28,NI,广发期货,67105,732,56571,-760,6
2026-07-28,NI,瑞达期货,65641,-777,57716,-589,7
2026-07-28,NI,南华期货,61216,-403,55385,-569,8
2026-07-28,NI,招商期货,58094,10,53226,-470,9
2026-07-28,NI,浙商期货,57133,584,50968,421,10
2026-07-28,NI,光大期货,53335,-38,49128,135,11
2026-07-28,NI,方正中期,51027,-376,46934,-123,12
2026-07-28,NI,海通期货,47923,405,45651,192,13
2026-07-28,NI,申银万国,46838,273,40711,-592,14
2026-07-28,NI,华泰期货,41190,-504,40785,1002,15
2026-07-28,NI,东证期货,42502,836,38472,951,16
2026-07-28,NI,银河期货,36677,-642,34928,444,17
2026-07-28,NI,国泰君安,36576,438,31383,690,18
2026-07-28,NI,中信期货,32610,-570,28747,-745,19
2026-07-28,NI,永安期货,29291,-386,26195,-549,20
2026-07-29,NI,五矿期货,79517,74,73238,572,1
2026-07-29,NI,新湖期货,78070,-513,68732,517,2
2026-07-29,NI,宏源期货,75030,-760,65389,-151,3
2026-07-29,NI,兴证期货,72707,-488,65057,758,4
2026-07-29,NI,国投安信,68380,411,64385,1010,5
2026-07-29,NI,瑞达期货,66740,1099,57276,-440,6
2026-07-29,NI,广发期货,66909,-196,56121,-450,7
2026-07-29,NI,南华期货,60427,-789,55399,14,8
2026-07-29,NI,招商期货,58339,245,54134,908,9
2026-07-29,NI,浙商期货,57910,777,51828,860,10
2026-07-29,NI,光大期货,52921,-414,49316,188,11
2026-07-29,NI,方正中期,50423,-604,46201,-733,12
2026-07-29,NI,海通期货,48369,446,46190,539,13
2026-07-29,NI,申银万国,46998,160,41062,351,14
2026-07-29,NI,华泰期货,41045,-145,39951,-834,15
2026-07-29,NI,东证期货,42424,-78,38298,-174,16
2026-07-29,NI,银河期货,36529,-148,35393,465,17
2026-07-29,NI,国泰君安,36097,-479,31574,191,18
2026-07-29,NI,中信期货,33418,808,28275,-472,19
2026-07-29,NI,永安期货,30323,1032,26533,338,20
2026-07-30,NI,五矿期货,79295,-222,74041,803,1
2026-07-30,NI,新湖期货,79120,1050,69550,818,2
2026-07-30,NI,宏源期货,75634,604,66112,723,3
2026-07-30,NI,兴证期货,72296,-411,65191,134,4
2026-07-30,NI,国投安信,68757,377,63971,-414,5
2026-07-30,NI,瑞达期货,66311,-429,57381,105,6
2026-07-30,NI,广发期货,66465,-444,56690,569,7
2026-07-30,NI,南华期货,59534,-893,55857,458,8
2026-07-30,NI,招商期货,57888,-451,55168,1034,9
2026-07-30,NI,浙商期货,57096,-814,51993,165,10
2026-07-30,NI,光大期货,53637,716,50330,1014,11
2026-07-30,NI,方正中期,50453,30,47145,944,12
2026-07-30,NI,海通期货,47801,-568,45554,-636,13
2026-07-30,NI,申银万国,46955,-43,40885,-177,14
2026-07-30,NI,东证期货,43616,1192,38215,-83,15
2026-07-30,NI,华泰期货,41406,361,39714,-237,16
2026-07-30,NI,银河期货,36933,404,35782,389,17
2026-07-30,NI,国泰君安,35995,-102,32548,974,18
2026-07-30,NI,中信期货,33866,448,28923,648,19
2026-07-30,NI,永安期货,30959,636,26720,187,20
2026-07-31,NI,五矿期货,78898,-397,73556,-485,1
2026-07-31,NI,新湖期货,79955,835,69835,285,2
2026-07-31,NI,宏源期货,75090,-544,65957,-155,3
2026-07-31,NI,兴证期货,71932,-364,65813,622,4
2026-07-31,NI,国投安信,68305,-452,64934,963,5
2026-07-31,NI,瑞达期货,65992,-319,56887,-494,6
2026-07-31,NI,广发期货,65972,-493,56245,-445,7
2026-07-31,NI,南华期货,60631,1097,55067,-790,8
2026-07-31,NI,招商期货,57725,-163,54407,-761,9
2026-07-31,NI,浙商期货,58065,969,52710,717,10
2026-07-31,NI,光大期货,54029,392,50679,349,11
2026-07-31,NI,方正中期,50454,1,46693,-452,12
2026-07-31,NI,海通期货,47192,-609,45299,-255,13
2026-07-31,NI,申银万国,47191,236,40270,-615,14
2026-07-31,NI,东证期货,42856,-760,37596,-619,15
2026-07-31,NI,华泰期货,41238,-168,38925,-789,16
2026-07-31,NI,银河期货,36166,-767,35755,-27,17
2026-07-31,NI,国泰君安,35592,-403,33469,921,18
2026-07-31,NI,中信期货,33506,-360,28972,49,19
2026-07-31,NI,永安期货,31694,735,26719,-1,20
2026-08-03,NI,五矿期货,79890,992,72973,-583,1
2026-08-03,NI,新湖期货,79350,-605,70792,957,2
2026-08-03,NI,宏源期货,74323,-767,65349,-608,3
2026-08-03,NI,兴证期货,72830,898,66419,606,4
2026-08-03,NI,国投安信,69210,905,64972,38,5
2026-08-03,NI,瑞达期货,66728,736,57313,426,6
2026-08-03,NI,广发期货,66999,1027,56474,229,7
2026-08-03,NI,南华期货,61084,453,54567,-500,8
2026-08-03,NI,招商期货,58482,757,54319,-88,9
2026-08-03,NI,浙商期货,57656,-409,52617,-93,10
2026-08-03,NI,光大期货,53753,-276,50763,84,11
2026-08-03,NI,方正中期,50247,-207,46273,-420,12
2026-08-03,NI,海通期货,48104,912,44676,-623,13
2026-08-03,NI,申银万国,47632,441,41032,762,14
2026-08-03,NI,东证期货,43778,922,38213,617,15
2026-08-03,NI,华泰期货,40619,-619,38851,-74,16
2026-08-03,NI,银河期货,35593,-573,35027,-728,17
2026-08-03,NI,国泰君安,35348,-244,34564,1095,18
2026-08-03,NI,中信期货,33086,-420,29928,956,19
2026-08-03,NI,永安期货,31315,-379,25993,-726,20
2026-08-04,NI,五矿期货,79418,-472,73612,639,1
2026-08-04,NI,新湖期货,80264,914,70943,151,2
2026-08-04,NI,宏源期货,75406,1083,65695,346,3
2026-08-04,NI,兴证期货,73673,843,66609,190,4
2026-08-04,NI,国投安信,70097,887,64380,-592,5
2026-08-04,NI,瑞达期货,67457,729,57036,-277,6
2026-08-04,NI,广发期货,66208,-791,56913,439,7
2026-08-04,NI,南华期货,60855,-229,54223,-344,8
2026-08-04,NI,招商期货,59199,717,53773,-546,9
2026-08-04,NI,浙商期货,57852,196,52369,-248,10
2026-08-04,NI,光大期货,53240,-513,51662,899,11
2026-08-04,NI,方正中期,50608,361,46625,352,12
2026-08-04,NI,海通期货,47298,-806,45388,712,13
2026-08-04,NI,申银万国,47232,-400,42068,1036,14
2026-08-04,NI,东证期货,44225,447,38322,109,15
2026-08-04,NI,华泰期货,41719,1100,39303,452,16
2026-08-04,NI,国泰君安,35342,-6,35216,652,17
2026-08-04,NI,银河期货,35579,-14,34908,-119,18
2026-08-04,NI,中信期货,32698,-388,30248,320,19
2026-08-04,NI,永安期货,32162,847,25611,-382,20
2026-08-05,NI,五矿期货,78942,-476,73211,-401,1
2026-08-05,NI,新湖期货,80694,430,70167,-776,2
2026-08-05,NI,宏源期货,76125,719,66040,345,3
2026-08-05,NI,兴证期货,74079,406,67645,1036,4
2026-08-05,NI,国投安信,70387,290,64351,-29,5
2026-08-05,NI,瑞达期货,67527,70,56735,-301,6
2026-08-05,NI,广发期货,66773,565,57076,163,7
2026-08-05,NI,南华期货,61377,522,54362,139,8
2026-08-05,NI,招商期货,59064,-135,53999,226,9
2026-08-05,NI,浙商期货,57611,-241,52978,609,10
2026-08-05,NI,光大期货,53290,50,51178,-484,11
2026-08-05,NI,方正中期,50729,121,46837,212,12
2026-08-05,NI,海通期货,47440,142,45304,-84,13
2026-08-05,NI,申银万国,47653,421,42756,688,14
2026-08-05,NI,东证期货,44486,261,38346,24,15
2026-08-05,NI,华泰期货,42357,638,40260,957,16
2026-08-05,NI,国泰君安,35920,578,35705,489,17
2026-08-05,NI,银河期货,34931,-648,34480,-428,18
2026-08-05,NI,中信期货,32881,183,31097,849,19
2026-08-05,NI,永安期货,31548,-614,26447,836,20
2026-08-06,NI,五矿期货,79689,747,73379,168,1
2026-08-06,NI,新湖期货,80631,-63,70069,-98,2
2026-08-06,NI,宏源期货,76182,57,66075,35,3
2026-08-06,NI,兴证期货,74051,-28,67718,73,4
2026-08-06,NI,国投安信,70759,372,64189,-162,5
2026-08-06,NI,瑞达期货,67579,52,56934,199,6
2026-08-06,NI,广发期货,67068,295,56310,-766,7
2026-08-06,NI,南华期货,61197,-180,53983,-379,8
2026-08-06,NI,招商期货,59074,10,54211,212,9
2026-08-06,NI,浙商期货,56883,-728,52732,-246,10
2026-08-06,NI,光大期货,52665,-625,51867,689,11
2026-08-06,NI,方正中期,50956,227,46160,-677,12
2026-08-06,NI,海通期货,47306,-134,44975,-329,13
2026-08-06,NI,申银万国,47074,-579,43631,875,14
2026-08-06,NI,东证期货,44576,90,39396,1050,15
2026-08-06,NI,华泰期货,42229,-128,40580,320,16
2026-08-06,NI,国泰君安,35620,-300,35745,40,17
2026-08-06,NI,银河期货,34598,-333,34336,-144,18
2026-08-06,NI,中信期货,33026,145,32094,997,19
2026-08-06,NI,永安期货,32600,1052,26092,-355,20
2026-08-07,NI,五矿期货,80459,770,74102,723,1
2026-08-07,NI,新湖期货,80350,-281,70745,676,2
2026-08-07,NI,兴证期货,73553,-498,68250,532,3
2026-08-07,NI,宏源期货,75956,-226,65737,-338,4
2026-08-07,NI,国投安信,70269,-490,64022,-167,5
2026-08-07,NI,瑞达期货,66757,-822,57202,268,6
2026-08-07,NI,广发期货,66314,-754,56197,-113,7
2026-08-07,NI,招商期货,60071,997,53827,-384,8
2026-08-07,NI,南华期货,60498,-699,53375,-608,9
2026-08-07,NI,浙商期货,57592,709,52448,-284,10
2026-08-07,NI,光大期货,53083,418,51177,-690,11
2026-08-07,NI,方正中期,51106,150,46429,269,12
2026-08-07,NI,海通期货,48131,825,45152,177,13
2026-08-07,NI,申银万国,46342,-732,43384,-247,14
2026-08-07,NI,东证期货,45117,541,38781,-615,15
2026-08-07,NI,华泰期货,42064,-165,41576,996,16
2026-08-07,NI,国泰君安,35207,-413,35879,134,17
2026-08-07,NI,银河期货,34296,-302,34109,-227,18
2026-08-07,NI,中信期货,33029,3,31374,-720,19
2026-08-07,NI,永安期货,32469,-131,25881,-211,20
2026-08-10,NI,五矿期货,81040,581,74786,684,1
2026-08-10,NI,新湖期货,79916,-434,70359,-386,2
2026-08-10,NI,宏源期货,76828,872,65701,-36,3
2026-08-10,NI,兴证期货,74211,658,67705,-545,4
2026-08-10,NI,国投安信,70708,439,64221,199,5
2026-08-10,NI,广发期货,66965,651,56689,492,6
2026-08-10,NI,瑞达期货,65881,-876,57318,116,7
2026-08-10,NI,南华期货,61281,783,53712,337,8
2026-08-10,NI,招商期货,61108,1037,53807,-20,9
2026-08-10,NI,浙商期货,58295,703,52425,-23,10
2026-08-10,NI,光大期货,53867,784,51036,-141,11
2026-08-10,NI,方正中期,50819,-287,46156,-273,12
2026-08-10,NI,海通期货,47248,-883,45879,727,13
2026-08-10,NI,申银万国,47310,968,43068,-316,14
2026-08-10,NI,东证期货,45877,760,39477,696,15
2026-08-10,NI,华泰期货,42679,615,41838,262,16
2026-08-10,NI,国泰君安,35872,665,36346,467,17
2026-08-10,NI,银河期货,33798,-498,35090,981,18
2026-08-10,NI,中信期货,32811,-218,30994,-380,19
2026-08-10,NI,永安期货,33088,619,26842,961,20
2026-08-11,NI,五矿期货,81799,759,75285,499,1
2026-08-11,NI,新湖期货,79035,-881,70532,173,2
2026-08-11,NI,宏源期货,76553,-275,66362,661,3
2026-08-11,NI,兴证期货,75100,889,67117,-588,4
2026-08-11,NI,国投安信,70092,-616,64553,332,5
2026-08-11,NI,广发期货,67811,846,56982,293,6
2026-08-11,NI,瑞达期货,65042,-839,57235,-83,7
2026-08-11,NI,南华期货,61279,-2,53783,71,8
2026-08-11,NI,招商期货,61063,-45,53386,-421,9
2026-08-11,NI,浙商期货,59324,1029,53004,579,10
2026-08-11,NI,光大期货,53845,-22,51763,727,11
2026-08-11,NI,方正中期,51651,832,45690,-466,12
2026-08-11,NI,海通期货,46523,-725,45670,-209,13
2026-08-11,NI,申银万国,47107,-203,43839,771,14
2026-08-11,NI,东证期货,46056,179,40186,709,15
2026-08-11,NI,华泰期货,43446,767,41932,94,16
2026-08-11,NI,国泰君安,36294,422,37185,839,17
2026-08-11,NI,银河期货,34149,351,35871,781,18
2026-08-11,NI,中信期货,32509,-302,31280,286,19
2026-08-11,NI,永安期货,32737,-351,27043,201,20
2026-08-12,NI,五矿期货,81690,-109,74820,-465,1
2026-08-12,NI,新湖期货,78265,-770,70776,244,2
2026-08-12,NI,宏源期货,76071,-482,66312,-50,3
2026-08-12,NI,兴证期货,75000,-100,67047,-70,4
2026-08-12,NI,国投安信,70367,275,65478,925,5
2026-08-12,NI,广发期货,68547,736,57366,384,6
2026-08-12,NI,瑞达期货,66013,971,57629,394,7
2026-08-12,NI,南华期货,61542,263,54222,439,8
2026-08-12,NI,招商期货,60477,-586,53212,-174,9
2026-08-12,NI,浙商期货,60312,988,52438,-566,10
2026-08-12,NI,光大期货,54553,708,50978,-785,11
2026-08-12,NI,方正中期,50798,-853,46002,312,12
2026-08-12,NI,海通期货,46290,-233,46022,352,13
2026-08-12,NI,申银万国,47308,201,43602,-237,14
2026-08-12,NI,东证期货,46102,46,40978,792,15
2026-08-12,NI,华泰期货,44140,694,42496,564,16
2026-08-12,NI,国泰君安,36372,78,37286,101,17
2026-08-12,NI,银河期货,34773,624,36642,771,18
2026-08-12,NI,中信期货,32424,-85,30971,-309,19
2026-08-12,NI,永安期货,33665,928,26999,-44,20
2026-08-13,NI,五矿期货,81141,-549,74639,-181,1
2026-08-13,NI,新湖期货,78426,161,69948,-828,2
2026-08-13,NI,宏源期货,75288,-783,66216,-96,3
2026-08-13,NI,兴证期货,74243,-757,67128,81,4
2026-08-13,NI,国投安信,70817,450,65701,223,5
2026-08-13,NI,广发期货,68228,-319,56937,-429,6
2026-08-13,NI,瑞达期货,65590,-423,57375,-254,7
2026-08-13,NI,南华期货,62508,966,54162,-60,8
2026-08-13,NI,招商期货,59984,-493,52504,-708,9
2026-08-13,NI,浙商期货,59466,-846,51970,-468,10
2026-08-13,NI,光大期货,54888,335,51128,150,11
2026-08-13,NI,方正中期,51590,792,46563,561,12
2026-08-13,NI,申银万国,47790,482,43884,282,13
2026-08-13,NI,海通期货,45753,-537,45237,-785,14
2026-08-13,NI,东证期货,45945,-157,40398,-580,15
2026-08-13,NI,华泰期货,43591,-549,41859,-637,16
2026-08-13,NI,国泰君安,37562,1190,37440,154,17
2026-08-13,NI,银河期货,35301,528,37704,1062,18
2026-08-13,NI,中信期货,32317,-107,31367,396,19
2026-08-13,NI,永安期货,33857,192,26451,-548,20
2026-08-14,NI,五矿期货,80256,-885,74081,-558,1
2026-08-14,NI,新湖期货,78090,-336,69511,-437,2
2026-08-14,NI,兴证期货,74372,129,67745,617,3
2026-08-14,NI,宏源期货,75790,502,66305,89,4
2026-08-14,NI,国投安信,71120,303,65266,-435,5
2026-08-14,NI,广发期货,68564,336,57264,327,6
2026-08-14,NI,瑞达期货,66613,1023,57160,-215,7
2026-08-14,NI,南华期货,62580,72,53637,-525,8
2026-08-14,NI,招商期货,60537,553,53015,511,9
2026-08-14,NI,浙商期货,59451,-15,52795,825,10
2026-08-14,NI,光大期货,54409,-479,50912,-216,11
2026-08-14,NI,方正中期,50956,-634,47495,932,12
2026-08-14,NI,申银万国,47686,-104,44884,1000,13
2026-08-14,NI,海通期货,46625,872,44809,-428,14
2026-08-14,NI,东证期货,46021,76,40607,209,15
2026-08-14,NI,华泰期货,44212,621,41149,-710,16
2026-08-14,NI,国泰君安,37103,-459,36896,-544,17
2026-08-14,NI,银河期货,34785,-516,38032,328,18
2026-08-14,NI,中信期货,32378,61,31397,30,19
2026-08-14,NI,永安期货,34837,980,27544,1093,20
2026-08-17,NI,五矿期货,79723,-533,75074,993,1
2026-08-17,NI,新湖期货,78040,-50,69171,-340,2
2026-08-17,NI,兴证期货,75158,786,68553,808,3
2026-08-17,NI,宏源期货,76630,840,65813,-492,4
2026-08-17,NI,国投安信,71020,-100,65671,405,5
2026-08-17,NI,广发期货,69389,825,57871,607,6
2026-08-17,NI,瑞达期货,67335,722,56919,-241,7
2026-08-17,NI,南华期货,62390,-190,54221,584,8
2026-08-17,NI,招商期货,61518,981,53099,84,9
2026-08-17,NI,浙商期货,59874,423,53749,954,10
2026-08-17,NI,光大期货,53695,-714,50651,-261,11
2026-08-17,NI,方正中期,50136,-820,48154,659,12
2026-08-17,NI,申银万国,47791,105,44976,92,13
2026-08-17,NI,海通期货,46672,47,45138,329,14
2026-08-17,NI,东证期货,45914,-107,41701,1094,15
2026-08-17,NI,华泰期货,44477,265,42099,950,16
2026-08-17,NI,国泰君安,37561,458,37779,883,17
2026-08-17,NI,银河期货,34510,-275,38338,306,18
2026-08-17,NI,中信期货,33286,908,31444,47,19
2026-08-17,NI,永安期货,34969,132,26905,-639,20
2026-08-18,NI,五矿期货,78979,-744,75771,697,1
2026-08-18,NI,新湖期货,77388,-652,69076,-95,2
2026-08-18,NI,兴证期货,75268,110,68545,-8,3
2026-08-18,NI,宏源期货,77290,660,66095,282,4
2026-08-18,NI,国投安信,70564,-456,66682,1011,5
2026-08-18,NI,广发期货,69918,529,58508,637,6
2026-08-18,NI,瑞达期货,67914,579,57916,997,7
2026-08-18,NI,南华期货,63366,976,53507,-714,8
2026-08-18,NI,招商期货,61215,-303,53614,515,9
2026-08-18,NI,浙商期货,60260,386,54000,251,10
2026-08-18,NI,光大期货,53355,-340,51608,957,11
2026-08-18,NI,方正中期,51018,882,47627,-527,12
2026-08-18,NI,申银万国,48321,530,44215,-761,13
2026-08-18,NI,海通期货,46262,-410,46101,963,14
2026-08-18,NI,东证期货,46564,650,42095,394,15
2026-08-18,NI,华泰期货,43772,-705,42054,-45,16
2026-08-18,NI,国泰君安,37568,7,38874,1095,17
2026-08-18,NI,银河期货,35079,569,37943,-395,18
2026-08-18,NI,中信期货,33390,104,31611,167,19
2026-08-18,NI,永安期货,35454,485,27636,731,20
2026-08-19,NI,五矿期货,79071,92,75865,94,1
2026-08-19,NI,新湖期货,78021,633,69176,100,2
2026-08-19,NI,兴证期货,76246,978,67974,-571,3
2026-08-19,NI,宏源期货,77059,-231,66617,522,4
2026-08-19,NI,国投安信,69898,-666,67284,602,5
2026-08-19,NI,广发期货,69830,-88,57735,-773,6
2026-08-19,NI,瑞达期货,67035,-879,57579,-337,7
2026-08-19,NI,南华期货,64218,852,53055,-452,8
2026-08-19,NI,招商期货,61842,627,53581,-33,9
2026-08-19,NI,浙商期货,60140,-120,53853,-147,10
2026-08-19,NI,光大期货,53990,635,51703,95,11
2026-08-19,NI,方正中期,51540,522,48160,533,12
2026-08-19,NI,海通期货,45511,-751,46559,458,13
2026-08-19,NI,申银万国,48367,46,43419,-796,14
2026-08-19,NI,东证期货,46301,-263,41749,-346,15
2026-08-19,NI,华泰期货,43908,136,41295,-759,16
2026-08-19,NI,国泰君安,37455,-113,38943,69,17
2026-08-19,NI,银河期货,35222,143,37510,-433,18
2026-08-19,NI,中信期货,34179,789,32437,826,19
2026-08-19,NI,永安期货,34889,-565,27899,263,20
2026-08-20,NI,五矿期货,78241,-830,76843,978,1
2026-08-20,NI,新湖期货,77564,-457,69789,613,2
2026-08-20,NI,兴证期货,75660,-586,68026,52,3
2026-08-20,NI,宏源期货,76892,-167,66131,-486,4
2026-08-20,NI,国投安信,70385,487,66993,-291,5
2026-08-20,NI,广发期货,69088,-742,58260,525,6
2026-08-20,NI,瑞达期货,67698,663,56751,-828,7
2026-08-20,NI,南华期货,64118,-100,52549,-506,8
2026-08-20,NI,招商期货,62036,194,54249,668,9
2026-08-20,NI,浙商期货,59842,-298,53257,-596,10
2026-08-20,NI,光大期货,53295,-695,51215,-488,11
2026-08-20,NI,方正中期,50676,-864,48553,393,12
2026-08-20,NI,海通期货,44960,-551,47426,867,13
2026-08-20,NI,申银万国,49190,823,42899,-520,14
2026-08-20,NI,东证期货,45808,-493,41943,194,15
2026-08-20,NI,华泰期货,44688,780,41016,-279,16
2026-08-20,NI,国泰君安,37171,-284,39634,691,17
2026-08-20,NI,银河期货,36387,1165,37636,126,18
2026-08-20,NI,中信期货,34522,343,33012,575,19
2026-08-20,NI,永安期货,34248,-641,27298,-601,20
2026-08-21,NI,五矿期货,77370,-871,76683,-160,1
2026-08-21,NI,新湖期货,77527,-37,68996,-793,2
2026-08-21,NI,兴证期货,75248,-412,67585,-441,3
2026-08-21,NI,宏源期货,76179,-713,65313,-818,4
2026-08-21,NI,国投安信,70252,-133,68004,1011,5
2026-08-21,NI,广发期货,69759,671,57823,-437,6
2026-08-21,NI,瑞达期货,68700,1002,56412,-339,7
2026-08-21,NI,南华期货,64799,681,52471,-78,8
2026-08-21,NI,招商期货,61145,-891,53498,-751,9
2026-08-21,NI,浙商期货,59049,-793,53632,375,10
2026-08-21,NI,光大期货,53026,-269,51274,59,11
2026-08-21,NI,方正中期,50575,-101,49116,563,12
2026-08-21,NI,申银万国,49757,567,43400,501,13
2026-08-21,NI,海通期货,45897,937,46786,-640,14
2026-08-21,NI,东证期货,46689,881,42243,300,15
2026-08-21,NI,华泰期货,45100,412,41522,506,16
2026-08-21,NI,国泰君安,37817,646,38961,-673,17
2026-08-21,NI,银河期货,37320,933,38166,530,18
2026-08-21,NI,中信期货,34184,-338,33147,135,19
2026-08-21,NI,永安期货,34850,602,27618,320,20
2026-08-24,NI,五矿期货,76825,-545,75863,-820,1
2026-08-24,NI,新湖期货,77357,-170,68808,-188,2
2026-08-24,NI,兴证期货,74595,-653,67210,-375,3
2026-08-24,NI,宏源期货,75716,-463,64679,-634,4
2026-08-24,NI,国投安信,70161,-91,68030,26,5
2026-08-24,NI,广发期货,70138,379,57397,-426,6
2026-08-24,NI,瑞达期货,69713,1013,56671,259,7
2026-08-24,NI,南华期货,65182,383,52009,-462,8
2026-08-24,NI,招商期货,60905,-240,53799,301,9
2026-08-24,NI,浙商期货,59819,770,53451,-181,10
2026-08-24,NI,光大期货,53175,149,50644,-630,11
2026-08-24,NI,方正中期,49765,-810,49117,1,12
2026-08-24,NI,申银万国,50217,460,42893,-507,13
2026-08-24,NI,海通期货,46479,582,46278,-508,14
2026-08-24,NI,东证期货,46106,-583,43105,862,15
2026-08-24,NI,华泰期货,45910,810,42372,850,16
2026-08-24,NI,银河期货,38503,1183,39202,1036,17
2026-08-24,NI,国泰君安,37166,-651,38642,-319,18
2026-08-24,NI,中信期货,34796,612,33747,600,19
2026-08-24,NI,永安期货,35750,900,27241,-377,20
2026-08-25,NI,五矿期货,76720,-105,76401,538,1
2026-08-25,NI,新湖期货,77749,392,69384,576,2
2026-08-25,NI,兴证期货,74210,-385,66554,-656,3
2026-08-25,NI,宏源期货,76044,328,64493,-186,4
2026-08-25,NI,国投安信,70426,265,67531,-499,5
2026-08-25,NI,广发期货,70336,198,58167,770,6
2026-08-25,NI,瑞达期货,70701,988,57562,891,7
2026-08-25,NI,南华期货,64490,-692,52618,609,8
2026-08-25,NI,招商期货,61231,326,53972,173,9
2026-08-25,NI,浙商期货,59536,-283,54172,721,10
2026-08-25,NI,光大期货,52722,-453,50635,-9,11
2026-08-25,NI,方正中期,49002,-763,50080,963,12
2026-08-25,NI,申银万国,50648,431,43320,427,13
2026-08-25,NI,海通期货,46334,-145,45517,-761,14
2026-08-25,NI,东证期货,45461,-645,43682,577,15
2026-08-25,NI,华泰期货,46679,769,42092,-280,16
2026-08-25,NI,银河期货,38662,159,38882,-320,17
2026-08-25,NI,国泰君安,37183,17,38307,-335,18
2026-08-25,NI,中信期货,34663,-133,33001,-746,19
2026-08-25,NI,永安期货,35793,43,27810,569,20
2026-08-26,NI,五矿期货,77331,611,76428,27,1
2026-08-26,NI,新湖期货,77481,-268,69018,-366,2
2026-08-26,NI,兴证期货,74572,362,67258,704,3
2026-08-26,NI,宏源期货,76980,936,63897,-596,4
2026-08-26,NI,国投安信,70002,-424,66724,-807,5
2026-08-26,NI,广发期货,70467,131,58520,353,6
2026-08-26,NI,瑞达期货,71244,543,56739,-823,7
2026-08-26,NI,南华期货,65109,619,52244,-374,8
2026-08-26,NI,招商期货,61377,146,54433,461,9
2026-08-26,NI,浙商期货,59555,19,54105,-67,10
2026-08-26,NI,光大期货,53689,967,50983,348,11
2026-08-26,NI,方正中期,48138,-864,50476,396,12
2026-08-26,NI,申银万国,51112,464,43457,137,13
2026-08-26,NI,海通期货,45572,-762,45353,-164,14
2026-08-26,NI,东证期货,46491,1030,44320,638,15
2026-08-26,NI,华泰期货,46430,-249,42985,893,16
2026-08-26,NI,银河期货,39183,521,39671,789,17
2026-08-26,NI,国泰君安,37083,-100,37896,-411,18
2026-08-26,NI,中信期货,35303,640,32503,-498,19
2026-08-26,NI,永安期货,36906,1113,28619,809,20
2026-08-27,NI,五矿期货,76900,-431,77312,884,1
2026-08-27,NI,新湖期货,78118,637,68216,-802,2
2026-08-27,NI,兴证期货,74521,-51,67735,477,3
2026-08-27,NI,宏源期货,77744,764,63637,-260,4
2026-08-27,NI,国投安信,70168,166,67495,771,5
2026-08-27,NI,广发期货,70885,418,59281,761,6
2026-08-27,NI,瑞达期货,71901,657,55970,-769,7
2026-08-27,NI,南华期货,64778,-331,52044,-200,8
2026-08-27,NI,浙商期货,60168,613,55051,946,9
2026-08-27,NI,招商期货,61150,-227,53857,-576,10
2026-08-27,NI,光大期货,54013,324,51041,58,11
2026-08-27,NI,方正中期,49129,991,51111,635,12
2026-08-27,NI,申银万国,50630,-482,43921,464,13
2026-08-27,NI,东证期货,46318,-173,43963,-357,14
2026-08-27,NI,海通期货,44749,-823,44990,-363,15
2026-08-27,NI,华泰期货,45840,-590,42904,-81,16
2026-08-27,NI,银河期货,39170,-13,39922,251,17
2026-08-27,NI,国泰君安,36425,-658,37407,-489,18
2026-08-27,NI,中信期货,35792,489,31895,-608,19
2026-08-27,NI,永安期货,37676,770,28347,-272,20
2026-08-28,NI,五矿期货,77124,224,78164,852,1
2026-08-28,NI,新湖期货,77573,-545,68579,363,2
2026-08-28,NI,兴证期货,73910,-611,67303,-432,3
2026-08-28,NI,宏源期货,77101,-643,62974,-663,4
2026-08-28,NI,国投安信,69374,-794,67944,449,5
2026-08-28,NI,广发期货,71766,881,59437,156,6
2026-08-28,NI,瑞达期货,71144,-757,55514,-456,7
2026-08-28,NI,招商期货,61155,5,54296,439,8
2026-08-28,NI,南华期货,63890,-888,51326,-718,9
2026-08-28,NI,浙商期货,59926,-242,54576,-475,10
2026-08-28,NI,光大期货,53894,-119,51258,217,11
2026-08-28,NI,方正中期,49474,345,52048,937,12
2026-08-28,NI,申银万国,51137,507,44496,575,13
2026-08-28,NI,东证期货,47417,1099,44554,591,14
2026-08-28,NI,海通期货,45322,573,44595,-395,15
2026-08-28,NI,华泰期货,45448,-392,43695,791,16
2026-08-28,NI,银河期货,38500,-670,41008,1086,17
2026-08-28,NI,国泰君安,36066,-359,37741,334,18
2026-08-28,NI,中信期货,35713,-79,31621,-274,19
2026-08-28,NI,永安期货,38396,720,28255,-92,20
2026-08-31,NI,五矿期货,77729,605,78201,37,1
2026-08-31,NI,新湖期货,77707,134,68977,398,2
2026-08-31,NI,兴证期货,73353,-557,67417,114,3
2026-08-31,NI,宏源期货,77104,3,62989,15,4
2026-08-31,NI,国投安信,69289,-85,67867,-77,5
2026-08-31,NI,广发期货,71851,85,58750,-687,6
2026-08-31,NI,瑞达期货,72191,1047,55400,-114,7
2026-08-31,NI,南华期货,64756,866,52076,750,8
2026-08-31,NI,浙商期货,59944,18,55027,451,9
2026-08-31,NI,招商期货,60667,-488,54002,-294,10
2026-08-31,NI,光大期货,53578,-316,51588,330,11
2026-08-31,NI,方正中期,49083,-391,51818,-230,12
2026-08-31,NI,申银万国,50738,-399,44514,18,13
2026-08-31,NI,东证期货,47274,-143,44120,-434,14
2026-08-31,NI,海通期货,44783,-539,44985,390,15
2026-08-31,NI,华泰期货,46025,577,43249,-446,16
2026-08-31,NI,银河期货,39204,704,41194,186,17
2026-08-31,NI,国泰君安,35446,-620,37843,102,18
2026-08-31,NI,中信期货,35416,-297,31890,269,19
2026-08-31,NI,永安期货,39244,848,27903,-352,20
2026-09-01,NI,五矿期货,78705,976,77739,-462,1
2026-09-01,NI,新湖期货,77207,-500,68443,-534,2
2026-09-01,NI,宏源期货,77668,564,63100,111,3
2026-09-01,NI,兴证期货,73135,-218,66846,-571,4
2026-09-01,NI,国投安信,69373,84,67164,-703,5
2026-09-01,NI,广发期货,71531,-320,58668,-82,6
2026-09-01,NI,瑞达期货,72442,251,55791,391,7
2026-09-01,NI,南华期货,64482,-274,52154,78,8
2026-09-01,NI,招商期货,60546,-121,54101,99,9
2026-09-01,NI,浙商期货,59403,-541,54703,-324,10
2026-09-01,NI,光大期货,53810,232,52226,638,11
2026-09-01,NI,方正中期,49283,200,51280,-538,12
2026-09-01,NI,申银万国,51694,956,45551,1037,13
2026-09-01,NI,东证期货,47369,95,45099,979,14
2026-09-01,NI,海通期货,44497,-286,45353,368,15
2026-09-01,NI,华泰期货,45295,-730,43953,704,16
2026-09-01,NI,银河期货,39984,780,41205,11,17
2026-09-01,NI,国泰君安,35653,207,37113,-730,18
2026-09-01,NI,中信期货,36314,898,32745,855,19
2026-09-01,NI,永安期货,40021,777,27452,-451,20
2026-09-02,NI,五矿期货,78518,-187,77932,193,1
2026-09-02,NI,新湖期货,77846,639,69072,629,2
2026-09-02,NI,宏源期货,78347,679,64120,1020,3
2026-09-02,NI,兴证期货,74195,1060,66518,-328,4
2026-09-02,NI,国投安信,70035,662,67207,43,5
2026-09-02,NI,广发期货,71419,-112,58976,308,6
2026-09-02,NI,瑞达期货,71874,-568,55338,-453,7
2026-09-02,NI,南华期货,65469,987,51558,-596,8
2026-09-02,NI,招商期货,61458,912,53330,-771,9
2026-09-02,NI,浙商期货,58648,-755,54690,-13,10
2026-09-02,NI,光大期货,54222,412,52580,354,11
2026-09-02,NI,方正中期,49385,102,51060,-220,12
2026-09-02,NI,申银万国,52781,1087,46221,670,13
2026-09-02,NI,东证期货,47417,48,46224,1125,14
2026-09-02,NI,海通期货,44361,-136,45289,-64,15
2026-09-02,NI,华泰期货,45246,-49,43911,-42,16
2026-09-02,NI,银河期货,39970,-14,41441,236,17
2026-09-02,NI,国泰君安,36368,715,37828,715,18
2026-09-02,NI,中信期货,37298,984,33000,255,19
2026-09-02,NI,永安期货,39249,-772,26708,-744,20
2026-09-03,NI,五矿期货,79341,823,77412,-520,1
2026-09-03,NI,新湖期货,78130,284,69579,507,2
2026-09-03,NI,宏源期货,77953,-394,64503,383,3
2026-09-03,NI,兴证期货,73596,-599,66188,-330,4
2026-09-03,NI,国投安信,71068,1033,67751,544,5
2026-09-03,NI,广发期货,70821,-598,58661,-315,6
2026-09-03,NI,瑞达期货,72213,339,55420,82,7
2026-09-03,NI,南华期货,65932,463,52029,471,8
2026-09-03,NI,招商期货,60615,-843,53908,578,9
2026-09-03,NI,浙商期货,59195,547,55225,535,10
2026-09-03,NI,光大期货,54062,-160,53022,442,11
2026-09-03,NI,方正中期,50372,987,51875,815,12
2026-09-03,NI,申银万国,52386,-395,45867,-354,13
2026-09-03,NI,东证期货,47426,9,47351,1127,14
2026-09-03,NI,华泰期货,45214,-32,44567,656,15
2026-09-03,NI,海通期货,44439,78,44509,-780,16
2026-09-03,NI,银河期货,39308,-662,42004,563,17
2026-09-03,NI,国泰君安,36342,-26,38484,656,18
2026-09-03,NI,中信期货,37818,520,33640,640,19
2026-09-03,NI,永安期货,39921,672,26938,230,20
2026-09-04,NI,五矿期货,78623,-718,76785,-627,1
2026-09-04,NI,新湖期货,78720,590,70509,930,2
2026-09-04,NI,宏源期货,78847,894,65546,1043,3
2026-09-04,NI,兴证期货,73538,-58,66879,691,4
2026-09-04,NI,国投安信,70798,-270,68404,653,5
2026-09-04,NI,广发期货,71269,448,59626,965,6
2026-09-04,NI,瑞达期货,72096,-117,55770,350,7
2026-09-04,NI,南华期货,66057,125,52270,241,8
2026-09-04,NI,招商期货,61131,516,53676,-232,9
2026-09-04,NI,浙商期货,59169,-26,54892,-333,10
2026-09-04,NI,光大期货,53501,-561,53871,849,11
2026-09-04,NI,方正中期,51266,894,51891,16,12
2026-09-04,NI,申银万国,51650,-736,46078,211,13
2026-09-04,NI,东证期货,47460,34,48027,676,14
2026-09-04,NI,华泰期货,45514,300,45562,995,15
2026-09-04,NI,海通期货,45402,963,44045,-464,16
2026-09-04,NI,银河期货,40405,1097,42021,17,17
2026-09-04,NI,国泰君安,36881,539,39171,687,18
2026-09-04,NI,中信期货,38616,798,33059,-581,19
2026-09-04,NI,永安期货,39166,-755,26407,-531,20
2026-07-27,SN,五矿期货,80116,69,72380,700,1
2026-07-27,SN,新湖期货,78318,-356,70650,145,2
2026-07-27,SN,宏源期货,76255,1070,68171,709,3
2026-07-27,SN,兴证期货,72375,334,65063,215,4
2026-07-27,SN,国投安信,69074,-886,62542,-81,5
2026-07-27,SN,瑞达期货,68614,169,61141,771,6
2026-07-27,SN,广发期货,65356,-702,57233,-418,7
2026-07-27,SN,南华期货,64108,716,54880,-765,8
2026-07-27,SN,招商期货,59812,462,53753,342,9
2026-07-27,SN,浙商期货,58790,1056,50227,-836,10
2026-07-27,SN,光大期货,53942,-356,49411,689,11
2026-07-27,SN,方正中期,51300,-881,46740,-725,12
2026-07-27,SN,海通期货,51207,657,44463,-644,13
2026-07-27,SN,申银万国,46179,93,43338,527,14
2026-07-27,SN,华泰期货,42786,-420,39324,128,15
2026-07-27,SN,东证期货,40569,-720,38943,429,16
2026-07-27,SN,银河期货,38612,-649,34156,-70,17
2026-07-27,SN,国泰君安,35733,-525,33326,-204,18
2026-07-27,SN,中信期货,32779,-605,30704,3,19
2026-07-27,SN,永安期货,31928,-617,28540,-170,20
2026-07-28,SN,五矿期货,81163,1047,72962,582,1
2026-07-28,SN,新湖期货,78504,186,70372,-278,2
2026-07-28,SN,宏源期货,75606,-649,69100,929,3
2026-07-28,SN,兴证期货,71527,-848,65445,382,4
2026-07-28,SN,国投安信,70068,994,61976,-566,5
2026-07-28,SN,瑞达期货,69424,810,62109,968,6
2026-07-28,SN,广发期货,65278,-78,57868,635,7
2026-07-28,SN,南华期货,64990,882,55460,580,8
2026-07-28,SN,招商期货,58918,-894,53838,85,9
2026-07-28,SN,浙商期货,59541,751,49582,-645,10
2026-07-28,SN,光大期货,54830,888,49237,-174,11
2026-07-28,SN,方正中期,50517,-783,46619,-121,12
2026-07-28,SN,海通期货,51082,-125,44863,400,13
2026-07-28,SN,申银万国,46641,462,43304,-34,14
2026-07-28,SN,华泰期货,42376,-410,39213,-111,15
2026-07-28,SN,东证期货,40434,-135,39845,902,16
2026-07-28,SN,银河期货,39655,1043,34088,-68,17
2026-07-28,SN,国泰君安,35712,-21,33952,626,18
2026-07-28,SN,中信期货,32878,99,30623,-81,19
2026-07-28,SN,永安期货,31838,-90,29007,467,20
2026-07-29,SN,五矿期货,80976,-187,72988,26,1
2026-07-29,SN,新湖期货,79230,726,69688,-684,2
2026-07-29,SN,宏源期货,76219,613,69504,404,3
2026-07-29,SN,兴证期货,71619,92,65414,-31,4
2026-07-29,SN,瑞达期货,69912,488,62168,59,5
2026-07-29,SN,国投安信,69646,-422,62368,392,6
2026-07-29,SN,广发期货,65884,606,57684,-184,7
2026-07-29,SN,南华期货,66075,1085,56263,803,8
2026-07-29,SN,招商期货,59806,888,53081,-757,9
2026-07-29,SN,浙商期货,59938,397,49469,-113,10
2026-07-29,SN,光大期货,54589,-241,48421,-816,11
2026-07-29,SN,方正中期,51578,1061,47433,814,12
2026-07-29,SN,海通期货,50188,-894,45319,456,13
2026-07-29,SN,申银万国,47093,452,42838,-466,14
2026-07-29,SN,华泰期货,42530,154,39209,-4,15
2026-07-29,SN,东证期货,41435,1001,40048,203,16
2026-07-29,SN,银河期货,40280,625,34667,579,17
2026-07-29,SN,国泰君安,35857,145,34448,496,18
2026-07-29,SN,中信期货,32607,-271,30607,-16,19
2026-07-29,SN,永安期货,32596,758,29906,899,20
2026-07-30,SN,五矿期货,81063,87,73495,507,1
2026-07-30,SN,新湖期货,80285,1055,69074,-614,2
2026-07-30,SN,宏源期货,77154,935,69567,63,3
2026-07-30,SN,兴证期货,71675,56,64908,-506,4
2026-07-30,SN,瑞达期货,70716,804,62696,528,5
2026-07-30,SN,国投安信,69869,223,63309,941,6
2026-07-30,SN,南华期货,66194,119,57044,781,7
2026-07-30,SN,广发期货,65162,-722,57451,-233,8
2026-07-30,SN,招商期货,58971,-835,52492,-589,9
2026-07-30,SN,浙商期货,60505,567,49652,183,10
2026-07-30,SN,光大期货,55296,707,49325,904,11
2026-07-30,SN,方正中期,52472,894,47754,321,12
2026-07-30,SN,海通期货,51069,881,45534,215,13
2026-07-30,SN,申银万国,47651,558,42281,-557,14
2026-07-30,SN,华泰期货,42873,343,38758,-451,15
2026-07-30,SN,东证期货,41443,8,39879,-169,16
2026-07-30,SN,银河期货,39705,-575,35400,733,17
2026-07-30,SN,国泰君安,36509,652,35531,1083,18
2026-07-30,SN,中信期货,33175,568,31592,985,19
2026-07-30,SN,永安期货,33739,1143,30111,205,20
2026-07-31,SN,五矿期货,80844,-219,74430,935,1
2026-07-31,SN,新湖期货,81014,729,69640,566,2
2026-07-31,SN,宏源期货,77261,107,68902,-665,3
2026-07-31,SN,兴证期货,72072,397,65543,635,4
2026-07-31,SN,国投安信,70858,989,63553,244,5
2026-07-31,SN,瑞达期货,71178,462,62124,-572,6
2026-07-31,SN,南华期货,66269,75,58032,988,7
2026-07-31,SN,广发期货,65635,473,56853,-598,8
2026-07-31,SN,招商期货,58598,-373,53005,513,9
2026-07-31,SN,浙商期货,60056,-449,50274,622,10
2026-07-31,SN,光大期货,55965,669,49049,-276,11
2026-07-31,SN,方正中期,53420,948,47689,-65,12
2026-07-31,SN,海通期货,50497,-572,45352,-182,13
2026-07-31,SN,申银万国,48216,565,41490,-791,14
2026-07-31,SN,东证期货,42096,653,39292,-587,15
2026-07-31,SN,华泰期货,42189,-684,38798,40,16
2026-07-31,SN,银河期货,40858,1153,35981,581,17
2026-07-31,SN,国泰君安,36078,-431,36303,772,18
2026-07-31,SN,中信期货,32893,-282,31255,-337,19
2026-07-31,SN,永安期货,34066,327,29834,-277,20
2026-08-03,SN,五矿期货,80204,-640,75327,897,1
2026-08-03,SN,新湖期货,81287,273,69543,-97,2
2026-08-03,SN,宏源期货,77885,624,68289,-613,3
2026-08-03,SN,兴证期货,72384,312,65078,-465,4
2026-08-03,SN,国投安信,70654,-204,64219,666,5
2026-08-03,SN,瑞达期货,70506,-672,61456,-668,6
2026-08-03,SN,南华期货,65899,-370,57418,-614,7
2026-08-03,SN,广发期货,65330,-305,56182,-671,8
2026-08-03,SN,浙商期货,60050,-6,51079,805,9
2026-08-03,SN,招商期货,58175,-423,52612,-393,10
2026-08-03,SN,光大期货,56215,250,49952,903,11
2026-08-03,SN,方正中期,53835,415,48446,757,12
2026-08-03,SN,海通期货,50378,-119,45841,489,13
2026-08-03,SN,申银万国,48823,607,42124,634,14
2026-08-03,SN,东证期货,42088,-8,40386,1094,15
2026-08-03,SN,华泰期货,42758,569,39469,671,16
2026-08-03,SN,银河期货,41396,538,35913,-68,17
2026-08-03,SN,国泰君安,36528,450,35665,-638,18
2026-08-03,SN,中信期货,33682,789,32377,1122,19
2026-08-03,SN,永安期货,33744,-322,30243,409,20
2026-08-04,SN,五矿期货,80327,123,75869,542,1
2026-08-04,SN,新湖期货,82101,814,69141,-402,2
2026-08-04,SN,宏源期货,78656,771,68046,-243,3
2026-08-04,SN,兴证期货,72131,-253,64524,-554,4
2026-08-04,SN,国投安信,71499,845,64312,93,5
2026-08-04,SN,瑞达期货,69624,-882,61708,252,6
2026-08-04,SN,南华期货,66208,309,57022,-396,7
2026-08-04,SN,广发期货,64648,-682,56141,-41,8
2026-08-04,SN,招商期货,58634,459,52994,382,9
2026-08-04,SN,浙商期货,59408,-642,51293,214,10
2026-08-04,SN,光大期货,57227,1012,50733,781,11
2026-08-04,SN,方正中期,54568,733,48987,541,12
2026-08-04,SN,海通期货,51057,679,45738,-103,13
2026-08-04,SN,申银万国,48790,-33,41928,-196,14
2026-08-04,SN,华泰期货,43592,834,39413,-56,15
2026-08-04,SN,东证期货,42404,316,40004,-382,16
2026-08-04,SN,银河期货,40742,-654,36351,438,17
2026-08-04,SN,国泰君安,35751,-777,35531,-134,18
2026-08-04,SN,中信期货,34083,401,33116,739,19
2026-08-04,SN,永安期货,33605,-139,30251,8,20
2026-08-05,SN,五矿期货,80927,600,76678,809,1
2026-08-05,SN,新湖期货,81632,-469,70027,886,2
2026-08-05,SN,宏源期货,79451,795,68663,617,3
2026-08-05,SN,兴证期货,71913,-218,63986,-538,4
2026-08-05,SN,国投安信,70719,-780,65121,809,5
2026-08-05,SN,瑞达期货,70166,542,61629,-79,6
2026-08-05,SN,南华期货,67005,797,56613,-409,7
2026-08-05,SN,广发期货,64761,113,55887,-254,8
2026-08-05,SN,招商期货,58713,79,53436,442,9
2026-08-05,SN,浙商期货,59954,546,51618,325,10
2026-08-05,SN,光大期货,56887,-340,51619,886,11
2026-08-05,SN,方正中期,55078,510,48389,-598,12
2026-08-05,SN,海通期货,50789,-268,45916,178,13
2026-08-05,SN,申银万国,49116,326,41733,-195,14
2026-08-05,SN,东证期货,43265,861,40929,925,15
2026-08-05,SN,华泰期货,44131,539,38633,-780,16
2026-08-05,SN,银河期货,41324,582,37320,969,17
2026-08-05,SN,国泰君安,35269,-482,36290,759,18
2026-08-05,SN,中信期货,34534,451,32926,-190,19
2026-08-05,SN,永安期货,33758,153,29782,-469,20
2026-08-06,SN,五矿期货,81780,853,76950,272,1
2026-08-06,SN,新湖期货,81131,-501,70612,585,2
2026-08-06,SN,宏源期货,79977,526,69703,1040,3
2026-08-06,SN,国投安信,70900,181,65759,638,4
2026-08-06,SN,兴证期货,71592,-321,63714,-272,5
2026-08-06,SN,瑞达期货,70066,-100,60926,-703,6
2026-08-06,SN,南华期货,67074,69,56476,-137,7
2026-08-06,SN,广发期货,65412,651,55838,-49,8
2026-08-06,SN,招商期货,58678,-35,53974,538,9
2026-08-06,SN,浙商期货,59857,-97,51459,-159,10
2026-08-06,SN,光大期货,56031,-856,51891,272,11
2026-08-06,SN,方正中期,55915,837,47865,-524,12
2026-08-06,SN,海通期货,51239,450,46934,1018,13
2026-08-06,SN,申银万国,48828,-288,42552,819,14
2026-08-06,SN,东证期货,44239,974,41157,228,15
2026-08-06,SN,华泰期货,44720,589,38585,-48,16
2026-08-06,SN,银河期货,42133,809,36916,-404,17
2026-08-06,SN,国泰君安,36379,1110,37292,1002,18
2026-08-06,SN,中信期货,35260,726,32263,-663,19
2026-08-06,SN,永安期货,33438,-320,30446,664,20
2026-08-07,SN,五矿期货,82488,708,77858,908,1
2026-08-07,SN,新湖期货,80439,-692,71151,539,2
2026-08-07,SN,宏源期货,80830,853,70031,328,3
2026-08-07,SN,国投安信,71333,433,64927,-832,4
2026-08-07,SN,兴证期货,71433,-159,64350,636,5
2026-08-07,SN,瑞达期货,69566,-500,61581,655,6
2026-08-07,SN,广发期货,66159,747,56520,682,7
2026-08-07,SN,南华期货,66603,-471,56072,-404,8
2026-08-07,SN,招商期货,59615,937,53420,-554,9
2026-08-07,SN,浙商期货,59945,88,51205,-254,10
2026-08-07,SN,光大期货,56035,4,52466,575,11
2026-08-07,SN,方正中期,56197,282,47296,-569,12
2026-08-07,SN,海通期货,51679,440,46419,-515,13
2026-08-07,SN,申银万国,48550,-278,42639,87,14
2026-08-07,SN,东证期货,45107,868,40497,-660,15
2026-08-07,SN,华泰期货,45560,840,39188,603,16
2026-08-07,SN,银河期货,42541,408,37919,1003,17
2026-08-07,SN,国泰君安,37139,760,38142,850,18
2026-08-07,SN,中信期货,34748,-512,32155,-108,19
2026-08-07,SN,永安期货,33464,26,29875,-571,20
2026-08-10,SN,五矿期货,82356,-132,78596,738,1
2026-08-10,SN,新湖期货,80875,436,71827,676,2
2026-08-10,SN,宏源期货,81884,1054,69534,-497,3
2026-08-10,SN,兴证期货,71941,508,64720,370,4
2026-08-10,SN,国投安信,71433,100,64696,-231,5
2026-08-10,SN,瑞达期货,69159,-407,61543,-38,6
2026-08-10,SN,南华期货,66530,-73,55723,-349,7
2026-08-10,SN,广发期货,65328,-831,55913,-607,8
2026-08-10,SN,招商期货,59999,384,54049,629,9
2026-08-10,SN,浙商期货,61031,1086,50659,-546,10
2026-08-10,SN,光大期货,56350,315,52504,38,11
2026-08-10,SN,方正中期,56628,431,47139,-157,12
2026-08-10,SN,海通期货,51019,-660,46624,205,13
2026-08-10,SN,申银万国,48017,-533,41896,-743,14
2026-08-10,SN,华泰期货,45388,-172,39308,120,15
2026-08-10,SN,东证期货,44442,-665,39923,-574,16
2026-08-10,SN,银河期货,42105,-436,39045,1126,17
2026-08-10,SN,国泰君安,37750,611,39095,953,18
2026-08-10,SN,中信期货,35914,1166,32259,104,19
2026-08-10,SN,永安期货,32986,-478,29876,1,20
2026-08-11,SN,五矿期货,81826,-530,78532,-64,1
2026-08-11,SN,新湖期货,81601,726,72191,364,2
2026-08-11,SN,宏源期货,82510,626,68877,-657,3
2026-08-11,SN,兴证期货,71601,-340,65290,570,4
2026-08-11,SN,国投安信,71705,272,64828,132,5
2026-08-11,SN,瑞达期货,69460,301,61866,323,6
2026-08-11,SN,南华期货,67490,960,55916,193,7
2026-08-11,SN,广发期货,64888,-440,55110,-803,8
2026-08-11,SN,招商期货,60412,413,54568,519,9
2026-08-11,SN,浙商期货,60380,-651,50810,151,10
2026-08-11,SN,光大期货,55688,-662,51823,-681,11
2026-08-11,SN,方正中期,55751,-877,46534,-605,12
2026-08-11,SN,海通期货,51030,11,46526,-98,13
2026-08-11,SN,申银万国,48412,395,42383,487,14
2026-08-11,SN,东证期货,45337,895,40484,561,15
2026-08-11,SN,华泰期货,45270,-118,39021,-287,16
2026-08-11,SN,银河期货,42274,169,40046,1001,17
2026-08-11,SN,国泰君安,37153,-597,39917,822,18
2026-08-11,SN,中信期货,36507,593,32837,578,19
2026-08-11,SN,永安期货,33622,636,30734,858,20
2026-08-12,SN,五矿期货,82469,643,79224,692,1
2026-08-12,SN,新湖期货,82035,434,71595,-596,2
2026-08-12,SN,宏源期货,83286,776,69645,768,3
2026-08-12,SN,兴证期货,71804,203,65901,611,4
2026-08-12,SN,国投安信,72519,814,65175,347,5
2026-08-12,SN,瑞达期货,68690,-770,62078,212,6
2026-08-12,SN,南华期货,68194,704,56729,813,7
2026-08-12,SN,广发期货,65073,185,55260,150,8
2026-08-12,SN,招商期货,61186,774,54816,248,9
2026-08-12,SN,浙商期货,60286,-94,51098,288,10
2026-08-12,SN,光大期货,56223,535,51013,-810,11
2026-08-12,SN,方正中期,55681,-70,47348,814,12
2026-08-12,SN,海通期货,51230,200,46054,-472,13
2026-08-12,SN,申银万国,49277,865,43161,778,14
2026-08-12,SN,华泰期货,45831,561,40032,1011,15
2026-08-12,SN,东证期货,45223,-114,39844,-640,16
2026-08-12,SN,银河期货,41750,-524,39479,-567,17
2026-08-12,SN,国泰君安,36984,-169,40317,400,18
2026-08-12,SN,中信期货,37166,659,32955,118,19
2026-08-12,SN,永安期货,33833,211,31284,550,20
2026-08-13,SN,五矿期货,81569,-900,78882,-342,1
2026-08-13,SN,新湖期货,83070,1035,72092,497,2
2026-08-13,SN,宏源期货,82737,-549,69661,16,3
2026-08-13,SN,兴证期货,72882,1078,66165,264,4
2026-08-13,SN,国投安信,72230,-289,65069,-106,5
2026-08-13,SN,瑞达期货,68045,-645,62264,186,6
2026-08-13,SN,南华期货,69037,843,57421,692,7
2026-08-13,SN,广发期货,64244,-829,54583,-677,8
2026-08-13,SN,招商期货,61437,251,54491,-325,9
2026-08-13,SN,浙商期货,59716,-570,50427,-671,10
2026-08-13,SN,光大期货,55745,-478,51499,486,11
2026-08-13,SN,方正中期,55044,-637,47675,327,12
2026-08-13,SN,海通期货,50581,-649,45284,-770,13
2026-08-13,SN,申银万国,50016,739,42954,-207,14
2026-08-13,SN,华泰期货,46067,236,40097,65,15
2026-08-13,SN,东证期货,44811,-412,39084,-760,16
2026-08-13,SN,银河期货,42196,446,40132,653,17
2026-08-13,SN,国泰君安,36574,-410,41312,995,18
2026-08-13,SN,中信期货,38224,1058,32425,-530,19
2026-08-13,SN,永安期货,33477,-356,31862,578,20
2026-08-14,SN,五矿期货,81111,-458,79243,361,1
2026-08-14,SN,新湖期货,83403,333,72372,280,2
2026-08-14,SN,宏源期货,82277,-460,69085,-576,3
2026-08-14,SN,兴证期货,73735,853,67020,855,4
2026-08-14,SN,国投安信,71620,-610,64832,-237,5
2026-08-14,SN,瑞达期货,67220,-825,61799,-465,6
2026-08-14,SN,南华期货,69494,457,58249,828,7
2026-08-14,SN,广发期货,63435,-809,54218,-365,8
2026-08-14,SN,招商期货,61945,508,53843,-648,9
2026-08-14,SN,浙商期货,59861,145,50006,-421,10
2026-08-14,SN,光大期货,56086,341,51751,252,11
2026-08-14,SN,方正中期,56009,965,47546,-129,12
2026-08-14,SN,海通期货,50321,-260,45504,220,13
2026-08-14,SN,申银万国,50120,104,43527,573,14
2026-08-14,SN,华泰期货,45453,-614,40428,331,15
2026-08-14,SN,东证期货,45124,313,39225,141,16
2026-08-14,SN,银河期货,42016,-180,40711,579,17
2026-08-14,SN,国泰君安,37646,1072,42145,833,18
2026-08-14,SN,中信期货,39381,1157,32718,293,19
2026-08-14,SN,永安期货,33312,-165,31186,-676,20
2026-08-17,SN,五矿期货,81891,780,79440,197,1
2026-08-17,SN,新湖期货,83849,446,72848,476,2
2026-08-17,SN,宏源期货,82139,-138,69389,304,3
2026-08-17,SN,兴证期货,73229,-506,67633,613,4
2026-08-17,SN,国投安信,72147,527,65304,472,5
2026-08-17,SN,瑞达期货,66871,-349,62245,446,6
2026-08-17,SN,南华期货,69011,-483,57543,-706,7
2026-08-17,SN,广发期货,63824,389,54868,650,8
2026-08-17,SN,招商期货,61338,-607,54090,247,9
2026-08-17,SN,浙商期货,60886,1025,50578,572,10
2026-08-17,SN,光大期货,56571,485,51772,21,11
2026-08-17,SN,方正中期,55279,-730,47216,-330,12
2026-08-17,SN,海通期货,50240,-81,45588,84,13
2026-08-17,SN,申银万国,51070,950,43011,-516,14
2026-08-17,SN,华泰期货,45334,-119,40908,480,15
2026-08-17,SN,东证期货,44866,-258,38988,-237,16
2026-08-17,SN,银河期货,41388,-628,41067,356,17
2026-08-17,SN,国泰君安,38140,494,42239,94,18
2026-08-17,SN,中信期货,38864,-517,33441,723,19
2026-08-17,SN,永安期货,33267,-45,30984,-202,20
2026-08-18,SN,五矿期货,82975,1084,79045,-395,1
2026-08-18,SN,新湖期货,83149,-700,72770,-78,2
2026-08-18,SN,宏源期货,81799,-340,68559,-830,3
2026-08-18,SN,兴证期货,73963,734,67245,-388,4
2026-08-18,SN,国投安信,71546,-601,66233,929,5
2026-08-18,SN,瑞达期货,67564,693,61954,-291,6
2026-08-18,SN,南华期货,68293,-718,57436,-107,7
2026-08-18,SN,广发期货,64786,962,54701,-167,8
2026-08-18,SN,招商期货,61112,-226,54551,461,9
2026-08-18,SN,浙商期货,60819,-67,49863,-715,10
2026-08-18,SN,光大期货,57071,500,52045,273,11
2026-08-18,SN,方正中期,55467,188,46591,-625,12
2026-08-18,SN,海通期货,49893,-347,44993,-595,13
2026-08-18,SN,申银万国,50676,-394,42319,-692,14
2026-08-18,SN,华泰期货,46408,1074,41294,386,15
2026-08-18,SN,银河期货,42221,833,41185,118,16
2026-08-18,SN,东证期货,44862,-4,38271,-717,17
2026-08-18,SN,国泰君安,37674,-466,42116,-123,18
2026-08-18,SN,中信期货,38943,79,34353,912,19
2026-08-18,SN,永安期货,33725,458,30549,-435,20
2026-08-19,SN,五矿期货,83163,188,79324,279,1
2026-08-19,SN,新湖期货,84231,1082,73535,765,2
2026-08-19,SN,宏源期货,82417,618,69097,538,3
2026-08-19,SN,兴证期货,73769,-194,68045,800,4
2026-08-19,SN,国投安信,71443,-103,65753,-480,5
2026-08-19,SN,瑞达期货,67315,-249,62643,689,6
2026-08-19,SN,南华期货,67595,-698,58422,986,7
2026-08-19,SN,广发期货,63984,-802,54200,-501,8
2026-08-19,SN,招商期货,60767,-345,54945,394,9
2026-08-19,SN,浙商期货,60496,-323,50142,279,10
2026-08-19,SN,光大期货,57342,271,52967,922,11
2026-08-19,SN,方正中期,55281,-186,47175,584,12
2026-08-19,SN,海通期货,49188,-705,45226,233,13
2026-08-19,SN,申银万国,51428,752,42471,152,14
2026-08-19,SN,华泰期货,46713,305,42126,832,15
2026-08-19,SN,银河期货,42519,298,41906,721,16
2026-08-19,SN,东证期货,45875,1013,38128,-143,17
2026-08-19,SN,国泰君安,37146,-528,41705,-411,18
2026-08-19,SN,中信期货,39766,823,35478,1125,19
2026-08-19,SN,永安期货,33720,-5,29994,-555,20
2026-08-20,SN,五矿期货,83222,59,79502,178,1
2026-08-20,SN,新湖期货,84055,-176,74320,785,2
2026-08-20,SN,宏源期货,81891,-526,69145,48,3
2026-08-20,SN,兴证期货,74316,547,68132,87,4
2026-08-20,SN,国投安信,71789,346,65759,6,5
2026-08-20,SN,瑞达期货,66925,-390,63181,538,6
2026-08-20,SN,南华期货,68690,1095,58330,-92,7
2026-08-20,SN,广发期货,64532,548,54942,742,8
2026-08-20,SN,招商期货,61352,585,55404,459,9
2026-08-20,SN,浙商期货,59704,-792,51172,1030,10
2026-08-20,SN,光大期货,57948,606,52664,-303,11
2026-08-20,SN,方正中期,55156,-125,47487,312,12
2026-08-20,SN,申银万国,50846,-582,42967,496,13
2026-08-20,SN,海通期货,48546,-642,44668,-558,14
2026-08-20,SN,华泰期货,46864,151,42736,610,15
2026-08-20,SN,东证期货,45114,-761,38764,636,16
2026-08-20,SN,银河期货,42000,-519,41666,-240,17
2026-08-20,SN,国泰君安,37342,196,42148,443,18
2026-08-20,SN,中信期货,40726,960,35532,54,19
2026-08-20,SN,永安期货,34157,437,31030,1036,20
2026-08-21,SN,五矿期货,82343,-879,79520,18,1
2026-08-21,SN,新湖期货,84810,755,75260,940,2
2026-08-21,SN,宏源期货,82125,234,69304,159,3
2026-08-21,SN,兴证期货,74938,622,67867,-265,4
2026-08-21,SN,国投安信,71006,-783,65082,-677,5
2026-08-21,SN,瑞达期货,66363,-562,63509,328,6
2026-08-21,SN,南华期货,69284,594,57971,-359,7
2026-08-21,SN,广发期货,65567,1035,54283,-659,8
2026-08-21,SN,招商期货,60614,-738,54711,-693,9
2026-08-21,SN,光大期货,57688,-260,53545,881,10
2026-08-21,SN,浙商期货,58988,-716,51621,449,11
2026-08-21,SN,方正中期,55088,-68,48215,728,12
2026-08-21,SN,海通期货,49586,1040,44443,-225,13
2026-08-21,SN,申银万国,51703,857,42295,-672,14
2026-08-21,SN,华泰期货,46589,-275,43187,451,15
2026-08-21,SN,银河期货,43025,1025,42787,1121,16
2026-08-21,SN,东证期货,46001,887,38462,-302,17
2026-08-21,SN,国泰君安,37628,286,42849,701,18
2026-08-21,SN,中信期货,41896,1170,35638,106,19
2026-08-21,SN,永安期货,33964,-193,30824,-206,20
2026-08-24,SN,五矿期货,81529,-814,79913,393,1
2026-08-24,SN,新湖期货,85310,500,75657,397,2
2026-08-24,SN,宏源期货,83160,1035,69535,231,3
2026-08-24,SN,兴证期货,75724,786,68819,952,4
2026-08-24,SN,国投安信,71460,454,66117,1035,5
2026-08-24,SN,瑞达期货,65963,-400,64172,663,6
2026-08-24,SN,南华期货,69822,538,58215,244,7
2026-08-24,SN,广发期货,66202,635,54139,-144,8
2026-08-24,SN,招商期货,61176,562,54731,20,9
2026-08-24,SN,光大期货,58653,965,54397,852,10
2026-08-24,SN,浙商期货,59615,627,50785,-836,11
2026-08-24,SN,方正中期,55450,362,47754,-461,12
2026-08-24,SN,申银万国,52232,529,41700,-595,13
2026-08-24,SN,海通期货,49516,-70,43621,-822,14
2026-08-24,SN,华泰期货,47507,918,43427,240,15
2026-08-24,SN,银河期货,43264,239,43071,284,16
2026-08-24,SN,东证期货,46624,623,39078,616,17
2026-08-24,SN,国泰君安,37127,-501,43061,212,18
2026-08-24,SN,中信期货,43025,1129,36364,726,19
2026-08-24,SN,永安期货,34570,606,31095,271,20
2026-08-25,SN,五矿期货,80633,-896,80574,661,1
2026-08-25,SN,新湖期货,84952,-358,75243,-414,2
2026-08-25,SN,宏源期货,83249,89,69286,-249,3
2026-08-25,SN,兴证期货,75418,-306,68581,-238,4
2026-08-25,SN,国投安信,72316,856,65508,-609,5
2026-08-25,SN,瑞达期货,66805,842,64891,719,6
2026-08-25,SN,南华期货,70312,490,57876,-339,7
2026-08-25,SN,广发期货,67005,803,54393,254,8
2026-08-25,SN,招商期货,60968,-208,55752,1021,9
2026-08-25,SN,光大期货,58529,-124,53896,-501,10
2026-08-25,SN,浙商期货,59479,-136,50166,-619,11
2026-08-25,SN,方正中期,55415,-35,47918,164,12
2026-08-25,SN,申银万国,51605,-627,41902,202,13
2026-08-25,SN,海通期货,49339,-177,42875,-746,14
2026-08-25,SN,华泰期货,47358,-149,44296,869,15
2026-08-25,SN,银河期货,44334,1070,42761,-310,16
2026-08-25,SN,东证期货,46202,-422,38461,-617,17
2026-08-25,SN,国泰君安,37911,784,43363,302,18
2026-08-25,SN,中信期货,43626,601,37400,1036,19
2026-08-25,SN,永安期货,34708,138,30670,-425,20
2026-08-26,SN,新湖期货,84934,-18,75400,157,1
2026-08-26,SN,五矿期货,80137,-496,79897,-677,2
2026-08-26,SN,宏源期货,82367,-882,68643,-643,3
2026-08-26,SN,兴证期货,75341,-77,68457,-124,4
2026-08-26,SN,国投安信,72895,579,65039,-469,5
2026-08-26,SN,瑞达期货,66621,-184,65864,973,6
2026-08-26,SN,南华期货,70023,-289,57750,-126,7
2026-08-26,SN,广发期货,66324,-681,53553,-840,8
2026-08-26,SN,招商期货,61010,42,55574,-178,9
2026-08-26,SN,光大期货,57746,-783,53774,-122,10
2026-08-26,SN,浙商期货,58591,-888,50576,410,11
2026-08-26,SN,方正中期,56252,837,48067,149,12
2026-08-26,SN,申银万国,52620,1015,42000,98,13
2026-08-26,SN,海通期货,50266,927,43290,415,14
2026-08-26,SN,华泰期货,48287,929,43518,-778,15
2026-08-26,SN,银河期货,45456,1122,43307,546,16
2026-08-26,SN,东证期货,46477,275,39382,921,17
2026-08-26,SN,国泰君安,39021,1110,43217,-146,18
2026-08-26,SN,中信期货,43652,26,37075,-325,19
2026-08-26,SN,永安期货,35220,512,31064,394,20
2026-08-27,SN,五矿期货,81019,882,80499,602,1
2026-08-27,SN,新湖期货,84769,-165,76359,959,2
2026-08-27,SN,宏源期货,82355,-12,67804,-839,3
2026-08-27,SN,兴证期货,75165,-176,69137,680,4
2026-08-27,SN,国投安信,72326,-569,64475,-564,5
2026-08-27,SN,瑞达期货,67440,819,65913,49,6
2026-08-27,SN,南华期货,69674,-349,57122,-628,7
2026-08-27,SN,广发期货,66322,-2,54047,494,8
2026-08-27,SN,招商期货,61208,198,56386,812,9
2026-08-27,SN,光大期货,57592,-154,53801,27,10
2026-08-27,SN,浙商期货,59518,927,50099,-477,11
2026-08-27,SN,方正中期,56118,-134,47829,-238,12
2026-08-27,SN,申银万国,52232,-388,41613,-387,13
2026-08-27,SN,海通期货,50329,63,43249,-41,14
2026-08-27,SN,华泰期货,48962,675,44012,494,15
2026-08-27,SN,银河期货,46546,1090,43535,228,16
2026-08-27,SN,东证期货,45711,-766,38930,-452,17
2026-08-27,SN,国泰君安,39082,61,42700,-517,18
2026-08-27,SN,中信期货,44712,1060,36619,-456,19
2026-08-27,SN,永安期货,35523,303,31347,283,20
2026-08-28,SN,五矿期货,81845,826,81339,840,1
2026-08-28,SN,新湖期货,85760,991,77028,669,2
2026-08-28,SN,宏源期货,82482,127,68440,636,3
2026-08-28,SN,兴证期货,76070,905,69105,-32,4
2026-08-28,SN,国投安信,72991,665,65223,748,5
2026-08-28,SN,瑞达期货,67205,-235,66601,688,6
2026-08-28,SN,南华期货,70412,738,57668,546,7
2026-08-28,SN,广发期货,66884,562,53457,-590,8
2026-08-28,SN,招商期货,61434,226,56550,164,9
2026-08-28,SN,光大期货,57236,-356,53194,-607,10
2026-08-28,SN,浙商期货,59480,-38,50250,151,11
2026-08-28,SN,方正中期,57183,1065,48341,512,12
2026-08-28,SN,申银万国,51660,-572,42127,514,13
2026-08-28,SN,海通期货,49836,-493,43380,131,14
2026-08-28,SN,华泰期货,49907,945,43226,-786,15
2026-08-28,SN,银河期货,46574,28,43627,92,16
2026-08-28,SN,东证期货,46454,743,38838,-92,17
2026-08-28,SN,中信期货,44320,-392,36432,-187,18
2026-08-28,SN,国泰君安,38384,-698,42203,-497,19
2026-08-28,SN,永安期货,35149,-374,30803,-544,20
2026-08-31,SN,五矿期货,82515,670,80724,-615,1
2026-08-31,SN,新湖期货,85370,-390,76753,-275,2
2026-08-31,SN,宏源期货,82629,147,67972,-468,3
2026-08-31,SN,兴证期货,75482,-588,69748,643,4
2026-08-31,SN,国投安信,72598,-393,65637,414,5
2026-08-31,SN,瑞达期货,67863,658,66629,28,6
2026-08-31,SN,南华期货,70104,-308,57395,-273,7
2026-08-31,SN,广发期货,66979,95,52776,-681,8
2026-08-31,SN,招商期货,61423,-11,56683,133,9
2026-08-31,SN,光大期货,57215,-21,53566,372,10
2026-08-31,SN,浙商期货,60090,610,49416,-834,11
2026-08-31,SN,方正中期,57982,799,48191,-150,12
2026-08-31,SN,申银万国,52161,501,41761,-366,13
2026-08-31,SN,华泰期货,49034,-873,43947,721,14
2026-08-31,SN,海通期货,49042,-794,43919,539,15
2026-08-31,SN,银河期货,46052,-522,43175,-452,16
2026-08-31,SN,东证期货,46378,-76,39092,254,17
2026-08-31,SN,国泰君安,39227,843,41476,-727,18
2026-08-31,SN,中信期货,43764,-556,35882,-550,19
2026-08-31,SN,永安期货,35165,16,30302,-501,20
2026-09-01,SN,五矿期货,81719,-796,80652,-72,1
2026-09-01,SN,新湖期货,84656,-714,77673,920,2
2026-09-01,SN,宏源期货,82991,362,67530,-442,3
2026-09-01,SN,兴证期货,75455,-27,68934,-814,4
2026-09-01,SN,国投安信,72091,-507,65086,-551,5
2026-09-01,SN,瑞达期货,67041,-822,66339,-290,6
2026-09-01,SN,南华期货,69673,-431,56791,-604,7
2026-09-01,SN,广发期货,66349,-630,52747,-29,8
2026-09-01,SN,招商期货,61822,399,56137,-546,9
2026-09-01,SN,光大期货,56701,-514,54466,900,10
2026-09-01,SN,浙商期货,60400,310,49854,438,11
2026-09-01,SN,方正中期,58333,351,47712,-479,12
2026-09-01,SN,华泰期货,49737,703,44755,808,13
2026-09-01,SN,申银万国,51472,-689,42346,585,14
2026-09-01,SN,海通期货,49637,595,44097,178,15
2026-09-01,SN,银河期货,46150,98,42811,-364,16
2026-09-01,SN,东证期货,46568,190,39768,676,17
2026-09-01,SN,国泰君安,39811,584,42386,910,18
2026-09-01,SN,中信期货,44419,655,35618,-264,19
2026-09-01,SN,永安期货,36154,989,30071,-231,20
2026-09-02,SN,五矿期货,81392,-327,81662,1010,1
2026-09-02,SN,新湖期货,84340,-316,77789,116,2
2026-09-02,SN,宏源期货,82749,-242,67114,-416,3
2026-09-02,SN,兴证期货,75907,452,69609,675,4
2026-09-02,SN,国投安信,71192,-899,64342,-744,5
2026-09-02,SN,瑞达期货,66513,-528,65572,-767,6
2026-09-02,SN,南华期货,69278,-395,56596,-195,7
2026-09-02,SN,广发期货,67282,933,51994,-753,8
2026-09-02,SN,招商期货,62379,557,56143,6,9
2026-09-02,SN,浙商期货,61431,1031,49722,-132,10
2026-09-02,SN,光大期货,56545,-156,54190,-276,11
2026-09-02,SN,方正中期,57658,-675,47413,-299,12
2026-09-02,SN,申银万国,51446,-26,42814,468,13
2026-09-02,SN,华泰期货,48962,-775,44949,194,14
2026-09-02,SN,海通期货,48842,-795,43870,-227,15
2026-09-02,SN,银河期货,45824,-326,42729,-82,16
2026-09-02,SN,东证期货,46660,92,39979,211,17
2026-09-02,SN,国泰君安,40328,517,42089,-297,18
2026-09-02,SN,中信期货,44266,-153,36281,663,19
2026-09-02,SN,永安期货,36208,54,30376,305,20
2026-09-03,SN,五矿期货,80759,-633,82101,439,1
2026-09-03,SN,新湖期货,85256,916,77156,-633,2
2026-09-03,SN,宏源期货,82635,-114,66442,-672,3
2026-09-03,SN,兴证期货,75437,-470,69955,346,4
2026-09-03,SN,国投安信,71623,431,64057,-285,5
2026-09-03,SN,瑞达期货,66374,-139,65209,-363,6
2026-09-03,SN,南华期货,69972,694,56952,356,7
2026-09-03,SN,广发期货,67465,183,52382,388,8
2026-09-03,SN,招商期货,62219,-160,56814,671,9
2026-09-03,SN,浙商期货,62049,618,50530,808,10
2026-09-03,SN,光大期货,56323,-222,54078,-112,11
2026-09-03,SN,方正中期,58523,865,46829,-584,12
2026-09-03,SN,申银万国,50573,-873,43362,548,13
2026-09-03,SN,华泰期货,48260,-702,45469,520,14
2026-09-03,SN,海通期货,49072,230,44597,727,15
2026-09-03,SN,银河期货,45788,-36,42643,-86,16
2026-09-03,SN,东证期货,46503,-157,39437,-542,17
2026-09-03,SN,国泰君安,40064,-264,42325,236,18
2026-09-03,SN,中信期货,44368,102,35889,-392,19
2026-09-03,SN,永安期货,36670,462,29812,-564,20
2026-09-04,SN,五矿期货,81606,847,82983,882,1
2026-09-04,SN,新湖期货,86152,896,77861,705,2
2026-09-04,SN,宏源期货,82252,-383,67417,975,3
2026-09-04,SN,兴证期货,75664,227,70562,607,4
2026-09-04,SN,国投安信,71115,-508,64063,6,5
2026-09-04,SN,瑞达期货,65563,-811,64620,-589,6
2026-09-04,SN,南华期货,69485,-487,57194,242,7
2026-09-04,SN,广发期货,68041,576,51846,-536,8
2026-09-04,SN,招商期货,62290,71,57522,708,9
2026-09-04,SN,浙商期货,61766,-283,51165,635,10
2026-09-04,SN,光大期货,56690,367,53930,-148,11
2026-09-04,SN,方正中期,59551,1028,47098,269,12
2026-09-04,SN,申银万国,50585,12,44407,1045,13
2026-09-04,SN,华泰期货,47755,-505,46062,593,14
2026-09-04,SN,海通期货,48374,-698,43900,-697,15
2026-09-04,SN,银河期货,46818,1030,43213,570,16
2026-09-04,SN,东证期货,47397,894,39057,-380,17
2026-09-04,SN,国泰君安,40485,421,43423,1098,18
2026-09-04,SN,中信期货,43834,-534,35203,-686,19
2026-09-04,SN,永安期货,37410,740,30274,462,20
2026-07-27,AO,五矿期货,80964,428,73761,-139,1
2026-07-27,AO,新湖期货,79579,-663,69544,-848,2
2026-07-27,AO,宏源期货,74844,-470,68099,244,3
2026-07-27,AO,兴证期货,73156,-391,66489,836,4
2026-07-27,AO,国投安信,70946,-795,64177,465,5
2026-07-27,AO,瑞达期货,70691,888,62667,769,6
2026-07-27,AO,广发期货,66358,-628,59276,-297,7
2026-07-27,AO,南华期货,62645,-332,58542,1049,8
2026-07-27,AO,招商期货,61206,-597,54666,959,9
2026-07-27,AO,浙商期货,58307,-820,53739,459,10
2026-07-27,AO,光大期货,54866,-413,50175,-253,11
2026-07-27,AO,方正中期,51279,-807,46991,242,12
2026-07-27,AO,海通期货,49278,-550,44994,-392,13
2026-07-27,AO,申银万国,47613,230,42415,-607,14
2026-07-27,AO,华泰期货,46713,550,39388,-301,15
2026-07-27,AO,东证期货,42887,-329,39281,-164,16
2026-07-27,AO,银河期货,39018,-159,37952,975,17
2026-07-27,AO,国泰君安,37075,295,34246,-240,18
2026-07-27,AO,中信期货,35868,669,32941,705,19
2026-07-27,AO,永安期货,33547,152,29783,261,20
2026-07-28,AO,五矿期货,81258,294,73128,-633,1
2026-07-28,AO,新湖期货,80602,1023,70292,748,2
2026-07-28,AO,宏源期货,75721,877,68842,743,3
2026-07-28,AO,兴证期货,73356,200,66985,496,4
2026-07-28,AO,国投安信,72035,1089,63359,-818,5
2026-07-28,AO,瑞达期货,70152,-539,62341,-326,6
2026-07-28,AO,广发期货,67434,1076,58998,-278,7
2026-07-28,AO,南华期货,62194,-451,59188,646,8
2026-07-28,AO,招商期货,61993,787,54544,-122,9
2026-07-28,AO,浙商期货,59078,771,52910,-829,10
2026-07-28,AO,光大期货,54083,-783,50606,431,11
2026-07-28,AO,方正中期,50982,-297,46805,-186,12
2026-07-28,AO,海通期货,50217,939,45396,402,13
2026-07-28,AO,申银万国,46986,-627,42401,-14,14
2026-07-28,AO,华泰期货,46353,-360,40016,628,15
2026-07-28,AO,东证期货,43917,1030,39635,354,16
2026-07-28,AO,银河期货,40176,1158,38626,674,17
2026-07-28,AO,国泰君安,36959,-116,33646,-600,18
2026-07-28,AO,中信期货,37079,1211,32926,-15,19
2026-07-28,AO,永安期货,34062,515,30252,469,20
2026-07-29,AO,五矿期货,81298,40,72656,-472,1
2026-07-29,AO,新湖期货,80717,115,69813,-479,2
2026-07-29,AO,宏源期货,75802,81,68183,-659,3
2026-07-29,AO,兴证期货,72759,-597,67982,997,4
2026-07-29,AO,国投安信,72023,-12,63263,-96,5
2026-07-29,AO,瑞达期货,70746,594,62978,637,6
2026-07-29,AO,广发期货,67447,13,58622,-376,7
2026-07-29,AO,南华期货,62103,-91,58656,-532,8
2026-07-29,AO,招商期货,62850,857,55235,691,9
2026-07-29,AO,浙商期货,59467,389,53714,804,10
2026-07-29,AO,光大期货,53600,-483,50947,341,11
2026-07-29,AO,方正中期,50746,-236,46505,-300,12
2026-07-29,AO,海通期货,50222,5,44997,-399,13
2026-07-29,AO,申银万国,46508,-478,43223,822,14
2026-07-29,AO,华泰期货,46690,337,40294,278,15
2026-07-29,AO,东证期货,44419,502,40164,529,16
2026-07-29,AO,银河期货,39923,-253,39637,1011,17
2026-07-29,AO,国泰君安,38115,1156,34215,569,18
2026-07-29,AO,中信期货,37708,629,32938,12,19
2026-07-29,AO,永安期货,34761,699,31009,757,20
2026-07-30,AO,五矿期货,81633,335,72010,-646,1
2026-07-30,AO,新湖期货,81471,754,68987,-826,2
2026-07-30,AO,宏源期货,76390,588,68869,686,3
2026-07-30,AO,兴证期货,72937,178,67413,-569,4
2026-07-30,AO,国投安信,71328,-695,63896,633,5
2026-07-30,AO,瑞达期货,71167,421,62952,-26,6
2026-07-30,AO,广发期货,67478,31,59633,1011,7
2026-07-30,AO,南华期货,62076,-27,58308,-348,8
2026-07-30,AO,招商期货,62243,-607,54532,-703,9
2026-07-30,AO,浙商期货,58951,-516,53006,-708,10
2026-07-30,AO,光大期货,54107,507,51341,394,11
2026-07-30,AO,方正中期,51520,774,46462,-43,12
2026-07-30,AO,海通期货,51134,912,44510,-487,13
2026-07-30,AO,申银万国,46243,-265,42706,-517,14
2026-07-30,AO,华泰期货,46367,-323,39487,-807,15
2026-07-30,AO,东证期货,44008,-411,40720,556,16
2026-07-30,AO,银河期货,41074,1151,40360,723,17
2026-07-30,AO,国泰君安,38501,386,34449,234,18
2026-07-30,AO,中信期货,37288,-420,32554,-384,19
2026-07-30,AO,永安期货,35651,890,32005,996,20
2026-07-31,AO,五矿期货,81642,9,72830,820,1
2026-07-31,AO,新湖期货,81723,252,69964,977,2
2026-07-31,AO,宏源期货,76473,83,69574,705,3
2026-07-31,AO,兴证期货,72451,-486,66848,-565,4
2026-07-31,AO,国投安信,71876,548,63220,-676,5
2026-07-31,AO,瑞达期货,70960,-207,63848,896,6
2026-07-31,AO,广发期货,68085,607,60458,825,7
2026-07-31,AO,南华期货,61393,-683,58568,260,8
2026-07-31,AO,招商期货,63304,1061,55303,771,9
2026-07-31,AO,浙商期货,59673,722,52175,-831,10
2026-07-31,AO,光大期货,54435,328,50518,-823,11
2026-07-31,AO,方正中期,52542,1022,46896,434,12
2026-07-31,AO,海通期货,50782,-352,43952,-558,13
2026-07-31,AO,申银万国,46920,677,42027,-679,14
2026-07-31,AO,华泰期货,45737,-630,39145,-342,15
2026-07-31,AO,东证期货,44547,539,40039,-681,16
2026-07-31,AO,银河期货,41857,783,41290,930,17
2026-07-31,AO,国泰君安,39413,912,33706,-743,18
2026-07-31,AO,中信期货,36550,-738,32009,-545,19
2026-07-31,AO,永安期货,35644,-7,32021,16,20
2026-08-03,AO,五矿期货,82542,900,73381,551,1
2026-08-03,AO,新湖期货,81285,-438,71001,1037,2
2026-08-03,AO,宏源期货,76915,442,69311,-263,3
2026-08-03,AO,兴证期货,71852,-599,66721,-127,4
2026-08-03,AO,国投安信,71850,-26,63159,-61,5
2026-08-03,AO,瑞达期货,70109,-851,63462,-386,6
2026-08-03,AO,广发期货,69053,968,60067,-391,7
2026-08-03,AO,招商期货,64117,813,55303,0,8
2026-08-03,AO,南华期货,60783,-610,57720,-848,9
2026-08-03,AO,浙商期货,59820,147,53140,965,10
2026-08-03,AO,光大期货,54142,-293,49878,-640,11
2026-08-03,AO,方正中期,51852,-690,47161,265,12
2026-08-03,AO,海通期货,51571,789,43193,-759,13
2026-08-03,AO,申银万国,46272,-648,41220,-807,14
2026-08-03,AO,华泰期货,46122,385,39408,263,15
2026-08-03,AO,东证期货,45184,637,39816,-223,16
2026-08-03,AO,银河期货,41191,-666,41633,343,17
2026-08-03,AO,国泰君安,38949,-464,33435,-271,18
2026-08-03,AO,中信期货,36449,-101,32219,210,19
2026-08-03,AO,永安期货,35198,-446,31880,-141,20
2026-08-04,AO,五矿期货,83008,466,73938,557,1
2026-08-04,AO,新湖期货,80692,-593,71980,979,2
2026-08-04,AO,宏源期货,77406,491,69331,20,3
2026-08-04,AO,兴证期货,72180,328,66242,-479,4
2026-08-04,AO,国投安信,72036,186,62994,-165,5
2026-08-04,AO,瑞达期货,69573,-536,63489,27,6
2026-08-04,AO,广发期货,69391,338,59526,-541,7
2026-08-04,AO,招商期货,65100,983,54626,-677,8
2026-08-04,AO,南华期货,61717,934,56958,-762,9
2026-08-04,AO,浙商期货,60810,990,54183,1043,10
2026-08-04,AO,光大期货,53484,-658,49766,-112,11
2026-08-04,AO,方正中期,52212,360,46994,-167,12
2026-08-04,AO,海通期货,51402,-169,42499,-694,13
2026-08-04,AO,申银万国,47330,1058,40947,-273,14
2026-08-04,AO,华泰期货,45681,-441,38766,-642,15
2026-08-04,AO,东证期货,44751,-433,39271,-545,16
2026-08-04,AO,银河期货,40641,-550,41870,237,17
2026-08-04,AO,国泰君安,39854,905,34511,1076,18
2026-08-04,AO,中信期货,37479,1030,32913,694,19
2026-08-04,AO,永安期货,35205,7,32516,636,20
2026-08-05,AO,五矿期货,82339,-669,74271,333,1
2026-08-05,AO,新湖期货,81460,768,71267,-713,2
2026-08-05,AO,宏源期货,78505,1099,69460,129,3
2026-08-05,AO,兴证期货,72911,731,67000,758,4
2026-08-05,AO,国投安信,72050,14,63621,627,5
2026-08-05,AO,瑞达期货,68975,-598,63438,-51,6
2026-08-05,AO,广发期货,68791,-600,59331,-195,7
2026-08-05,AO,招商期货,66110,1010,54080,-546,8
2026-08-05,AO,南华期货,62409,692,57451,493,9
2026-08-05,AO,浙商期货,59914,-896,55097,914,10
2026-08-05,AO,光大期货,52740,-744,50531,765,11
2026-08-05,AO,方正中期,52768,556,47779,785,12
2026-08-05,AO,海通期货,52162,760,43506,1007,13
2026-08-05,AO,申银万国,48340,1010,40640,-307,14
2026-08-05,AO,东证期货,45847,1096,39523,252,15
2026-08-05,AO,华泰期货,46136,455,38671,-95,16
2026-08-05,AO,银河期货,40073,-568,41655,-215,17
2026-08-05,AO,国泰君安,39787,-67,35533,1022,18
2026-08-05,AO,中信期货,38373,894,32730,-183,19
2026-08-05,AO,永安期货,35042,-163,33025,509,20
2026-08-06,AO,五矿期货,81910,-429,74208,-63,1
2026-08-06,AO,新湖期货,81658,198,72099,832,2
2026-08-06,AO,宏源期货,78613,108,69700,240,3
2026-08-06,AO,兴证期货,73114,203,67243,243,4
2026-08-06,AO,国投安信,72275,225,63789,168,5
2026-08-06,AO,瑞达期货,68859,-116,63445,7,6
2026-08-06,AO,广发期货,69778,987,58984,-347,7
2026-08-06,AO,南华期货,63442,1033,57940,489,8
2026-08-06,AO,招商期货,65493,-617,54872,792,9
2026-08-06,AO,浙商期货,60317,403,54929,-168,10
2026-08-06,AO,光大期货,53072,332,51306,775,11
2026-08-06,AO,方正中期,53860,1092,47776,-3,12
2026-08-06,AO,海通期货,52247,85,44076,570,13
2026-08-06,AO,申银万国,48452,112,40658,18,14
2026-08-06,AO,东证期货,46638,791,39541,18,15
2026-08-06,AO,华泰期货,45958,-178,38474,-197,16
2026-08-06,AO,银河期货,39554,-519,41257,-398,17
2026-08-06,AO,国泰君安,39192,-595,35424,-109,18
2026-08-06,AO,中信期货,38163,-210,32256,-474,19
2026-08-06,AO,永安期货,35137,95,33743,718,20
2026-08-07,AO,五矿期货,81305,-605,75068,860,1
2026-08-07,AO,新湖期货,81361,-297,72191,92,2
2026-08-07,AO,宏源期货,79390,777,69135,-565,3
2026-08-07,AO,兴证期货,73989,875,67987,744,4
2026-08-07,AO,国投安信,73113,838,64678,889,5
2026-08-07,AO,瑞达期货,68674,-185,63334,-111,6
2026-08-07,AO,广发期货,69000,-778,60000,1016,7
2026-08-07,AO,南华期货,64428,986,57315,-625,8
2026-08-07,AO,招商期货,66554,1061,54295,-577,9
2026-08-07,AO,浙商期货,60560,243,55049,120,10
2026-08-07,AO,光大期货,52207,-865,51198,-108,11
2026-08-07,AO,方正中期,53376,-484,48668,892,12
2026-08-07,AO,海通期货,52087,-160,43231,-845,13
2026-08-07,AO,申银万国,47730,-722,40289,-369,14
2026-08-07,AO,东证期货,47519,881,40303,762,15
2026-08-07,AO,华泰期货,45507,-451,39063,589,16
2026-08-07,AO,银河期货,40364,810,41907,650,17
2026-08-07,AO,国泰君安,39491,299,35837,413,18
2026-08-07,AO,中信期货,38847,684,32349,93,19
2026-08-07,AO,永安期货,34528,-609,34162,419,20
2026-08-10,AO,五矿期货,80566,-739,74719,-349,1
2026-08-10,AO,新湖期货,81209,-152,71630,-561,2
2026-08-10,AO,宏源期货,78551,-839,68585,-550,3
2026-08-10,AO,兴证期货,74871,882,67460,-527,4
2026-08-10,AO,国投安信,73928,815,65044,366,5
2026-08-10,AO,瑞达期货,67925,-749,63460,126,6
2026-08-10,AO,广发期货,69457,457,60341,341,7
2026-08-10,AO,南华期货,64964,536,56682,-633,8
2026-08-10,AO,招商期货,66415,-139,53555,-740,9
2026-08-10,AO,浙商期货,61636,1076,55068,19,10
2026-08-10,AO,光大期货,51360,-847,51773,575,11
2026-08-10,AO,方正中期,53249,-127,49319,651,12
2026-08-10,AO,海通期货,52628,541,42674,-557,13
2026-08-10,AO,申银万国,47070,-660,40863,574,14
2026-08-10,AO,东证期货,47198,-321,39647,-656,15
2026-08-10,AO,华泰期货,46136,629,38495,-568,16
2026-08-10,AO,银河期货,40015,-349,42832,925,17
2026-08-10,AO,国泰君安,39573,82,35563,-274,18
2026-08-10,AO,中信期货,40057,1210,33448,1099,19
2026-08-10,AO,永安期货,35495,967,34521,359,20
2026-08-11,AO,五矿期货,80477,-89,75574,855,1
2026-08-11,AO,新湖期货,80637,-572,70802,-828,2
2026-08-11,AO,宏源期货,78006,-545,68765,180,3
2026-08-11,AO,兴证期货,75208,337,68148,688,4
2026-08-11,AO,国投安信,74343,415,64259,-785,5
2026-08-11,AO,瑞达期货,67147,-778,64414,954,6
2026-08-11,AO,广发期货,68784,-673,59810,-531,7
2026-08-11,AO,招商期货,66835,420,54128,573,8
2026-08-11,AO,南华期货,64091,-873,56419,-263,9
2026-08-11,AO,浙商期货,61645,9,55818,750,10
2026-08-11,AO,光大期货,51939,579,51613,-160,11
2026-08-11,AO,方正中期,53311,62,49311,-8,12
2026-08-11,AO,海通期货,53158,530,42437,-237,13
2026-08-11,AO,申银万国,47702,632,41093,230,14
2026-08-11,AO,东证期货,46791,-407,39839,192,15
2026-08-11,AO,华泰期货,46758,622,37931,-564,16
2026-08-11,AO,银河期货,39541,-474,43629,797,17
2026-08-11,AO,国泰君安,40459,886,35645,82,18
2026-08-11,AO,中信期货,40442,385,34380,932,19
2026-08-11,AO,永安期货,34872,-623,33776,-745,20
2026-08-12,AO,五矿期货,79735,-742,76396,822,1
2026-08-12,AO,新湖期货,80976,339,71675,873,2
2026-08-12,AO,宏源期货,79104,1098,69060,295,3
2026-08-12,AO,兴证期货,75992,784,68825,677,4
2026-08-12,AO,国投安信,74246,-97,63785,-474,5
2026-08-12,AO,瑞达期货,66361,-786,64012,-402,6
2026-08-12,AO,广发期货,68704,-80,60227,417,7
2026-08-12,AO,招商期货,67882,1047,53534,-594,8
2026-08-12,AO,南华期货,64712,621,56002,-417,9
2026-08-12,AO,浙商期货,61813,168,55741,-77,10
2026-08-12,AO,方正中期,54318,1007,48782,-529,11
2026-08-12,AO,光大期货,51595,-344,50951,-662,12
2026-08-12,AO,海通期货,52723,-435,42454,17,13
2026-08-12,AO,申银万国,47428,-274,41695,602,14
2026-08-12,AO,东证期货,46539,-252,40951,1112,15
2026-08-12,AO,华泰期货,47029,271,38108,177,16
2026-08-12,AO,银河期货,40217,676,44557,928,17
2026-08-12,AO,中信期货,41603,1161,35403,1023,18
2026-08-12,AO,国泰君安,40609,150,36009,364,19
2026-08-12,AO,永安期货,34959,87,34398,622,20
2026-08-13,AO,五矿期货,79219,-516,76675,279,1
2026-08-13,AO,新湖期货,81939,963,71458,-217,2
2026-08-13,AO,宏源期货,78226,-878,69759,699,3
2026-08-13,AO,兴证期货,75525,-467,69197,372,4
2026-08-13,AO,国投安信,73564,-682,63068,-717,5
2026-08-13,AO,瑞达期货,65794,-567,64271,259,6
2026-08-13,AO,广发期货,68294,-410,59954,-273,7
2026-08-13,AO,招商期货,68576,694,54417,883,8
2026-08-13,AO,南华期货,64499,-213,55209,-793,9
2026-08-13,AO,浙商期货,61655,-158,56126,385,10
2026-08-13,AO,方正中期,53970,-348,48154,-628,11
2026-08-13,AO,光大期货,50908,-687,50260,-691,12
2026-08-13,AO,海通期货,52691,-32,42002,-452,13
2026-08-13,AO,申银万国,47288,-140,42169,474,14
2026-08-13,AO,东证期货,46538,-1,40518,-433,15
2026-08-13,AO,银河期货,40266,49,45481,924,16
2026-08-13,AO,华泰期货,46240,-789,38903,795,17
2026-08-13,AO,国泰君安,41165,556,36553,544,18
2026-08-13,AO,中信期货,41800,197,35274,-129,19
2026-08-13,AO,永安期货,35597,638,34587,189,20
2026-08-14,AO,五矿期货,79837,618,76856,181,1
2026-08-14,AO,新湖期货,81873,-66,72444,986,2
2026-08-14,AO,宏源期货,77525,-701,69587,-172,3
2026-08-14,AO,兴证期货,76064,539,69728,531,4
2026-08-14,AO,国投安信,73392,-172,62483,-585,5
2026-08-14,AO,瑞达期货,65694,-100,64907,636,6
2026-08-14,AO,广发期货,68038,-256,60643,689,7
2026-08-14,AO,招商期货,69639,1063,54382,-35,8
2026-08-14,AO,南华期货,64623,124,54758,-451,9
2026-08-14,AO,浙商期货,62294,639,55854,-272,10
2026-08-14,AO,方正中期,53260,-710,47936,-218,11
2026-08-14,AO,光大期货,50025,-883,50140,-120,12
2026-08-14,AO,海通期货,51889,-802,41796,-206,13
2026-08-14,AO,申银万国,47378,90,41412,-757,14
2026-08-14,AO,东证期货,46914,376,39839,-679,15
2026-08-14,AO,华泰期货,46494,254,39671,768,16
2026-08-14,AO,银河期货,39660,-606,45878,397,17
2026-08-14,AO,中信期货,42923,1123,34570,-704,18
2026-08-14,AO,国泰君安,40877,-288,36334,-219,19
2026-08-14,AO,永安期货,35230,-367,35124,537,20
2026-08-17,AO,五矿期货,80183,346,77340,484,1
2026-08-17,AO,新湖期货,82030,157,73086,642,2
2026-08-17,AO,宏源期货,78598,1073,69764,177,3
2026-08-17,AO,兴证期货,76635,571,69207,-521,4
2026-08-17,AO,国投安信,72780,-612,63207,724,5
2026-08-17,AO,瑞达期货,66189,495,65396,489,6
2026-08-17,AO,广发期货,67579,-459,61446,803,7
2026-08-17,AO,招商期货,68930,-709,55003,621,8
2026-08-17,AO,南华期货,64197,-426,55719,961,9
2026-08-17,AO,浙商期货,63206,912,56285,431,10
2026-08-17,AO,方正中期,52670,-590,48483,547,11
2026-08-17,AO,光大期货,50073,48,49451,-689,12
2026-08-17,AO,海通期货,51583,-306,41276,-520,13
2026-08-17,AO,申银万国,48222,844,40638,-774,14
2026-08-17,AO,华泰期货,46794,300,40600,929,15
2026-08-17,AO,东证期货,46916,2,40045,206,16
2026-08-17,AO,银河期货,40082,422,46738,860,17
2026-08-17,AO,中信期货,43796,873,35387,817,18
2026-08-17,AO,国泰君安,40404,-473,35612,-722,19
2026-08-17,AO,永安期货,34656,-574,35382,258,20
2026-08-18,AO,五矿期货,80883,700,78323,983,1
2026-08-18,AO,新湖期货,83114,1084,73869,783,2
2026-08-18,AO,宏源期货,78818,220,70690,926,3
2026-08-18,AO,兴证期货,77517,882,68990,-217,4
2026-08-18,AO,国投安信,72172,-608,63926,719,5
2026-08-18,AO,瑞达期货,66937,748,64576,-820,6
2026-08-18,AO,广发期货,67697,118,60795,-651,7
2026-08-18,AO,招商期货,68183,-747,54465,-538,8
2026-08-18,AO,南华期货,64458,261,56154,435,9
2026-08-18,AO,浙商期货,63556,350,56677,392,10
2026-08-18,AO,方正中期,53168,498,48426,-57,11
2026-08-18,AO,光大期货,49662,-411,49028,-423,12
2026-08-18,AO,海通期货,52142,559,42011,735,13
2026-08-18,AO,申银万国,47403,-819,41612,974,14
2026-08-18,AO,华泰期货,47646,852,40632,32,15
2026-08-18,AO,东证期货,46873,-43,40551,506,16
2026-08-18,AO,银河期货,39996,-86,46563,-175,17
2026-08-18,AO,中信期货,43715,-81,35533,146,18
2026-08-18,AO,国泰君安,41232,828,35110,-502,19
2026-08-18,AO,永安期货,34947,291,36186,804,20
2026-08-19,AO,五矿期货,80820,-63,79228,905,1
2026-08-19,AO,新湖期货,82801,-313,73840,-29,2
2026-08-19,AO,宏源期货,78662,-156,71599,909,3
2026-08-19,AO,兴证期货,77616,99,68221,-769,4
2026-08-19,AO,国投安信,73262,1090,64240,314,5
2026-08-19,AO,瑞达期货,66324,-613,63979,-597,6
2026-08-19,AO,广发期货,68128,431,61837,1042,7
2026-08-19,AO,招商期货,67807,-376,55177,712,8
2026-08-19,AO,南华期货,65353,895,56209,55,9
2026-08-19,AO,浙商期货,63184,-372,56796,119,10
2026-08-19,AO,方正中期,52634,-534,49031,605,11
2026-08-19,AO,光大期货,50342,680,49121,93,12
2026-08-19,AO,海通期货,51424,-718,41306,-705,13
2026-08-19,AO,申银万国,47247,-156,41485,-127,14
2026-08-19,AO,华泰期货,47319,-327,40962,330,15
2026-08-19,AO,银河期货,41128,1132,46398,-165,16
2026-08-19,AO,东证期货,46423,-450,39920,-631,17
2026-08-19,AO,中信期货,43127,-588,35694,161,18
2026-08-19,AO,国泰君安,41094,-138,34687,-423,19
2026-08-19,AO,永安期货,34345,-602,36437,251,20
2026-08-20,AO,五矿期货,80737,-83,80126,898,1
2026-08-20,AO,新湖期货,82225,-576,74157,317,2
2026-08-20,AO,宏源期货,78357,-305,71518,-81,3
2026-08-20,AO,兴证期货,78463,847,67586,-635,4
2026-08-20,AO,国投安信,72378,-884,63706,-534,5
2026-08-20,AO,瑞达期货,67105,781,64277,298,6
2026-08-20,AO,广发期货,67729,-399,62420,583,7
2026-08-20,AO,南华期货,65970,617,56978,769,8
2026-08-20,AO,招商期货,68225,418,54443,-734,9
2026-08-20,AO,浙商期货,62371,-813,57217,421,10
2026-08-20,AO,方正中期,52272,-362,49977,946,11
2026-08-20,AO,光大期货,51235,893,49668,547,12
2026-08-20,AO,海通期货,51560,136,41377,71,13
2026-08-20,AO,申银万国,47744,497,41481,-4,14
2026-08-20,AO,银河期货,41397,269,47358,960,15
2026-08-20,AO,华泰期货,47184,-135,40282,-680,16
2026-08-20,AO,东证期货,46922,499,39792,-128,17
2026-08-20,AO,中信期货,43740,613,35188,-506,18
2026-08-20,AO,国泰君安,41216,122,34668,-19,19
2026-08-20,AO,永安期货,34834,489,37545,1108,20
2026-08-21,AO,五矿期货,80407,-330,80206,80,1
2026-08-21,AO,新湖期货,82300,75,73541,-616,2
2026-08-21,AO,宏源期货,78895,538,72186,668,3
2026-08-21,AO,兴证期货,78558,95,67171,-415,4
2026-08-21,AO,国投安信,72179,-199,64093,387,5
2026-08-21,AO,瑞达期货,66337,-768,64076,-201,6
2026-08-21,AO,广发期货,67651,-78,62243,-177,7
2026-08-21,AO,招商期货,68137,-88,55166,723,8
2026-08-21,AO,南华期货,65957,-13,56536,-442,9
2026-08-21,AO,浙商期货,63349,978,58256,1039,10
2026-08-21,AO,方正中期,51547,-725,49496,-481,11
2026-08-21,AO,光大期货,51833,598,49039,-629,12
2026-08-21,AO,海通期货,51612,52,40750,-627,13
2026-08-21,AO,申银万国,48687,943,42306,825,14
2026-08-21,AO,华泰期货,47599,415,40527,245,15
2026-08-21,AO,银河期货,40808,-589,47302,-56,16
2026-08-21,AO,东证期货,47096,174,39981,189,17
2026-08-21,AO,中信期货,43755,15,36208,1020,18
2026-08-21,AO,国泰君安,41382,166,35268,600,19
2026-08-21,AO,永安期货,34203,-631,37231,-314,20
2026-08-24,AO,五矿期货,80117,-290,81145,939,1
2026-08-24,AO,新湖期货,82229,-71,72858,-683,2
2026-08-24,AO,宏源期货,78136,-759,71896,-290,3
2026-08-24,AO,兴证期货,77829,-729,66611,-560,4
2026-08-24,AO,国投安信,72580,401,63603,-490,5
2026-08-24,AO,广发期货,68151,500,62259,16,6
2026-08-24,AO,瑞达期货,65989,-348,63742,-334,7
2026-08-24,AO,招商期货,67670,-467,56093,927,8
2026-08-24,AO,南华期货,65103,-854,57239,703,9
2026-08-24,AO,浙商期货,62886,-463,57516,-740,10
2026-08-24,AO,方正中期,51387,-160,50263,767,11
2026-08-24,AO,光大期货,51813,-20,49158,119,12
2026-08-24,AO,海通期货,52629,1017,41555,805,13
2026-08-24,AO,申银万国,48565,-122,41583,-723,14
2026-08-24,AO,华泰期货,47930,331,41262,735,15
2026-08-24,AO,银河期货,40465,-343,47187,-115,16
2026-08-24,AO,东证期货,47479,383,39275,-706,17
2026-08-24,AO,中信期货,43293,-462,36400,192,18
2026-08-24,AO,国泰君安,40900,-482,35809,541,19
2026-08-24,AO,永安期货,33501,-702,37577,346,20
2026-08-25,AO,五矿期货,80902,785,80315,-830,1
2026-08-25,AO,新湖期货,82497,268,72804,-54,2
2026-08-25,AO,宏源期货,79105,969,72465,569,3
2026-08-25,AO,兴证期货,77823,-6,66487,-124,4
2026-08-25,AO,国投安信,73657,1077,64179,576,5
2026-08-25,AO,广发期货,68347,196,62819,560,6
2026-08-25,AO,瑞达期货,66694,705,63221,-521,7
2026-08-25,AO,招商期货,68699,1029,56101,8,8
2026-08-25,AO,南华期货,65189,86,57362,123,9
2026-08-25,AO,浙商期货,62392,-494,57381,-135,10
2026-08-25,AO,方正中期,51187,-200,50955,692,11
2026-08-25,AO,光大期货,51521,-292,48644,-514,12
2026-08-25,AO,海通期货,53575,946,41582,27,13
2026-08-25,AO,申银万国,47854,-711,42565,982,14
2026-08-25,AO,银河期货,41056,591,48246,1059,15
2026-08-25,AO,华泰期货,48730,800,40522,-740,16
2026-08-25,AO,东证期货,47230,-249,38881,-394,17
2026-08-25,AO,中信期货,44297,1004,36489,89,18
2026-08-25,AO,国泰君安,41194,294,35477,-332,19
2026-08-25,AO,永安期货,34179,678,37731,154,20
2026-08-26,AO,五矿期货,81933,1031,81169,854,1
2026-08-26,AO,新湖期货,81604,-893,72876,72,2
2026-08-26,AO,宏源期货,79271,166,73094,629,3
2026-08-26,AO,兴证期货,77755,-68,66175,-312,4
2026-08-26,AO,国投安信,74379,722,64709,530,5
2026-08-26,AO,广发期货,68469,122,63739,920,6
2026-08-26,AO,瑞达期货,66442,-252,62603,-618,7
2026-08-26,AO,招商期货,68107,-592,57087,986,8
2026-08-26,AO,南华期货,65228,39,56814,-548,9
2026-08-26,AO,浙商期货,62140,-252,56560,-821,10
2026-08-26,AO,方正中期,51808,621,51795,840,11
2026-08-26,AO,光大期货,52129,608,49295,651,12
2026-08-26,AO,海通期货,54598,1023,42235,653,13
2026-08-26,AO,申银万国,48314,460,43401,836,14
2026-08-26,AO,银河期货,41756,700,48843,597,15
2026-08-26,AO,华泰期货,48126,-604,40335,-187,16
2026-08-26,AO,东证期货,47634,404,39373,492,17
2026-08-26,AO,中信期货,45347,1050,36941,452,18
2026-08-26,AO,国泰君安,40820,-374,34866,-611,19
2026-08-26,AO,永安期货,34547,368,38564,833,20
2026-08-27,AO,五矿期货,82055,122,81647,478,1
2026-08-27,AO,新湖期货,80959,-645,73458,582,2
2026-08-27,AO,宏源期货,80048,777,74021,927,3
2026-08-27,AO,兴证期货,77483,-272,66353,178,4
2026-08-27,AO,国投安信,74097,-282,65695,986,5
2026-08-27,AO,广发期货,68327,-142,64555,816,6
2026-08-27,AO,瑞达期货,66287,-155,61786,-817,7
2026-08-27,AO,招商期货,69197,1090,57628,541,8
2026-08-27,AO,南华期货,65509,281,55993,-821,9
2026-08-27,AO,浙商期货,61669,-471,56101,-459,10
2026-08-27,AO,方正中期,52138,330,51718,-77,11
2026-08-27,AO,光大期货,51671,-458,49157,-138,12
2026-08-27,AO,海通期货,55283,685,41725,-510,13
2026-08-27,AO,申银万国,48840,526,43669,268,14
2026-08-27,AO,银河期货,41175,-581,48147,-696,15
2026-08-27,AO,华泰期货,47610,-516,40345,10,16
2026-08-27,AO,东证期货,47301,-333,40130,757,17
2026-08-27,AO,中信期货,45866,519,37091,150,18
2026-08-27,AO,国泰君安,41348,528,35280,414,19
2026-08-27,AO,永安期货,35522,975,38051,-513,20
2026-08-28,AO,五矿期货,81358,-697,80976,-671,1
2026-08-28,AO,新湖期货,81914,955,74363,905,2
2026-08-28,AO,宏源期货,81068,1020,75065,1044,3
2026-08-28,AO,兴证期货,78020,537,66773,420,4
2026-08-28,AO,国投安信,74495,398,65425,-270,5
2026-08-28,AO,广发期货,68777,450,65115,560,6
2026-08-28,AO,瑞达期货,66780,493,61831,45,7
2026-08-28,AO,招商期货,69189,-8,57559,-69,8
2026-08-28,AO,南华期货,65192,-317,56873,880,9
2026-08-28,AO,浙商期货,61102,-567,56362,261,10
2026-08-28,AO,方正中期,52002,-136,51230,-488,11
2026-08-28,AO,光大期货,51903,232,49525,368,12
2026-08-28,AO,海通期货,55322,39,41752,27,13
2026-08-28,AO,申银万国,49837,997,43179,-490,14
2026-08-28,AO,银河期货,41505,330,48249,102,15
2026-08-28,AO,东证期货,47592,291,40926,796,16
2026-08-28,AO,华泰期货,47397,-213,39727,-618,17
2026-08-28,AO,中信期货,45926,60,37041,-50,18
2026-08-28,AO,国泰君安,41289,-59,36206,926,19
2026-08-28,AO,永安期货,35675,153,38128,77,20
2026-08-31,AO,五矿期货,81176,-182,81751,775,1
2026-08-31,AO,宏源期货,81921,853,75176,111,2
2026-08-31,AO,新湖期货,82960,1046,73767,-596,3
2026-08-31,AO,兴证期货,77354,-666,66323,-450,4
2026-08-31,AO,国投安信,74724,229,65355,-70,5
2026-08-31,AO,广发期货,68310,-467,64721,-394,6
2026-08-31,AO,瑞达期货,67471,691,61912,81,7
2026-08-31,AO,招商期货,69656,467,57302,-257,8
2026-08-31,AO,南华期货,66036,844,56884,11,9
2026-08-31,AO,浙商期货,61852,750,55578,-784,10
2026-08-31,AO,方正中期,52399,397,51289,59,11
2026-08-31,AO,光大期货,52033,130,49865,340,12
2026-08-31,AO,海通期货,55537,215,41106,-646,13
2026-08-31,AO,申银万国,50214,377,44227,1048,14
2026-08-31,AO,银河期货,41987,482,48321,72,15
2026-08-31,AO,华泰期货,48032,635,40416,689,16
2026-08-31,AO,东证期货,47024,-568,41172,246,17
2026-08-31,AO,中信期货,45358,-568,36454,-587,18
2026-08-31,AO,国泰君安,41839,550,35469,-737,19
2026-08-31,AO,永安期货,36545,870,39072,944,20
2026-09-01,AO,五矿期货,81997,821,82573,822,1
2026-09-01,AO,新湖期货,83678,718,73683,-84,2
2026-09-01,AO,宏源期货,81074,-847,74640,-536,3
2026-09-01,AO,兴证期货,76520,-834,65504,-819,4
2026-09-01,AO,国投安信,75685,961,65354,-1,5
2026-09-01,AO,广发期货,68788,478,64365,-356,6
2026-09-01,AO,瑞达期货,66579,-892,62905,993,7
2026-09-01,AO,招商期货,70604,948,58080,778,8
2026-09-01,AO,南华期货,66998,962,56883,-1,9
2026-09-01,AO,浙商期货,61581,-271,56445,867,10
2026-09-01,AO,方正中期,52047,-352,52240,951,11
2026-09-01,AO,光大期货,52481,448,49556,-309,12
2026-09-01,AO,海通期货,55676,139,40836,-270,13
2026-09-01,AO,申银万国,50915,701,43835,-392,14
2026-09-01,AO,银河期货,42648,661,49157,836,15
2026-09-01,AO,东证期货,47761,737,41212,40,16
2026-09-01,AO,华泰期货,47147,-885,40333,-83,17
2026-09-01,AO,中信期货,45423,65,37543,1089,18
2026-09-01,AO,国泰君安,42739,900,36019,550,19
2026-09-01,AO,永安期货,37636,1091,39252,180,20
2026-09-02,AO,五矿期货,82129,132,81965,-608,1
2026-09-02,AO,新湖期货,84418,740,73091,-592,2
2026-09-02,AO,宏源期货,80377,-697,75244,604,3
2026-09-02,AO,兴证期货,76515,-5,65127,-377,4
2026-09-02,AO,国投安信,75844,159,64828,-526,5
2026-09-02,AO,广发期货,68243,-545,64340,-25,6
2026-09-02,AO,瑞达期货,67530,951,62706,-199,7
2026-09-02,AO,招商期货,71627,1023,58533,453,8
2026-09-02,AO,南华期货,66897,-101,57524,641,9
2026-09-02,AO,浙商期货,61559,-22,55858,-587,10
2026-09-02,AO,方正中期,52843,796,51495,-745,11
2026-09-02,AO,光大期货,53222,741,49889,333,12
2026-09-02,AO,海通期货,56095,419,40791,-45,13
2026-09-02,AO,申银万国,50409,-506,44247,412,14
2026-09-02,AO,银河期货,42217,-431,49558,401,15
2026-09-02,AO,东证期货,47861,100,40937,-275,16
2026-09-02,AO,华泰期货,47385,238,40284,-49,17
2026-09-02,AO,中信期货,46161,738,38001,458,18
2026-09-02,AO,国泰君安,42609,-130,35935,-84,19
2026-09-02,AO,永安期货,37918,282,40161,909,20
2026-09-03,AO,五矿期货,82522,393,82707,742,1
2026-09-03,AO,新湖期货,84447,29,73540,449,2
2026-09-03,AO,宏源期货,80980,603,74661,-583,3
2026-09-03,AO,兴证期货,75666,-849,65797,670,4
2026-09-03,AO,国投安信,76115,271,64761,-67,5
2026-09-03,AO,广发期货,68792,549,64603,263,6
2026-09-03,AO,瑞达期货,68515,985,62017,-689,7
2026-09-03,AO,招商期货,71942,315,57996,-537,8
2026-09-03,AO,南华期货,66053,-844,57939,415,9
2026-09-03,AO,浙商期货,61946,387,56585,727,10
2026-09-03,AO,方正中期,52134,-709,50697,-798,11
2026-09-03,AO,光大期货,53217,-5,49062,-827,12
2026-09-03,AO,海通期货,55612,-483,40131,-660,13
2026-09-03,AO,申银万国,51451,1042,44057,-190,14
2026-09-03,AO,银河期货,42721,504,50665,1107,15
2026-09-03,AO,东证期货,47613,-248,41881,944,16
2026-09-03,AO,华泰期货,47617,232,39759,-525,17
2026-09-03,AO,中信期货,46987,826,38033,32,18
2026-09-03,AO,国泰君安,43555,946,36725,790,19
2026-09-03,AO,永安期货,38431,513,40572,411,20
2026-09-04,AO,五矿期货,82158,-364,83689,982,1
2026-09-04,AO,新湖期货,83837,-610,73268,-272,2
2026-09-04,AO,宏源期货,80331,-649,74030,-631,3
2026-09-04,AO,兴证期货,76664,998,66167,370,4
2026-09-04,AO,国投安信,75442,-673,64851,90,5
2026-09-04,AO,广发期货,69199,407,64939,336,6
2026-09-04,AO,瑞达期货,69390,875,61378,-639,7
2026-09-04,AO,招商期货,72956,1014,57440,-556,8
2026-09-04,AO,南华期货,66437,384,57136,-803,9
2026-09-04,AO,浙商期货,61609,-337,55904,-681,10
2026-09-04,AO,方正中期,52811,677,50380,-317,11
2026-09-04,AO,光大期货,53667,450,48317,-745,12
2026-09-04,AO,申银万国,52148,697,44859,802,13
2026-09-04,AO,海通期货,56321,709,40055,-76,14
2026-09-04,AO,银河期货,42549,-172,50291,-374,15
2026-09-04,AO,东证期货,47929,316,42832,951,16
2026-09-04,AO,华泰期货,47219,-398,40396,637,17
2026-09-04,AO,中信期货,46697,-290,38599,566,18
2026-09-04,AO,国泰君安,44613,1058,36409,-316,19
2026-09-04,AO,永安期货,38384,-47,40184,-388,20
2026-07-27,A,五矿期货,83207,-388,72198,-496,1
2026-07-27,A,新湖期货,80577,988,69966,-455,2
2026-07-27,A,宏源期货,77391,149,68467,-31,3
2026-07-27,A,兴证期货,74363,115,67880,43,4
2026-07-27,A,国投安信,73864,626,64226,806,5
2026-07-27,A,瑞达期货,69522,-298,63188,106,6
2026-07-27,A,广发期货,66509,229,60689,485,7
2026-07-27,A,南华期货,65336,-187,57228,600,8
2026-07-27,A,招商期货,61693,1052,54269,-662,9
2026-07-27,A,浙商期货,58822,86,52681,-442,10
2026-07-27,A,光大期货,56894,-352,49969,-290,11
2026-07-27,A,方正中期,54853,516,47993,-591,12
2026-07-27,A,海通期货,50331,-730,47359,640,13
2026-07-27,A,申银万国,48975,-617,42612,-400,14
2026-07-27,A,华泰期货,45854,-840,40521,-180,15
2026-07-27,A,东证期货,45471,1060,37863,-326,16
2026-07-27,A,银河期货,41367,-33,35677,-535,17
2026-07-27,A,国泰君安,38342,-338,35356,1005,18
2026-07-27,A,中信期货,35694,778,32766,-458,19
2026-07-27,A,永安期货,33019,280,29558,278,20
2026-07-28,A,五矿期货,83602,395,73026,828,1
2026-07-28,A,新湖期货,80442,-135,70954,988,2
2026-07-28,A,宏源期货,77652,261,68339,-128,3
2026-07-28,A,兴证期货,74342,-21,67439,-441,4
2026-07-28,A,国投安信,74207,343,64160,-66,5
2026-07-28,A,瑞达期货,69897,375,62558,-630,6
2026-07-28,A,广发期货,67279,770,60491,-198,7
2026-07-28,A,南华期货,65966,630,56934,-294,8
2026-07-28,A,招商期货,61660,-33,54640,371,9
2026-07-28,A,浙商期货,59730,908,52744,63,10
2026-07-28,A,光大期货,56993,99,50006,37,11
2026-07-28,A,方正中期,54374,-479,48621,628,12
2026-07-28,A,海通期货,49770,-561,48135,776,13
2026-07-28,A,申银万国,49278,303,42400,-212,14
2026-07-28,A,华泰期货,46578,724,41240,719,15
2026-07-28,A,东证期货,44901,-570,38288,425,16
2026-07-28,A,银河期货,42556,1189,35711,34,17
2026-07-28,A,国泰君安,39031,689,35161,-195,18
2026-07-28,A,中信期货,36646,952,33813,1047,19
2026-07-28,A,永安期货,32644,-375,30195,637,20
2026-07-29,A,五矿期货,83354,-248,73585,559,1
2026-07-29,A,新湖期货,79792,-650,70123,-831,2
2026-07-29,A,宏源期货,78348,696,68132,-207,3
2026-07-29,A,兴证期货,74203,-139,66886,-553,4
2026-07-29,A,国投安信,74652,445,64071,-89,5
2026-07-29,A,瑞达期货,69145,-752,62148,-410,6
2026-07-29,A,广发期货,67111,-168,60143,-348,7
2026-07-29,A,南华期货,66685,719,56464,-470,8
2026-07-29,A,招商期货,61420,-240,54669,29,9
2026-07-29,A,浙商期货,59198,-532,53550,806,10
2026-07-29,A,光大期货,56154,-839,49390,-616,11
2026-07-29,A,方正中期,54195,-179,48586,-35,12
2026-07-29,A,海通期货,50816,1046,48371,236,13
2026-07-29,A,申银万国,50174,896,42871,471,14
2026-07-29,A,华泰期货,46914,336,42083,843,15
2026-07-29,A,东证期货,44960,59,38119,-169,16
2026-07-29,A,银河期货,42294,-262,36142,431,17
2026-07-29,A,国泰君安,38320,-711,35438,277,18
2026-07-29,A,中信期货,36208,-438,34864,1051,19
2026-07-29,A,永安期货,31995,-649,30345,150,20
2026-07-30,A,五矿期货,82859,-495,73138,-447,1
2026-07-30,A,新湖期货,80557,765,69928,-195,2
2026-07-30,A,宏源期货,78339,-9,67932,-200,3
2026-07-30,A,兴证期货,74700,497,67584,698,4
2026-07-30,A,国投安信,75075,423,64084,13,5
2026-07-30,A,瑞达期货,69420,275,63126,978,6
2026-07-30,A,广发期货,67585,474,59446,-697,7
2026-07-30,A,南华期货,67438,753,57375,911,8
2026-07-30,A,招商期货,61764,344,55628,959,9
2026-07-30,A,浙商期货,58867,-331,54166,616,10
2026-07-30,A,光大期货,55464,-690,49688,298,11
2026-07-30,A,方正中期,54374,179,48181,-405,12
2026-07-30,A,海通期货,51148,332,47955,-416,13
2026-07-30,A,申银万国,50063,-111,42601,-270,14
2026-07-30,A,华泰期货,47164,250,41368,-715,15
2026-07-30,A,东证期货,46020,1060,37825,-294,16
2026-07-30,A,银河期货,43142,848,36030,-112,17
2026-07-30,A,国泰君安,38493,173,35830,392,18
2026-07-30,A,中信期货,36101,-107,34531,-333,19
2026-07-30,A,永安期货,31237,-758,31043,698,20
2026-07-31,A,五矿期货,82649,-210,73608,470,1
2026-07-31,A,新湖期货,80737,180,69158,-770,2
2026-07-31,A,宏源期货,78531,192,68962,1030,3
2026-07-31,A,兴证期货,73875,-825,68568,984,4
2026-07-31,A,国投安信,76155,1080,64058,-26,5
2026-07-31,A,瑞达期货,68788,-632,63999,873,6
2026-07-31,A,广发期货,67630,45,59178,-268,7
2026-07-31,A,南华期货,66547,-891,58392,1017,8
2026-07-31,A,招商期货,62617,853,55957,329,9
2026-07-31,A,浙商期货,59285,418,54920,754,10
2026-07-31,A,光大期货,55147,-317,48874,-814,11
2026-07-31,A,方正中期,54654,280,47374,-807,12
2026-07-31,A,海通期货,51032,-116,47589,-366,13
2026-07-31,A,申银万国,49832,-231,42961,360,14
2026-07-31,A,华泰期货,46614,-550,41749,381,15
2026-07-31,A,东证期货,45494,-526,37982,157,16
2026-07-31,A,银河期货,43224,82,35504,-526,17
2026-07-31,A,国泰君安,37808,-685,35622,-208,18
2026-07-31,A,中信期货,36332,231,34782,251,19
2026-07-31,A,永安期货,30558,-679,31916,873,20
2026-08-03,A,五矿期货,83439,790,72779,-829,1
2026-08-03,A,新湖期货,80295,-442,68405,-753,2
2026-08-03,A,宏源期货,77841,-690,68171,-791,3
2026-08-03,A,兴证期货,73740,-135,68983,415,4
2026-08-03,A,国投安信,75503,-652,64934,876,5
2026-08-03,A,瑞达期货,69868,1080,65013,1014,6
2026-08-03,A,广发期货,68468,838,59640,462,7
2026-08-03,A,南华期货,66577,30,58552,160,8
2026-08-03,A,招商期货,62328,-289,56533,576,9
2026-08-03,A,浙商期货,58481,-804,54875,-45,10
2026-08-03,A,光大期货,55258,111,49278,404,11
2026-08-03,A,方正中期,55340,686,47165,-209,12
2026-08-03,A,海通期货,50295,-737,47878,289,13
2026-08-03,A,申银万国,49640,-192,42930,-31,14
2026-08-03,A,华泰期货,46363,-251,42442,693,15
2026-08-03,A,东证期货,45330,-164,37774,-208,16
2026-08-03,A,银河期货,43294,70,36215,711,17
2026-08-03,A,国泰君安,38727,919,36495,873,18
2026-08-03,A,中信期货,36514,182,34206,-576,19
2026-08-03,A,永安期货,29811,-747,31288,-628,20
2026-08-04,A,五矿期货,83091,-348,73359,580,1
2026-08-04,A,新湖期货,81058,763,68332,-73,2
2026-08-04,A,宏源期货,78195,354,68942,771,3
2026-08-04,A,兴证期货,73514,-226,69541,558,4
2026-08-04,A,国投安信,74756,-747,64624,-310,5
2026-08-04,A,瑞达期货,70907,1039,64786,-227,6
2026-08-04,A,广发期货,67794,-674,58888,-752,7
2026-08-04,A,南华期货,67284,707,57790,-762,8
2026-08-04,A,招商期货,61959,-369,57492,959,9
2026-08-04,A,浙商期货,59358,877,54132,-743,10
2026-08-04,A,光大期货,54368,-890,49837,559,11
2026-08-04,A,方正中期,56289,949,47415,250,12
2026-08-04,A,海通期货,50150,-145,48699,821,13
2026-08-04,A,申银万国,50587,947,43743,813,14
2026-08-04,A,华泰期货,45854,-509,43074,632,15
2026-08-04,A,东证期货,44898,-432,37184,-590,16
2026-08-04,A,银河期货,43406,112,35908,-307,17
2026-08-04,A,国泰君安,39355,628,37208,713,18
2026-08-04,A,中信期货,36395,-119,35200,994,19
2026-08-04,A,永安期货,29315,-496,30733,-555,20
2026-08-05,A,五矿期货,82797,-294,73965,606,1
2026-08-05,A,新湖期货,80698,-360,69051,719,2
2026-08-05,A,宏源期货,77757,-438,68280,-662,3
2026-08-05,A,兴证期货,74110,596,69679,138,4
2026-08-05,A,国投安信,74515,-241,65356,732,5
2026-08-05,A,瑞达期货,72006,1099,64510,-276,6
2026-08-05,A,广发期货,68248,454,59041,153,7
2026-08-05,A,南华期货,67567,283,57918,128,8
2026-08-05,A,招商期货,62139,180,57134,-358,9
2026-08-05,A,浙商期货,58708,-650,54350,218,10
2026-08-05,A,光大期货,54383,15,50355,518,11
2026-08-05,A,方正中期,56235,-54,47869,454,12
2026-08-05,A,海通期货,51228,1078,49682,983,13
2026-08-05,A,申银万国,51505,918,44634,891,14
2026-08-05,A,华泰期货,46496,642,43420,346,15
2026-08-05,A,东证期货,45883,985,36717,-467,16
2026-08-05,A,银河期货,42884,-522,35791,-117,17
2026-08-05,A,国泰君安,39518,163,36683,-525,18
2026-08-05,A,中信期货,35897,-498,35624,424,19
2026-08-05,A,永安期货,28883,-432,31857,1124,20
2026-08-06,A,五矿期货,83348,551,74044,79,1
2026-08-06,A,新湖期货,81355,657,68839,-212,2
2026-08-06,A,宏源期货,78615,858,68071,-209,3
2026-08-06,A,兴证期货,74290,180,69881,202,4
2026-08-06,A,国投安信,74824,309,66065,709,5
2026-08-06,A,瑞达期货,71533,-473,65327,817,6
2026-08-06,A,广发期货,67562,-686,58888,-153,7
2026-08-06,A,南华期货,67051,-516,58066,148,8
2026-08-06,A,招商期货,62915,776,57072,-62,9
2026-08-06,A,浙商期货,58250,-458,54458,108,10
2026-08-06,A,光大期货,53509,-874,50878,523,11
2026-08-06,A,方正中期,55458,-777,47454,-415,12
2026-08-06,A,海通期货,52318,1090,49844,162,13
2026-08-06,A,申银万国,50764,-741,43937,-697,14
2026-08-06,A,华泰期货,46017,-479,43993,573,15
2026-08-06,A,东证期货,46608,725,37699,982,16
2026-08-06,A,银河期货,43454,570,36346,555,17
2026-08-06,A,国泰君安,40525,1007,36409,-274,18
2026-08-06,A,中信期货,36260,363,36565,941,19
2026-08-06,A,永安期货,28272,-611,31809,-48,20
2026-08-07,A,五矿期货,83391,43,73577,-467,1
2026-08-07,A,新湖期货,80488,-867,69820,981,2
2026-08-07,A,宏源期货,77940,-675,67713,-358,3
2026-08-07,A,兴证期货,73609,-681,70556,675,4
2026-08-07,A,国投安信,74868,44,67009,944,5
2026-08-07,A,瑞达期货,70842,-691,64778,-549,6
2026-08-07,A,广发期货,67844,282,59365,477,7
2026-08-07,A,南华期货,66780,-271,58997,931,8
2026-08-07,A,招商期货,62351,-564,57627,555,9
2026-08-07,A,浙商期货,57919,-331,54474,16,10
2026-08-07,A,方正中期,56155,697,47423,-31,11
2026-08-07,A,光大期货,52993,-516,50168,-710,12
2026-08-07,A,海通期货,52469,151,49409,-435,13
2026-08-07,A,申银万国,51641,877,44357,420,14
2026-08-07,A,华泰期货,45906,-111,44069,76,15
2026-08-07,A,东证期货,47705,1097,37673,-26,16
2026-08-07,A,银河期货,42940,-514,36024,-322,17
2026-08-07,A,国泰君安,39961,-564,37511,1102,18
2026-08-07,A,中信期货,37216,956,36828,263,19
2026-08-07,A,永安期货,28834,562,31354,-455,20
2026-08-10,A,五矿期货,83056,-335,73811,234,1
2026-08-10,A,新湖期货,79949,-539,70186,366,2
2026-08-10,A,宏源期货,77427,-513,67687,-26,3
2026-08-10,A,兴证期货,73106,-503,70308,-248,4
2026-08-10,A,国投安信,75868,1000,67024,15,5
2026-08-10,A,瑞达期货,70725,-117,65427,649,6
2026-08-10,A,广发期货,67044,-800,59843,478,7
2026-08-10,A,南华期货,66637,-143,58347,-650,8
2026-08-10,A,招商期货,62354,3,57335,-292,9
2026-08-10,A,浙商期货,57702,-217,53732,-742,10
2026-08-10,A,方正中期,56067,-88,47601,178,11
2026-08-10,A,光大期货,52975,-18,50358,190,12
2026-08-10,A,海通期货,52003,-466,48867,-542,13
2026-08-10,A,申银万国,51466,-175,44390,33,14
2026-08-10,A,华泰期货,46133,227,43391,-678,15
2026-08-10,A,东证期货,47167,-538,38801,1128,16
2026-08-10,A,银河期货,42880,-60,35797,-227,17
2026-08-10,A,国泰君安,40268,307,37668,157,18
2026-08-10,A,中信期货,37411,195,37413,585,19
2026-08-10,A,永安期货,28600,-234,30642,-712,20
2026-08-11,A,五矿期货,82577,-479,73311,-500,1
2026-08-11,A,新湖期货,79598,-351,70350,164,2
2026-08-11,A,宏源期货,78328,901,68253,566,3
2026-08-11,A,兴证期货,73709,603,71145,837,4
2026-08-11,A,国投安信,75175,-693,66624,-400,5
2026-08-11,A,瑞达期货,70627,-98,65381,-46,6
2026-08-11,A,广发期货,67610,566,59821,-22,7
2026-08-11,A,南华期货,67007,370,58929,582,8
2026-08-11,A,招商期货,61917,-437,58292,957,9
2026-08-11,A,浙商期货,57008,-694,53446,-286,10
2026-08-11,A,方正中期,55712,-355,47239,-362,11
2026-08-11,A,光大期货,52209,-766,50597,239,12
2026-08-11,A,海通期货,51176,-827,49195,328,13
2026-08-11,A,申银万国,50674,-792,45373,983,14
2026-08-11,A,华泰期货,45682,-451,42776,-615,15
2026-08-11,A,东证期货,46896,-271,38258,-543,16
2026-08-11,A,银河期货,42202,-678,36350,553,17
2026-08-11,A,国泰君安,39711,-557,38293,625,18
2026-08-11,A,中信期货,37693,282,37530,117,19
2026-08-11,A,永安期货,29064,464,30882,240,20
2026-08-12,A,五矿期货,81719,-858,72824,-487,1
2026-08-12,A,新湖期货,79574,-24,70184,-166,2
2026-08-12,A,宏源期货,78792,464,68374,121,3
2026-08-12,A,兴证期货,73099,-610,70321,-824,4
2026-08-12,A,国投安信,76117,942,66706,82,5
2026-08-12,A,瑞达期货,70110,-517,65211,-170,6
2026-08-12,A,南华期货,66752,-255,59474,545,7
2026-08-12,A,广发期货,66852,-758,59312,-509,8
2026-08-12,A,招商期货,61505,-412,57790,-502,9
2026-08-12,A,浙商期货,57964,956,54004,558,10
2026-08-12,A,方正中期,55788,76,47902,663,11
2026-08-12,A,光大期货,51934,-275,51493,896,12
2026-08-12,A,海通期货,51710,534,49619,424,13
2026-08-12,A,申银万国,50804,130,46382,1009,14
2026-08-12,A,华泰期货,44975,-707,42305,-471,15
2026-08-12,A,东证期货,47618,722,37494,-764,16
2026-08-12,A,银河期货,42643,441,36169,-181,17
2026-08-12,A,国泰君安,39520,-191,38968,675,18
2026-08-12,A,中信期货,37624,-69,38064,534,19
2026-08-12,A,永安期货,29893,829,30528,-354,20
2026-08-13,A,五矿期货,81506,-213,72900,76,1
2026-08-13,A,新湖期货,80320,746,70841,657,2
2026-08-13,A,宏源期货,78096,-696,68147,-227,3
2026-08-13,A,兴证期货,73786,687,69663,-658,4
2026-08-13,A,国投安信,76763,646,66156,-550,5
2026-08-13,A,瑞达期货,70240,130,64703,-508,6
2026-08-13,A,南华期货,66447,-305,60334,860,7
2026-08-13,A,广发期货,66419,-433,59537,225,8
2026-08-13,A,招商期货,61766,261,58332,542,9
2026-08-13,A,浙商期货,58741,777,53189,-815,10
2026-08-13,A,方正中期,55394,-394,48019,117,11
2026-08-13,A,海通期货,51810,100,50557,938,12
2026-08-13,A,光大期货,51258,-676,50735,-758,13
2026-08-13,A,申银万国,51098,294,45534,-848,14
2026-08-13,A,华泰期货,44796,-179,42425,120,15
2026-08-13,A,东证期货,46857,-761,37940,446,16
2026-08-13,A,银河期货,43420,777,37146,977,17
2026-08-13,A,国泰君安,39089,-431,39589,621,18
2026-08-13,A,中信期货,38648,1024,37451,-613,19
2026-08-13,A,永安期货,31108,1215,30298,-230,20
2026-08-14,A,五矿期货,80896,-610,72781,-119,1
2026-08-14,A,新湖期货,79871,-449,71341,500,2
2026-08-14,A,宏源期货,78036,-60,69050,903,3
2026-08-14,A,国投安信,77354,591,66616,460,4
2026-08-14,A,兴证期货,72928,-858,69115,-548,5
2026-08-14,A,瑞达期货,70744,504,64916,213,6
2026-08-14,A,南华期货,66767,320,60475,141,7
2026-08-14,A,广发期货,65749,-670,59239,-298,8
2026-08-14,A,招商期货,62713,947,59209,877,9
2026-08-14,A,浙商期货,59596,855,54110,921,10
2026-08-14,A,方正中期,56319,925,48229,210,11
2026-08-14,A,光大期货,51944,686,51244,509,12
2026-08-14,A,海通期货,52364,554,50390,-167,13
2026-08-14,A,申银万国,50920,-178,45300,-234,14
2026-08-14,A,华泰期货,43923,-873,43270,845,15
2026-08-14,A,东证期货,46823,-34,38109,169,16
2026-08-14,A,银河期货,43636,216,36895,-251,17
2026-08-14,A,国泰君安,38836,-253,40177,588,18
2026-08-14,A,中信期货,38586,-62,37798,347,19
2026-08-14,A,永安期货,31332,224,31032,734,20
2026-08-17,A,五矿期货,80850,-46,72496,-285,1
2026-08-17,A,新湖期货,79771,-100,71697,356,2
2026-08-17,A,宏源期货,78954,918,68878,-172,3
2026-08-17,A,国投安信,76997,-357,67630,1014,4
2026-08-17,A,兴证期货,73418,490,68979,-136,5
2026-08-17,A,瑞达期货,70923,179,64424,-492,6
2026-08-17,A,南华期货,67708,941,61493,1018,7
2026-08-17,A,广发期货,65769,20,60183,944,8
2026-08-17,A,招商期货,63203,490,59474,265,9
2026-08-17,A,浙商期货,60492,896,54543,433,10
2026-08-17,A,方正中期,56727,408,47600,-629,11
2026-08-17,A,光大期货,53021,1077,50954,-290,12
2026-08-17,A,海通期货,53419,1055,50313,-77,13
2026-08-17,A,申银万国,50416,-504,46335,1035,14
2026-08-17,A,华泰期货,44547,624,42602,-668,15
2026-08-17,A,东证期货,46779,-44,37761,-348,16
2026-08-17,A,银河期货,44849,1213,37007,112,17
2026-08-17,A,国泰君安,39573,737,40832,655,18
2026-08-17,A,中信期货,38306,-280,38210,412,19
2026-08-17,A,永安期货,31571,239,30325,-707,20
2026-08-18,A,五矿期货,80540,-310,71778,-718,1
2026-08-18,A,新湖期货,79492,-279,71844,147,2
2026-08-18,A,宏源期货,79414,460,68361,-517,3
2026-08-18,A,国投安信,78076,1079,67373,-257,4
2026-08-18,A,兴证期货,73795,377,69272,293,5
2026-08-18,A,瑞达期货,70330,-593,64645,221,6
2026-08-18,A,南华期货,68211,503,60944,-549,7
2026-08-18,A,广发期货,65824,55,60727,544,8
2026-08-18,A,招商期货,63324,121,60522,1048,9
2026-08-18,A,浙商期货,61577,1085,53710,-833,10
2026-08-18,A,海通期货,54501,1082,51086,773,11
2026-08-18,A,方正中期,57449,722,47460,-140,12
2026-08-18,A,光大期货,52711,-310,50329,-625,13
2026-08-18,A,申银万国,50447,31,46645,310,14
2026-08-18,A,华泰期货,44534,-13,43380,778,15
2026-08-18,A,东证期货,47253,474,37242,-519,16
2026-08-18,A,银河期货,44772,-77,37945,938,17
2026-08-18,A,国泰君安,39858,285,41499,667,18
2026-08-18,A,中信期货,37610,-696,38626,416,19
2026-08-18,A,永安期货,31424,-147,29945,-380,20
2026-08-19,A,五矿期货,80042,-498,71812,34,1
2026-08-19,A,新湖期货,78884,-608,72495,651,2
2026-08-19,A,宏源期货,79974,560,68065,-296,3
2026-08-19,A,国投安信,78324,248,66840,-533,4
2026-08-19,A,兴证期货,74848,1053,68598,-674,5
2026-08-19,A,瑞达期货,70792,462,65369,724,6
2026-08-19,A,南华期货,67891,-320,61702,758,7
2026-08-19,A,广发期货,66683,859,60905,178,8
2026-08-19,A,招商期货,63141,-183,61471,949,9
2026-08-19,A,浙商期货,61191,-386,53142,-568,10
2026-08-19,A,方正中期,57901,452,48318,858,11
2026-08-19,A,海通期货,54482,-19,50957,-129,12
2026-08-19,A,光大期货,51812,-899,49581,-748,13
2026-08-19,A,申银万国,50173,-274,45805,-840,14
2026-08-19,A,华泰期货,43742,-792,43530,150,15
2026-08-19,A,东证期货,47687,434,36724,-518,16
2026-08-19,A,银河期货,44571,-201,38865,920,17
2026-08-19,A,国泰君安,39161,-697,41174,-325,18
2026-08-19,A,中信期货,36861,-749,38785,159,19
2026-08-19,A,永安期货,32281,857,29778,-167,20
2026-08-20,A,五矿期货,80277,235,71370,-442,1
2026-08-20,A,新湖期货,78261,-623,72497,2,2
2026-08-20,A,宏源期货,79482,-492,67727,-338,3
2026-08-20,A,国投安信,78608,284,66275,-565,4
2026-08-20,A,兴证期货,75347,499,69320,722,5
2026-08-20,A,瑞达期货,70552,-240,66166,797,6
2026-08-20,A,南华期货,68145,254,61744,42,7
2026-08-20,A,广发期货,67173,490,61848,943,8
2026-08-20,A,招商期货,62877,-264,60975,-496,9
2026-08-20,A,浙商期货,60909,-282,53514,372,10
2026-08-20,A,方正中期,57201,-700,49296,978,11
2026-08-20,A,海通期货,54399,-83,51958,1001,12
2026-08-20,A,光大期货,51447,-365,50615,1034,13
2026-08-20,A,申银万国,50064,-109,45820,15,14
2026-08-20,A,华泰期货,44231,489,43984,454,15
2026-08-20,A,东证期货,47416,-271,37616,892,16
2026-08-20,A,银河期货,44760,189,38821,-44,17
2026-08-20,A,国泰君安,38829,-332,40469,-705,18
2026-08-20,A,中信期货,36246,-615,38610,-175,19
2026-08-20,A,永安期货,32699,418,30888,1110,20
2026-08-21,A,五矿期货,80239,-38,70701,-669,1
2026-08-21,A,新湖期货,77415,-846,73217,720,2
2026-08-21,A,宏源期货,80450,968,68021,294,3
2026-08-21,A,国投安信,78569,-39,66265,-10,4
2026-08-21,A,兴证期货,75391,44,68526,-794,5
2026-08-21,A,瑞达期货,70527,-25,66271,105,6
2026-08-21,A,南华期货,68704,559,61626,-118,7
2026-08-21,A,广发期货,67232,59,61723,-125,8
2026-08-21,A,招商期货,63891,1014,61528,553,9
2026-08-21,A,浙商期货,60650,-259,53695,181,10
2026-08-21,A,方正中期,56584,-617,49524,228,11
2026-08-21,A,海通期货,54393,-6,51304,-654,12
2026-08-21,A,光大期货,51452,5,51186,571,13
2026-08-21,A,申银万国,50957,893,46677,857,14
2026-08-21,A,华泰期货,44100,-131,44736,752,15
2026-08-21,A,东证期货,47753,337,37221,-395,16
2026-08-21,A,银河期货,45266,506,38995,174,17
2026-08-21,A,国泰君安,39209,380,41597,1128,18
2026-08-21,A,中信期货,35641,-605,38448,-162,19
2026-08-21,A,永安期货,32535,-164,30742,-146,20
2026-08-24,A,新湖期货,78214,799,73697,480,1
2026-08-24,A,五矿期货,79558,-681,70533,-168,2
2026-08-24,A,宏源期货,79662,-788,67724,-297,3
2026-08-24,A,国投安信,78611,42,67133,868,4
2026-08-24,A,兴证期货,74602,-789,67849,-677,5
2026-08-24,A,瑞达期货,71418,891,66481,210,6
2026-08-24,A,广发期货,67985,753,62435,712,7
2026-08-24,A,南华期货,67816,-888,61723,97,8
2026-08-24,A,招商期货,63816,-75,62050,522,9
2026-08-24,A,浙商期货,60554,-96,53102,-593,10
2026-08-24,A,海通期货,54651,258,52251,947,11
2026-08-24,A,方正中期,56284,-300,48783,-741,12
2026-08-24,A,光大期货,52098,646,52066,880,13
2026-08-24,A,申银万国,51169,212,47670,993,14
2026-08-24,A,华泰期货,43460,-640,45157,421,15
2026-08-24,A,东证期货,48021,268,37215,-6,16
2026-08-24,A,银河期货,44982,-284,39413,418,17
2026-08-24,A,国泰君安,39048,-161,42438,841,18
2026-08-24,A,中信期货,36120,479,39535,1087,19
2026-08-24,A,永安期货,33302,767,30259,-483,20
2026-08-25,A,新湖期货,78786,572,72860,-837,1
2026-08-25,A,五矿期货,80307,749,70676,143,2
2026-08-25,A,宏源期货,80048,386,67510,-214,3
2026-08-25,A,国投安信,79021,410,68028,895,4
2026-08-25,A,兴证期货,74018,-584,67615,-234,5
2026-08-25,A,瑞达期货,72351,933,67014,533,6
2026-08-25,A,南华期货,68896,1080,61887,164,7
2026-08-25,A,广发期货,67364,-621,62042,-393,8
2026-08-25,A,招商期货,64067,251,62716,666,9
2026-08-25,A,浙商期货,60711,157,52547,-555,10
2026-08-25,A,海通期货,54797,146,52915,664,11
2026-08-25,A,方正中期,56852,568,48041,-742,12
2026-08-25,A,光大期货,52634,536,51635,-431,13
2026-08-25,A,申银万国,51466,297,48201,531,14
2026-08-25,A,华泰期货,42808,-652,45823,666,15
2026-08-25,A,东证期货,49011,990,36569,-646,16
2026-08-25,A,银河期货,45616,634,39321,-92,17
2026-08-25,A,国泰君安,39426,378,42654,216,18
2026-08-25,A,中信期货,37023,903,39360,-175,19
2026-08-25,A,永安期货,33739,437,29688,-571,20
2026-08-26,A,五矿期货,81166,859,71173,497,1
2026-08-26,A,新湖期货,79281,495,72909,49,2
2026-08-26,A,国投安信,79844,823,68914,886,3
2026-08-26,A,宏源期货,80830,782,67914,404,4
2026-08-26,A,兴证期货,74237,219,67298,-317,5
2026-08-26,A,瑞达期货,73130,779,66645,-369,6
2026-08-26,A,南华期货,68610,-286,61865,-22,7
2026-08-26,A,广发期货,67454,90,61568,-474,8
2026-08-26,A,招商期货,65063,996,62115,-601,9
2026-08-26,A,浙商期货,60611,-100,51810,-737,10
2026-08-26,A,海通期货,54109,-688,53035,120,11
2026-08-26,A,方正中期,56002,-850,48896,855,12
2026-08-26,A,光大期货,52769,135,51693,58,13
2026-08-26,A,申银万国,51072,-394,47769,-432,14
2026-08-26,A,华泰期货,42972,164,45171,-652,15
2026-08-26,A,东证期货,50033,1022,36046,-523,16
2026-08-26,A,银河期货,45149,-467,39787,466,17
2026-08-26,A,国泰君安,38783,-643,41884,-770,18
2026-08-26,A,中信期货,36654,-369,38824,-536,19
2026-08-26,A,永安期货,34236,497,30326,638,20
2026-08-27,A,新湖期货,79234,-47,73725,816,1
2026-08-27,A,五矿期货,81136,-30,70626,-547,2
2026-08-27,A,国投安信,79745,-99,68854,-60,3
2026-08-27,A,宏源期货,80149,-681,68014,100,4
2026-08-27,A,兴证期货,74765,528,68086,788,5
2026-08-27,A,瑞达期货,73597,467,66358,-287,6
2026-08-27,A,南华期货,69674,1064,62220,355,7
2026-08-27,A,广发期货,67563,109,61470,-98,8
2026-08-27,A,招商期货,65530,467,61469,-646,9
2026-08-27,A,浙商期货,60304,-307,51552,-258,10
2026-08-27,A,海通期货,54727,618,53617,582,11
2026-08-27,A,方正中期,56221,219,48456,-440,12
2026-08-27,A,光大期货,52844,75,51826,133,13
2026-08-27,A,申银万国,50521,-551,47966,197,14
2026-08-27,A,华泰期货,43418,446,44813,-358,15
2026-08-27,A,东证期货,50929,896,36800,754,16
2026-08-27,A,银河期货,44747,-402,39307,-480,17
2026-08-27,A,国泰君安,39305,522,41158,-726,18
2026-08-27,A,中信期货,36759,105,38353,-471,19
2026-08-27,A,永安期货,34719,483,29808,-518,20
2026-08-28,A,新湖期货,80182,948,74321,596,1
2026-08-28,A,五矿期货,81311,175,70575,-51,2
2026-08-28,A,国投安信,79870,125,69756,902,3
2026-08-28,A,宏源期货,79680,-469,67878,-136,4
2026-08-28,A,兴证期货,75628,863,68266,180,5
2026-08-28,A,瑞达期货,73021,-576,66240,-118,6
2026-08-28,A,南华期货,70254,580,62308,88,7
2026-08-28,A,招商期货,65588,58,62426,957,8
2026-08-28,A,广发期货,67230,-333,60638,-832,9
2026-08-28,A,浙商期货,61375,1071,50987,-565,10
2026-08-28,A,海通期货,55096,369,53677,60,11
2026-08-28,A,光大期货,53801,957,51702,-124,12
2026-08-28,A,方正中期,55408,-813,49465,1009,13
2026-08-28,A,申银万国,51450,929,48461,495,14
2026-08-28,A,华泰期货,43839,421,45295,482,15
2026-08-28,A,东证期货,50769,-160,36099,-701,16
2026-08-28,A,银河期货,43989,-758,39725,418,17
2026-08-28,A,国泰君安,39680,375,41185,27,18
2026-08-28,A,中信期货,36915,156,37829,-524,19
2026-08-28,A,永安期货,33996,-723,29618,-190,20
2026-08-31,A,新湖期货,80320,138,75059,738,1
2026-08-31,A,五矿期货,81760,449,70801,226,2
2026-08-31,A,国投安信,80210,340,70255,499,3
2026-08-31,A,宏源期货,80231,551,68927,1049,4
2026-08-31,A,兴证期货,75097,-531,68595,329,5
2026-08-31,A,瑞达期货,74092,1071,66356,116,6
2026-08-31,A,南华期货,71072,818,62779,471,7
2026-08-31,A,招商期货,64827,-761,63452,1026,8
2026-08-31,A,广发期货,67320,90,60559,-79,9
2026-08-31,A,浙商期货,62366,991,50943,-44,10
2026-08-31,A,海通期货,54482,-614,53397,-280,11
2026-08-31,A,方正中期,56115,707,50176,711,12
2026-08-31,A,光大期货,54249,448,51472,-230,13
2026-08-31,A,申银万国,52308,858,49222,761,14
2026-08-31,A,华泰期货,43880,41,45909,614,15
2026-08-31,A,东证期货,51142,373,36023,-76,16
2026-08-31,A,银河期货,44552,563,40427,702,17
2026-08-31,A,国泰君安,39210,-470,41135,-50,18
2026-08-31,A,中信期货,36492,-423,38402,573,19
2026-08-31,A,永安期货,34266,270,28976,-642,20
2026-09-01,A,新湖期货,81223,903,74565,-494,1
2026-09-01,A,五矿期货,82351,591,71778,977,2
2026-09-01,A,国投安信,81188,978,70905,650,3
2026-09-01,A,宏源期货,79546,-685,69919,992,4
2026-09-01,A,兴证期货,75826,729,68229,-366,5
2026-09-01,A,瑞达期货,74772,680,67161,805,6
2026-09-01,A,南华期货,71147,75,62591,-188,7
2026-09-01,A,招商期货,65840,1013,63993,541,8
2026-09-01,A,广发期货,67976,656,60183,-376,9
2026-09-01,A,浙商期货,61683,-683,51115,172,10
2026-09-01,A,海通期货,55326,844,54047,650,11
2026-09-01,A,光大期货,53546,-703,51984,512,12
2026-09-01,A,方正中期,55540,-575,49800,-376,13
2026-09-01,A,申银万国,51500,-808,48432,-790,14
2026-09-01,A,华泰期货,43806,-74,45197,-712,15
2026-09-01,A,东证期货,51626,484,36952,929,16
2026-09-01,A,银河期货,44484,-68,40854,427,17
2026-09-01,A,国泰君安,39635,425,41554,419,18
2026-09-01,A,中信期货,37141,649,38295,-107,19
2026-09-01,A,永安期货,34016,-250,28471,-505,20
2026-09-02,A,新湖期货,81219,-4,75105,540,1
2026-09-02,A,五矿期货,82036,-315,71389,-389,2
2026-09-02,A,国投安信,81463,275,71194,289,3
2026-09-02,A,宏源期货,79163,-383,70074,155,4
2026-09-02,A,兴证期货,75335,-491,67779,-450,5
2026-09-02,A,瑞达期货,74144,-628,67616,455,6
2026-09-02,A,南华期货,70467,-680,63171,580,7
2026-09-02,A,招商期货,65296,-544,63800,-193,8
2026-09-02,A,广发期货,67996,20,60106,-77,9
2026-09-02,A,浙商期货,60843,-840,52156,1041,10
2026-09-02,A,海通期货,55330,4,54760,713,11
2026-09-02,A,光大期货,53938,392,52855,871,12
2026-09-02,A,方正中期,55406,-134,50192,392,13
2026-09-02,A,申银万国,52135,635,47731,-701,14
2026-09-02,A,华泰期货,42982,-824,46081,884,15
2026-09-02,A,东证期货,51358,-268,36416,-536,16
2026-09-02,A,银河期货,43830,-654,41337,483,17
2026-09-02,A,国泰君安,40744,1109,40915,-639,18
2026-09-02,A,中信期货,38354,1213,38385,90,19
2026-09-02,A,永安期货,34022,6,29248,777,20
2026-09-03,A,新湖期货,81400,181,75271,166,1
2026-09-03,A,国投安信,81960,497,71838,644,2
2026-09-03,A,五矿期货,81525,-511,72243,854,3
2026-09-03,A,宏源期货,79754,591,70539,465,4
2026-09-03,A,兴证期货,76396,1061,68794,1015,5
2026-09-03,A,瑞达期货,73941,-203,67145,-471,6
2026-09-03,A,南华期货,70730,263,63440,269,7
2026-09-03,A,招商期货,65981,685,63785,-15,8
2026-09-03,A,广发期货,68866,870,59403,-703,9
2026-09-03,A,浙商期货,59953,-890,52042,-114,10
2026-09-03,A,海通期货,54627,-703,54326,-434,11
2026-09-03,A,光大期货,53325,-613,53834,979,12
2026-09-03,A,方正中期,54574,-832,51000,808,13
2026-09-03,A,申银万国,52523,388,48250,519,14
2026-09-03,A,华泰期货,43274,292,45280,-801,15
2026-09-03,A,银河期货,44706,876,42184,847,16
2026-09-03,A,东证期货,50971,-387,35822,-594,17
2026-09-03,A,国泰君安,41630,886,41227,312,18
2026-09-03,A,中信期货,37905,-449,38503,118,19
2026-09-03,A,永安期货,33654,-368,29997,749,20
2026-09-04,A,新湖期货,82182,782,75014,-257,1
2026-09-04,A,五矿期货,82513,988,73089,846,2
2026-09-04,A,国投安信,81165,-795,72219,381,3
2026-09-04,A,宏源期货,78900,-854,70147,-392,4
2026-09-04,A,兴证期货,76603,207,68621,-173,5
2026-09-04,A,瑞达期货,74062,121,66767,-378,6
2026-09-04,A,南华期货,70889,159,63200,-240,7
2026-09-04,A,招商期货,65341,-640,64537,752,8
2026-09-04,A,广发期货,68172,-694,58794,-609,9
2026-09-04,A,浙商期货,60218,265,51352,-690,10
2026-09-04,A,海通期货,54625,-2,54351,25,11
2026-09-04,A,光大期货,54214,889,53129,-705,12
2026-09-04,A,方正中期,54954,380,50920,-80,13
2026-09-04,A,申银万国,53264,741,47537,-713,14
2026-09-04,A,华泰期货,44121,847,44712,-568,15
2026-09-04,A,东证期货,52033,1062,36196,374,16
2026-09-04,A,银河期货,44656,-50,42680,496,17
2026-09-04,A,国泰君安,41875,245,41178,-49,18
2026-09-04,A,中信期货,38819,914,38703,200,19
2026-09-04,A,永安期货,33298,-356,30395,398,20
2026-07-27,M,五矿期货,83981,-23,73076,-654,1
2026-07-27,M,新湖期货,80143,-973,71760,371,2
2026-07-27,M,宏源期货,79799,390,69695,751,3
2026-07-27,M,兴证期货,76287,-234,67434,636,4
2026-07-27,M,国投安信,72390,235,66166,1001,5
2026-07-27,M,瑞达期货,69527,-609,63584,334,6
2026-07-27,M,广发期货,67534,591,61071,901,7
2026-07-27,M,南华期货,63964,-957,59494,824,8
2026-07-27,M,招商期货,62259,-967,55421,-647,9
2026-07-27,M,浙商期货,60011,979,53790,-294,10
2026-07-27,M,光大期货,58107,730,51556,1034,11
2026-07-27,M,方正中期,55698,-389,50869,840,12
2026-07-27,M,海通期货,51205,-127,46472,218,13
2026-07-27,M,申银万国,50099,321,45092,-43,14
2026-07-27,M,华泰期货,48049,29,42949,-299,15
2026-07-27,M,东证期货,44838,-818,40225,337,16
2026-07-27,M,银河期货,40201,-805,38321,-467,17
2026-07-27,M,国泰君安,38410,-336,36280,801,18
2026-07-27,M,中信期货,37055,90,31863,-415,19
2026-07-27,M,永安期货,34856,927,31748,449,20
2026-07-28,M,五矿期货,84613,632,72346,-730,1
2026-07-28,M,新湖期货,80296,153,71093,-667,2
2026-07-28,M,宏源期货,80413,614,70033,338,3
2026-07-28,M,兴证期货,77096,809,68328,894,4
2026-07-28,M,国投安信,72910,520,66947,781,5
2026-07-28,M,瑞达期货,68982,-545,63669,85,6
2026-07-28,M,广发期货,67729,195,60331,-740,7
2026-07-28,M,南华期货,63429,-535,58922,-572,8
2026-07-28,M,招商期货,61367,-892,55148,-273,9
2026-07-28,M,浙商期货,59895,-116,54910,1120,10
2026-07-28,M,光大期货,57493,-614,51498,-58,11
2026-07-28,M,方正中期,55441,-257,50829,-40,12
2026-07-28,M,海通期货,51455,250,47562,1090,13
2026-07-28,M,申银万国,49330,-769,46169,1077,14
2026-07-28,M,华泰期货,47275,-774,43085,136,15
2026-07-28,M,东证期货,45073,235,39827,-398,16
2026-07-28,M,银河期货,40747,546,38515,194,17
2026-07-28,M,国泰君安,37776,-634,36480,200,18
2026-07-28,M,中信期货,36937,-118,32607,744,19
2026-07-28,M,永安期货,34758,-98,32636,888,20
2026-07-29,M,五矿期货,85361,748,72037,-309,1
2026-07-29,M,新湖期货,81124,828,72207,1114,2
2026-07-29,M,宏源期货,81068,655,70004,-29,3
2026-07-29,M,兴证期货,77530,434,69073,745,4
2026-07-29,M,国投安信,72321,-589,67200,253,5
2026-07-29,M,瑞达期货,68484,-498,64022,353,6
2026-07-29,M,广发期货,66876,-853,59727,-604,7
2026-07-29,M,南华期货,62669,-760,59506,584,8
2026-07-29,M,招商期货,61337,-30,55734,586,9
2026-07-29,M,浙商期货,60126,231,54964,54,10
2026-07-29,M,光大期货,57081,-412,51003,-495,11
2026-07-29,M,方正中期,56254,813,50569,-260,12
2026-07-29,M,海通期货,51678,223,48143,581,13
2026-07-29,M,申银万国,48963,-367,46125,-44,14
2026-07-29,M,华泰期货,46843,-432,42414,-671,15
2026-07-29,M,东证期货,45081,8,39516,-311,16
2026-07-29,M,银河期货,39973,-774,38094,-421,17
2026-07-29,M,国泰君安,37002,-774,35956,-524,18
2026-07-29,M,中信期货,36558,-379,33591,984,19
2026-07-29,M,永安期货,35656,898,33430,794,20
2026-07-30,M,五矿期货,85113,-248,72761,724,1
2026-07-30,M,新湖期货,80545,-579,71698,-509,2
2026-07-30,M,宏源期货,81577,509,70376,372,3
2026-07-30,M,兴证期货,76992,-538,68937,-136,4
2026-07-30,M,国投安信,73034,713,67506,306,5
2026-07-30,M,瑞达期货,69341,857,63542,-480,6
2026-07-30,M,广发期货,66026,-850,59383,-344,7
2026-07-30,M,南华期货,62654,-15,59318,-188,8
2026-07-30,M,招商期货,61771,434,56247,513,9
2026-07-30,M,浙商期货,60960,834,55045,81,10
2026-07-30,M,光大期货,56181,-900,50952,-51,11
2026-07-30,M,方正中期,56275,21,50022,-547,12
2026-07-30,M,海通期货,52097,419,48491,348,13
2026-07-30,M,申银万国,48500,-463,46018,-107,14
2026-07-30,M,华泰期货,46911,68,43482,1068,15
2026-07-30,M,东证期货,45529,448,39336,-180,16
2026-07-30,M,银河期货,39682,-291,39193,1099,17
2026-07-30,M,国泰君安,37709,707,36405,449,18
2026-07-30,M,中信期货,36287,-271,33662,71,19
2026-07-30,M,永安期货,35674,18,34210,780,20
2026-07-31,M,五矿期货,84879,-234,72378,-383,1
2026-07-31,M,新湖期货,79994,-551,71359,-339,2
2026-07-31,M,宏源期货,81476,-101,69706,-670,3
2026-07-31,M,兴证期货,76765,-227,68964,27,4
2026-07-31,M,国投安信,72062,-972,68512,1006,5
2026-07-31,M,瑞达期货,69117,-224,63796,254,6
2026-07-31,M,广发期货,66766,740,59871,488,7
2026-07-31,M,南华期货,61766,-888,59129,-189,8
2026-07-31,M,招商期货,62737,966,55660,-587,9
2026-07-31,M,浙商期货,60565,-395,55979,934,10
2026-07-31,M,光大期货,56375,194,50978,26,11
2026-07-31,M,方正中期,55818,-457,49831,-191,12
2026-07-31,M,海通期货,52799,702,47800,-691,13
2026-07-31,M,申银万国,47533,-967,46279,261,14
2026-07-31,M,华泰期货,47852,941,42955,-527,15
2026-07-31,M,东证期货,46204,675,39585,249,16
2026-07-31,M,银河期货,39693,11,39844,651,17
2026-07-31,M,国泰君安,37300,-409,37155,750,18
2026-07-31,M,永安期货,36455,781,35143,933,19
2026-07-31,M,中信期货,35687,-600,33055,-607,20
2026-08-03,M,五矿期货,85409,530,71734,-644,1
2026-08-03,M,新湖期货,80885,891,72105,746,2
2026-08-03,M,宏源期货,82068,592,70439,733,3
2026-08-03,M,兴证期货,77528,763,69079,115,4
2026-08-03,M,国投安信,72324,262,68640,128,5
2026-08-03,M,瑞达期货,69593,476,64734,938,6
2026-08-03,M,广发期货,65812,-954,59809,-62,7
2026-08-03,M,南华期货,61199,-567,59919,790,8
2026-08-03,M,招商期货,63269,532,56110,450,9
2026-08-03,M,浙商期货,60092,-473,56878,899,10
2026-08-03,M,光大期货,57061,686,52076,1098,11
2026-08-03,M,方正中期,55496,-322,50960,1129,12
2026-08-03,M,海通期货,53334,535,48869,1069,13
2026-08-03,M,申银万国,48386,853,46765,486,14
2026-08-03,M,华泰期货,48761,909,42248,-707,15
2026-08-03,M,东证期货,46876,672,39617,32,16
2026-08-03,M,银河期货,38867,-826,40273,429,17
2026-08-03,M,国泰君安,37762,462,37099,-56,18
2026-08-03,M,永安期货,36916,461,35345,202,19
2026-08-03,M,中信期货,35887,200,32482,-573,20
2026-08-04,M,五矿期货,85004,-405,71665,-69,1
2026-08-04,M,新湖期货,81454,569,72456,351,2
2026-08-04,M,宏源期货,81233,-835,70190,-249,3
2026-08-04,M,兴证期货,78465,937,68880,-199,4
2026-08-04,M,国投安信,72951,627,69277,637,5
2026-08-04,M,瑞达期货,68614,-979,64548,-186,6
2026-08-04,M,广发期货,65072,-740,60907,1098,7
2026-08-04,M,南华期货,62082,883,59646,-273,8
2026-08-04,M,招商期货,63216,-53,56877,767,9
2026-08-04,M,浙商期货,59414,-678,56898,20,10
2026-08-04,M,光大期货,57113,52,51848,-228,11
2026-08-04,M,方正中期,55649,153,51774,814,12
2026-08-04,M,海通期货,53496,162,49581,712,13
2026-08-04,M,申银万国,48325,-61,46873,108,14
2026-08-04,M,华泰期货,49671,910,42583,335,15
2026-08-04,M,东证期货,46574,-302,40695,1078,16
2026-08-04,M,银河期货,39886,1019,40981,708,17
2026-08-04,M,国泰君安,38822,1060,37896,797,18
2026-08-04,M,永安期货,37679,763,34888,-457,19
2026-08-04,M,中信期货,36130,243,32596,114,20
2026-08-05,M,五矿期货,84113,-891,72091,426,1
2026-08-05,M,新湖期货,80890,-564,72532,76,2
2026-08-05,M,宏源期货,81952,719,70569,379,3
2026-08-05,M,兴证期货,78438,-27,69426,546,4
2026-08-05,M,国投安信,72016,-935,69251,-26,5
2026-08-05,M,瑞达期货,67622,-992,64743,195,6
2026-08-05,M,广发期货,64097,-975,61047,140,7
2026-08-05,M,南华期货,61980,-102,59833,187,8
2026-08-05,M,招商期货,63941,725,56483,-394,9
2026-08-05,M,浙商期货,60116,702,56679,-219,10
2026-08-05,M,光大期货,57456,343,51745,-103,11
2026-08-05,M,方正中期,55267,-382,52178,404,12
2026-08-05,M,海通期货,52511,-985,49075,-506,13
2026-08-05,M,申银万国,48895,570,47358,485,14
2026-08-05,M,华泰期货,49998,327,43482,899,15
2026-08-05,M,东证期货,46197,-377,41617,922,16
2026-08-05,M,银河期货,39546,-340,41651,670,17
2026-08-05,M,国泰君安,38493,-329,37956,60,18
2026-08-05,M,永安期货,37958,279,35016,128,19
2026-08-05,M,中信期货,35319,-811,33176,580,20
2026-08-06,M,五矿期货,84236,123,72800,709,1
2026-08-06,M,宏源期货,81843,-109,70996,427,2
2026-08-06,M,新湖期货,80529,-361,71857,-675,3
2026-08-06,M,兴证期货,78465,27,70428,1002,4
2026-08-06,M,国投安信,71383,-633,69892,641,5
2026-08-06,M,瑞达期货,67952,330,64061,-682,6
2026-08-06,M,广发期货,63563,-534,60521,-526,7
2026-08-06,M,招商期货,64715,774,56988,505,8
2026-08-06,M,南华期货,62313,333,59174,-659,9
2026-08-06,M,浙商期货,59463,-653,56219,-460,10
2026-08-06,M,光大期货,56911,-545,52275,530,11
2026-08-06,M,方正中期,55270,3,51678,-500,12
2026-08-06,M,海通期货,52032,-479,50094,1019,13
2026-08-06,M,申银万国,49496,601,47163,-195,14
2026-08-06,M,华泰期货,49516,-482,44290,808,15
2026-08-06,M,东证期货,46209,12,41305,-312,16
2026-08-06,M,银河期货,39299,-247,41102,-549,17
2026-08-06,M,国泰君安,38852,359,38405,449,18
2026-08-06,M,永安期货,38990,1032,34498,-518,19
2026-08-06,M,中信期货,34995,-324,34333,1157,20
2026-08-07,M,五矿期货,83805,-431,72333,-467,1
2026-08-07,M,新湖期货,80392,-137,72890,1033,2
2026-08-07,M,宏源期货,80979,-864,71550,554,3
2026-08-07,M,兴证期货,78849,384,70519,91,4
2026-08-07,M,国投安信,72071,688,70816,924,5
2026-08-07,M,瑞达期货,68110,158,64061,0,6
2026-08-07,M,广发期货,62970,-593,60428,-93,7
2026-08-07,M,招商期货,63936,-779,57274,286,8
2026-08-07,M,南华期货,61461,-852,58899,-275,9
2026-08-07,M,浙商期货,59491,28,56367,148,10
2026-08-07,M,光大期货,56124,-787,51673,-602,11
2026-08-07,M,方正中期,54740,-530,51634,-44,12
2026-08-07,M,海通期货,51113,-919,50563,469,13
2026-08-07,M,申银万国,49592,96,47874,711,14
2026-08-07,M,华泰期货,50245,729,44253,-37,15
2026-08-07,M,东证期货,47049,840,42381,1076,16
2026-08-07,M,银河期货,38442,-857,41811,709,17
2026-08-07,M,国泰君安,38492,-360,38252,-153,18
2026-08-07,M,永安期货,38566,-424,33942,-556,19
2026-08-07,M,中信期货,36054,1059,35116,783,20
2026-08-10,M,五矿期货,83499,-306,72013,-320,1
2026-08-10,M,新湖期货,80572,180,73589,699,2
2026-08-10,M,宏源期货,81009,30,72394,844,3
2026-08-10,M,兴证期货,79438,589,71278,759,4
2026-08-10,M,国投安信,72107,36,71521,705,5
2026-08-10,M,瑞达期货,68754,644,63942,-119,6
2026-08-10,M,广发期货,63207,237,60101,-327,7
2026-08-10,M,招商期货,64793,857,57724,450,8
2026-08-10,M,南华期货,60503,-958,58356,-543,9
2026-08-10,M,浙商期货,60386,895,55914,-453,10
2026-08-10,M,光大期货,55205,-919,51508,-165,11
2026-08-10,M,方正中期,54058,-682,51628,-6,12
2026-08-10,M,海通期货,51376,263,49866,-697,13
2026-08-10,M,申银万国,50512,920,47716,-158,14
2026-08-10,M,华泰期货,50002,-243,44456,203,15
2026-08-10,M,东证期货,47996,947,43036,655,16
2026-08-10,M,银河期货,39549,1107,41966,155,17
2026-08-10,M,国泰君安,38339,-153,38258,6,18
2026-08-10,M,中信期货,36407,353,36050,934,19
2026-08-10,M,永安期货,37726,-840,33930,-12,20
2026-08-11,M,五矿期货,84201,702,72431,418,1
2026-08-11,M,新湖期货,80113,-459,73228,-361,2
2026-08-11,M,宏源期货,80902,-107,72283,-111,3
2026-08-11,M,兴证期货,79502,64,71583,305,4
2026-08-11,M,国投安信,72064,-43,72111,590,5
2026-08-11,M,瑞达期货,67849,-905,64425,483,6
2026-08-11,M,广发期货,63277,70,60975,874,7
2026-08-11,M,招商期货,65284,491,57212,-512,8
2026-08-11,M,南华期货,61228,725,59395,1039,9
2026-08-11,M,浙商期货,60232,-154,56257,343,10
2026-08-11,M,光大期货,55317,112,52251,743,11
2026-08-11,M,方正中期,54224,166,52158,530,12
2026-08-11,M,海通期货,51523,147,50137,271,13
2026-08-11,M,申银万国,51465,953,47415,-301,14
2026-08-11,M,华泰期货,49152,-850,43854,-602,15
2026-08-11,M,东证期货,48667,671,43685,649,16
2026-08-11,M,银河期货,38966,-583,42066,100,17
2026-08-11,M,国泰君安,38794,455,39065,807,18
2026-08-11,M,永安期货,37611,-115,34951,1021,19
2026-08-11,M,中信期货,36710,303,35436,-614,20
2026-08-12,M,五矿期货,84886,685,73364,933,1
2026-08-12,M,宏源期货,81502,600,72380,97,2
2026-08-12,M,新湖期货,79573,-540,73634,406,3
2026-08-12,M,兴证期货,78963,-539,71742,159,4
2026-08-12,M,国投安信,72045,-19,72590,479,5
2026-08-12,M,瑞达期货,67580,-269,65003,578,6
2026-08-12,M,广发期货,62423,-854,62088,1113,7
2026-08-12,M,招商期货,64437,-847,57172,-40,8
2026-08-12,M,南华期货,61365,137,59670,275,9
2026-08-12,M,浙商期货,60061,-171,56238,-19,10
2026-08-12,M,光大期货,56268,951,53293,1042,11
2026-08-12,M,方正中期,54125,-99,52898,740,12
2026-08-12,M,海通期货,51932,409,49870,-267,13
2026-08-12,M,申银万国,52446,981,46891,-524,14
2026-08-12,M,华泰期货,48786,-366,44626,772,15
2026-08-12,M,东证期货,48249,-418,43938,253,16
2026-08-12,M,银河期货,39648,682,42127,61,17
2026-08-12,M,国泰君安,38401,-393,40021,956,18
2026-08-12,M,永安期货,37321,-290,36136,1185,19
2026-08-12,M,中信期货,36319,-391,35429,-7,20
2026-08-13,M,五矿期货,85443,557,73739,375,1
2026-08-13,M,新湖期货,79420,-153,73413,-221,2
2026-08-13,M,宏源期货,80833,-669,71867,-513,3
2026-08-13,M,兴证期货,78882,-81,71013,-729,4
2026-08-13,M,国投安信,71403,-642,73624,1034,5
2026-08-13,M,瑞达期货,66975,-605,66085,1082,6
2026-08-13,M,广发期货,63218,795,62910,822,7
2026-08-13,M,南华期货,61367,2,60205,535,8
2026-08-13,M,招商期货,63730,-707,57591,419,9
2026-08-13,M,浙商期货,59913,-148,56512,274,10
2026-08-13,M,光大期货,55424,-844,53369,76,11
2026-08-13,M,方正中期,53757,-368,52379,-519,12
2026-08-13,M,海通期货,51509,-423,49809,-61,13
2026-08-13,M,申银万国,51969,-477,47760,869,14
2026-08-13,M,东证期货,48556,307,44621,683,15
2026-08-13,M,华泰期货,48058,-728,45106,480,16
2026-08-13,M,银河期货,39592,-56,42827,700,17
2026-08-13,M,国泰君安,39101,700,41203,1182,18
2026-08-13,M,永安期货,36687,-634,37351,1215,19
2026-08-13,M,中信期货,36530,211,35250,-179,20
2026-08-14,M,五矿期货,84653,-790,74458,719,1
2026-08-14,M,新湖期货,79656,236,73915,502,2
2026-08-14,M,宏源期货,80512,-321,72318,451,3
2026-08-14,M,兴证期货,79561,679,72092,1079,4
2026-08-14,M,国投安信,71082,-321,74701,1077,5
2026-08-14,M,瑞达期货,66565,-410,65568,-517,6
2026-08-14,M,广发期货,62702,-516,63608,698,7
2026-08-14,M,南华期货,61784,417,60585,380,8
2026-08-14,M,招商期货,62981,-749,57654,63,9
2026-08-14,M,浙商期货,59767,-146,56477,-35,10
2026-08-14,M,光大期货,55208,-216,54460,1091,11
2026-08-14,M,方正中期,53831,74,53500,1121,12
2026-08-14,M,海通期货,51553,44,50824,1015,13
2026-08-14,M,申银万国,51108,-861,47271,-489,14
2026-08-14,M,华泰期货,48461,403,44687,-419,15
2026-08-14,M,东证期货,48549,-7,43990,-631,16
2026-08-14,M,银河期货,38771,-821,43854,1027,17
2026-08-14,M,国泰君安,38469,-632,42303,1100,18
2026-08-14,M,永安期货,37253,566,37633,282,19
2026-08-14,M,中信期货,37161,631,34776,-474,20
2026-08-17,M,五矿期货,84541,-112,74059,-399,1
2026-08-17,M,宏源期货,80831,319,72486,168,2
2026-08-17,M,新湖期货,79422,-234,73811,-104,3
2026-08-17,M,兴证期货,79308,-253,72712,620,4
2026-08-17,M,国投安信,71287,205,75155,454,5
2026-08-17,M,瑞达期货,67389,824,64823,-745,6
2026-08-17,M,广发期货,61863,-839,63159,-449,7
2026-08-17,M,南华期货,62453,669,60868,283,8
2026-08-17,M,招商期货,63178,197,58770,1116,9
2026-08-17,M,浙商期货,60239,472,57285,808,10
2026-08-17,M,光大期货,55700,492,54075,-385,11
2026-08-17,M,方正中期,54254,423,53015,-485,12
2026-08-17,M,海通期货,52094,541,51041,217,13
2026-08-17,M,申银万国,50990,-118,47103,-168,14
2026-08-17,M,华泰期货,48967,506,45636,949,15
2026-08-17,M,东证期货,48950,401,44231,241,16
2026-08-17,M,银河期货,39746,975,44011,157,17
2026-08-17,M,国泰君安,38305,-164,42542,239,18
2026-08-17,M,中信期货,37783,622,35981,1205,19
2026-08-17,M,永安期货,36455,-798,37104,-529,20
2026-08-18,M,五矿期货,84708,167,75100,1041,1
2026-08-18,M,兴证期货,80105,797,73449,737,2
2026-08-18,M,新湖期货,79475,53,73620,-191,3
2026-08-18,M,宏源期货,80252,-579,72607,121,4
2026-08-18,M,国投安信,72212,925,75899,744,5
2026-08-18,M,瑞达期货,66464,-925,65730,907,6
2026-08-18,M,广发期货,61218,-645,62692,-467,7
2026-08-18,M,南华期货,62095,-358,61658,790,8
2026-08-18,M,招商期货,62829,-349,58796,26,9
2026-08-18,M,浙商期货,60102,-137,57109,-176,10
2026-08-18,M,光大期货,56418,718,55215,1140,11
2026-08-18,M,方正中期,54431,177,53295,280,12
2026-08-18,M,海通期货,52921,827,51356,315,13
2026-08-18,M,申银万国,51135,145,47403,300,14
2026-08-18,M,华泰期货,48655,-312,44974,-662,15
2026-08-18,M,东证期货,48668,-282,44561,330,16
2026-08-18,M,银河期货,39054,-692,43806,-205,17
2026-08-18,M,国泰君安,39349,1044,43445,903,18
2026-08-18,M,永安期货,36606,151,37903,799,19
2026-08-18,M,中信期货,38097,314,35873,-108,20
2026-08-19,M,五矿期货,84803,95,75441,341,1
2026-08-19,M,新湖期货,80430,955,74684,1064,2
2026-08-19,M,兴证期货,79151,-954,73914,465,3
2026-08-19,M,宏源期货,81090,838,71928,-679,4
2026-08-19,M,国投安信,72747,535,75484,-415,5
2026-08-19,M,瑞达期货,67171,707,66011,281,6
2026-08-19,M,广发期货,60631,-587,63062,370,7
2026-08-19,M,南华期货,61373,-722,61094,-564,8
2026-08-19,M,招商期货,63183,354,58606,-190,9
2026-08-19,M,浙商期货,60985,883,56823,-286,10
2026-08-19,M,光大期货,56951,533,54672,-543,11
2026-08-19,M,方正中期,53952,-479,53776,481,12
2026-08-19,M,海通期货,52501,-420,52475,1119,13
2026-08-19,M,申银万国,51938,803,46989,-414,14
2026-08-19,M,东证期货,48338,-330,44877,316,15
2026-08-19,M,华泰期货,48543,-112,44672,-302,16
2026-08-19,M,国泰君安,39042,-307,43104,-341,17
2026-08-19,M,银河期货,38406,-648,43715,-91,18
2026-08-19,M,永安期货,36976,370,37866,-37,19
2026-08-19,M,中信期货,37410,-687,35904,31,20
2026-08-20,M,五矿期货,84031,-772,75405,-36,1
2026-08-20,M,新湖期货,80918,488,75293,609,2
2026-08-20,M,兴证期货,78318,-833,74924,1010,3
2026-08-20,M,宏源期货,80360,-730,71738,-190,4
2026-08-20,M,国投安信,72747,0,75262,-222,5
2026-08-20,M,瑞达期货,67981,810,66136,125,6
2026-08-20,M,南华期货,62245,872,62064,970,7
2026-08-20,M,广发期货,59866,-765,63212,150,8
2026-08-20,M,招商期货,63639,456,59292,686,9
2026-08-20,M,浙商期货,61855,870,56287,-536,10
2026-08-20,M,光大期货,56870,-81,54516,-156,11
2026-08-20,M,方正中期,53200,-752,54717,941,12
2026-08-20,M,海通期货,52402,-99,52781,306,13
2026-08-20,M,申银万国,51801,-137,47728,739,14
2026-08-20,M,华泰期货,49461,918,45081,409,15
2026-08-20,M,东证期货,47864,-474,44774,-103,16
2026-08-20,M,国泰君安,39856,814,44108,1004,17
2026-08-20,M,银河期货,37568,-838,43791,76,18
2026-08-20,M,永安期货,37722,746,37585,-281,19
2026-08-20,M,中信期货,36533,-877,36224,320,20
2026-08-21,M,五矿期货,83093,-938,75944,539,1
2026-08-21,M,新湖期货,81705,787,75815,522,2
2026-08-21,M,兴证期货,79031,713,75307,383,3
2026-08-21,M,宏源期货,80703,343,72693,955,4
2026-08-21,M,国投安信,72387,-360,74891,-371,5
2026-08-21,M,瑞达期货,68597,616,66443,307,6
2026-08-21,M,招商期货,64456,817,60425,1133,7
2026-08-21,M,南华期货,61313,-932,62191,127,8
2026-08-21,M,广发期货,59061,-805,63896,684,9
2026-08-21,M,浙商期货,62253,398,56171,-116,10
2026-08-21,M,光大期货,56011,-859,55203,687,11
2026-08-21,M,方正中期,53566,366,55548,831,12
2026-08-21,M,海通期货,52898,496,53071,290,13
2026-08-21,M,申银万国,51719,-82,48259,531,14
2026-08-21,M,华泰期货,49137,-324,44886,-195,15
2026-08-21,M,东证期货,47294,-570,45132,358,16
2026-08-21,M,国泰君安,39421,-435,44917,809,17
2026-08-21,M,银河期货,36830,-738,43780,-11,18
2026-08-21,M,永安期货,38477,755,37066,-519,19
2026-08-21,M,中信期货,37167,634,37168,944,20
2026-08-24,M,五矿期货,82447,-646,75263,-681,1
2026-08-24,M,新湖期货,81122,-583,76509,694,2
2026-08-24,M,宏源期货,80835,132,73184,491,3
2026-08-24,M,兴证期货,78158,-873,75551,244,4
2026-08-24,M,国投安信,71383,-1004,75020,129,5
2026-08-24,M,瑞达期货,69121,524,66121,-322,6
2026-08-24,M,招商期货,65239,783,59846,-579,7
2026-08-24,M,南华期货,62250,937,62488,297,8
2026-08-24,M,广发期货,59806,745,64617,721,9
2026-08-24,M,浙商期货,61649,-604,56711,540,10
2026-08-24,M,光大期货,55579,-432,54712,-491,11
2026-08-24,M,方正中期,54058,492,55805,257,12
2026-08-24,M,海通期货,53554,656,52694,-377,13
2026-08-24,M,申银万国,51019,-700,48491,232,14
2026-08-24,M,华泰期货,48670,-467,45088,202,15
2026-08-24,M,东证期货,47783,489,44852,-280,16
2026-08-24,M,国泰君安,39731,310,45007,90,17
2026-08-24,M,银河期货,37726,896,43550,-230,18
2026-08-24,M,永安期货,38871,394,36402,-664,19
2026-08-24,M,中信期货,36780,-387,36768,-400,20
2026-08-25,M,新湖期货,81948,826,77295,786,1
2026-08-25,M,五矿期货,83001,554,75091,-172,2
2026-08-25,M,宏源期货,81797,962,74228,1044,3
2026-08-25,M,兴证期货,77596,-562,75021,-530,4
2026-08-25,M,国投安信,70978,-405,74457,-563,5
2026-08-25,M,瑞达期货,69223,102,66346,225,6
2026-08-25,M,招商期货,65232,-7,60717,871,7
2026-08-25,M,南华期货,62530,280,62531,43,8
2026-08-25,M,广发期货,60020,214,64588,-29,9
2026-08-25,M,浙商期货,62007,358,56944,233,10
2026-08-25,M,光大期货,56361,782,54550,-162,11
2026-08-25,M,方正中期,54769,711,55519,-286,12
2026-08-25,M,海通期货,54341,787,52548,-146,13
2026-08-25,M,申银万国,51354,335,48099,-392,14
2026-08-25,M,华泰期货,48651,-19,45414,326,15
2026-08-25,M,东证期货,48199,416,44886,34,16
2026-08-25,M,国泰君安,39619,-112,45619,612,17
2026-08-25,M,银河期货,38031,305,43350,-200,18
2026-08-25,M,永安期货,38837,-34,37130,728,19
2026-08-25,M,中信期货,36428,-352,37344,576,20
2026-08-26,M,五矿期货,83142,141,75911,820,1
2026-08-26,M,新湖期货,81775,-173,76659,-636,2
2026-08-26,M,宏源期货,82529,732,75071,843,3
2026-08-26,M,兴证期货,77026,-570,76083,1062,4
2026-08-26,M,国投安信,70516,-462,74736,279,5
2026-08-26,M,瑞达期货,68272,-951,66181,-165,6
2026-08-26,M,招商期货,65991,759,60958,241,7
2026-08-26,M,南华期货,62750,220,62614,83,8
2026-08-26,M,广发期货,60417,397,64308,-280,9
2026-08-26,M,浙商期货,62717,710,57832,888,10
2026-08-26,M,光大期货,57157,796,54780,230,11
2026-08-26,M,方正中期,54021,-748,56343,824,12
2026-08-26,M,海通期货,54146,-195,53231,683,13
2026-08-26,M,申银万国,51055,-299,48766,667,14
2026-08-26,M,华泰期货,48993,342,44886,-528,15
2026-08-26,M,东证期货,48260,61,44859,-27,16
2026-08-26,M,国泰君安,40085,466,45809,190,17
2026-08-26,M,银河期货,37378,-653,43030,-320,18
2026-08-26,M,永安期货,38806,-31,37365,235,19
2026-08-26,M,中信期货,36204,-224,37170,-174,20
2026-08-27,M,五矿期货,83237,95,75191,-720,1
2026-08-27,M,新湖期货,81029,-746,77137,478,2
2026-08-27,M,宏源期货,82769,240,74986,-85,3
2026-08-27,M,兴证期货,76241,-785,76579,496,4
2026-08-27,M,国投安信,71102,586,75256,520,5
2026-08-27,M,瑞达期货,68359,87,65843,-338,6
2026-08-27,M,招商期货,65897,-94,61037,79,7
2026-08-27,M,南华期货,62193,-557,63026,412,8
2026-08-27,M,广发期货,61200,783,63889,-419,9
2026-08-27,M,浙商期货,61800,-917,57703,-129,10
2026-08-27,M,光大期货,57450,293,55696,916,11
2026-08-27,M,方正中期,53459,-562,56278,-65,12
2026-08-27,M,海通期货,54130,-16,53962,731,13
2026-08-27,M,申银万国,50156,-899,48555,-211,14
2026-08-27,M,华泰期货,48516,-477,45994,1108,15
2026-08-27,M,东证期货,48240,-20,44995,136,16
2026-08-27,M,国泰君安,40037,-48,45930,121,17
2026-08-27,M,银河期货,38144,766,43255,225,18
2026-08-27,M,永安期货,38577,-229,37220,-145,19
2026-08-27,M,中信期货,36696,492,37140,-30,20
2026-08-28,M,五矿期货,83728,491,74940,-251,1
2026-08-28,M,新湖期货,80460,-569,77509,372,2
2026-08-28,M,宏源期货,82437,-332,75072,86,3
2026-08-28,M,兴证期货,77096,855,76584,5,4
2026-08-28,M,国投安信,71733,631,74826,-430,5
2026-08-28,M,瑞达期货,67818,-541,65677,-166,6
2026-08-28,M,招商期货,65208,-689,61993,956,7
2026-08-28,M,广发期货,61950,750,64599,710,8
2026-08-28,M,南华期货,62280,87,63076,50,9
2026-08-28,M,浙商期货,61886,86,57349,-354,10
2026-08-28,M,光大期货,56871,-579,55677,-19,11
2026-08-28,M,方正中期,52549,-910,56580,302,12
2026-08-28,M,海通期货,53249,-881,54543,581,13
2026-08-28,M,申银万国,50714,558,48927,372,14
2026-08-28,M,华泰期货,48228,-288,46804,810,15
2026-08-28,M,东证期货,48032,-208,46183,1188,16
2026-08-28,M,国泰君安,39923,-114,45434,-496,17
2026-08-28,M,银河期货,38852,708,44018,763,18
2026-08-28,M,永安期货,39633,1056,38019,799,19
2026-08-28,M,中信期货,35849,-847,38103,963,20
2026-08-31,M,宏源期货,82943,506,76107,1035,1
2026-08-31,M,新湖期货,80002,-458,78514,1005,2
2026-08-31,M,五矿期货,82891,-837,74336,-604,3
2026-08-31,M,兴证期货,76354,-742,77499,915,4
2026-08-31,M,国投安信,72065,332,74886,60,5
2026-08-31,M,瑞达期货,68413,595,65690,13,6
2026-08-31,M,广发期货,61193,-757,65504,905,7
2026-08-31,M,招商期货,64704,-504,61302,-691,8
2026-08-31,M,南华期货,61827,-453,63851,775,9
2026-08-31,M,浙商期货,62457,571,57998,649,10
2026-08-31,M,光大期货,56332,-539,56210,533,11
2026-08-31,M,方正中期,52156,-393,55869,-711,12
2026-08-31,M,海通期货,52560,-689,54362,-181,13
2026-08-31,M,申银万国,50697,-17,48253,-674,14
2026-08-31,M,华泰期货,48032,-196,47664,860,15
2026-08-31,M,东证期货,47351,-681,46530,347,16
2026-08-31,M,国泰君安,39074,-849,46300,866,17
2026-08-31,M,银河期货,39887,1035,44416,398,18
2026-08-31,M,永安期货,40668,1035,37366,-653,19
2026-08-31,M,中信期货,35032,-817,39154,1051,20
2026-09-01,M,新湖期货,79533,-469,79097,583,1
2026-09-01,M,宏源期货,82348,-595,75551,-556,2
2026-09-01,M,五矿期货,83061,170,74541,205,3
2026-09-01,M,兴证期货,75905,-449,77678,179,4
2026-09-01,M,国投安信,71102,-963,74744,-142,5
2026-09-01,M,瑞达期货,68452,39,66452,762,6
2026-09-01,M,招商期货,64934,230,62301,999,7
2026-09-01,M,广发期货,60845,-348,65614,110,8
2026-09-01,M,南华期货,61456,-371,64698,847,9
2026-09-01,M,浙商期货,61844,-613,58940,942,10
2026-09-01,M,光大期货,56945,613,56251,41,11
2026-09-01,M,方正中期,52653,497,56313,444,12
2026-09-01,M,海通期货,51860,-700,53797,-565,13
2026-09-01,M,申银万国,50925,228,49375,1122,14
2026-09-01,M,华泰期货,48722,690,48013,349,15
2026-09-01,M,东证期货,46491,-860,47370,840,16
2026-09-01,M,国泰君安,39745,671,47120,820,17
2026-09-01,M,银河期货,39847,-40,43777,-639,18
2026-09-01,M,永安期货,39929,-739,37719,353,19
2026-09-01,M,中信期货,35620,588,39914,760,20
2026-09-02,M,新湖期货,79676,143,78560,-537,1
2026-09-02,M,宏源期货,82095,-253,75767,216,2
2026-09-02,M,五矿期货,83367,306,74417,-124,3
2026-09-02,M,兴证期货,75370,-535,77833,155,4
2026-09-02,M,国投安信,70905,-197,75563,819,5
2026-09-02,M,瑞达期货,68625,173,65742,-710,6
2026-09-02,M,招商期货,65486,552,62660,359,7
2026-09-02,M,广发期货,60761,-84,65312,-302,8
2026-09-02,M,南华期货,61909,453,64159,-539,9
2026-09-02,M,浙商期货,62782,938,58943,3,10
2026-09-02,M,光大期货,57425,480,56297,46,11
2026-09-02,M,方正中期,51678,-975,56570,257,12
2026-09-02,M,海通期货,51350,-510,53820,23,13
2026-09-02,M,申银万国,51007,82,49652,277,14
2026-09-02,M,华泰期货,49570,848,48692,679,15
2026-09-02,M,东证期货,46590,99,47272,-98,16
2026-09-02,M,国泰君安,39310,-435,47272,152,17
2026-09-02,M,银河期货,40105,258,43667,-110,18
2026-09-02,M,永安期货,39810,-119,37635,-84,19
2026-09-02,M,中信期货,35609,-11,39424,-490,20
2026-09-03,M,五矿期货,83768,401,74814,397,1
2026-09-03,M,宏源期货,82793,698,75315,-452,2
2026-09-03,M,新湖期货,78740,-936,78458,-102,3
2026-09-03,M,兴证期货,75876,506,77764,-69,4
2026-09-03,M,国投安信,70738,-167,75440,-123,5
2026-09-03,M,瑞达期货,68625,0,65498,-244,6
2026-09-03,M,招商期货,66195,709,63060,400,7
2026-09-03,M,南华期货,62456,547,63875,-284,8
2026-09-03,M,广发期货,59871,-890,66123,811,9
2026-09-03,M,浙商期货,62843,61,59663,720,10
2026-09-03,M,光大期货,58131,706,56506,209,11
2026-09-03,M,方正中期,51493,-185,57072,502,12
2026-09-03,M,海通期货,50511,-839,53349,-471,13
2026-09-03,M,申银万国,51212,205,49403,-249,14
2026-09-03,M,华泰期货,50331,761,48935,243,15
2026-09-03,M,东证期货,46046,-544,47017,-255,16
2026-09-03,M,国泰君安,40418,1108,46763,-509,17
2026-09-03,M,银河期货,39410,-695,44135,468,18
2026-09-03,M,永安期货,39600,-210,37249,-386,19
2026-09-03,M,中信期货,36377,768,40034,610,20
2026-09-04,M,五矿期货,84290,522,74302,-512,1
2026-09-04,M,宏源期货,83333,540,74582,-733,2
2026-09-04,M,新湖期货,78061,-679,78762,304,3
2026-09-04,M,兴证期货,75635,-241,77264,-500,4
2026-09-04,M,国投安信,71160,422,74838,-602,5
2026-09-04,M,瑞达期货,67830,-795,65609,111,6
2026-09-04,M,招商期货,66321,126,64058,998,7
2026-09-04,M,南华期货,62960,504,64616,741,8
2026-09-04,M,广发期货,59027,-844,67249,1126,9
2026-09-04,M,浙商期货,62822,-21,59956,293,10
2026-09-04,M,光大期货,58065,-66,57197,691,11
2026-09-04,M,方正中期,50965,-528,56971,-101,12
2026-09-04,M,海通期货,51466,955,53924,575,13
2026-09-04,M,申银万国,51225,13,49284,-119,14
2026-09-04,M,华泰期货,50321,-10,49292,357,15
2026-09-04,M,东证期货,46307,261,47964,947,16
2026-09-04,M,国泰君安,40077,-341,47496,733,17
2026-09-04,M,银河期货,38948,-462,45001,866,18
2026-09-04,M,永安期货,39936,336,37401,152,19
2026-09-04,M,中信期货,37271,894,39365,-669,20
2026-07-27,C,五矿期货,86017,877,74262,22,1
2026-07-27,C,新湖期货,82052,780,75063,1016,2
2026-07-27,C,宏源期货,79014,-338,69886,-268,3
2026-07-27,C,兴证期货,78295,1000,67706,-456,4
2026-07-27,C,国投安信,74216,387,66111,-822,5
2026-07-27,C,瑞达期货,71282,-438,64683,-144,6
2026-07-27,C,广发期货,69988,245,62196,959,7
2026-07-27,C,南华期货,65396,-183,59741,453,8
2026-07-27,C,招商期货,64129,-580,55765,-714,9
2026-07-27,C,浙商期货,61179,59,55389,367,10
2026-07-27,C,光大期货,57535,-775,53769,429,11
2026-07-27,C,方正中期,56160,-223,49448,-657,12
2026-07-27,C,海通期货,53416,201,47170,89,13
2026-07-27,C,申银万国,51556,521,43679,-658,14
2026-07-27,C,华泰期货,46856,-516,43270,-442,15
2026-07-27,C,东证期货,46206,-142,42361,666,16
2026-07-27,C,银河期货,44848,1220,37340,-759,17
2026-07-27,C,国泰君安,39342,183,36204,-633,18
2026-07-27,C,中信期货,37779,-413,32802,-463,19
2026-07-27,C,永安期货,34350,-130,31390,82,20
2026-07-28,C,五矿期货,87096,1079,75065,803,1
2026-07-28,C,新湖期货,82390,338,74780,-283,2
2026-07-28,C,宏源期货,79861,847,70248,362,3
2026-07-28,C,兴证期货,78573,278,68437,731,4
2026-07-28,C,国投安信,74100,-116,65937,-174,5
2026-07-28,C,瑞达期货,71702,420,65401,718,6
2026-07-28,C,广发期货,70157,169,62548,352,7
2026-07-28,C,南华期货,64755,-641,60523,782,8
2026-07-28,C,招商期货,64383,254,55124,-641,9
2026-07-28,C,浙商期货,60644,-535,55077,-312,10
2026-07-28,C,光大期货,57078,-457,53492,-277,11
2026-07-28,C,方正中期,55470,-690,50094,646,12
2026-07-28,C,海通期货,53729,313,46632,-538,13
2026-07-28,C,申银万国,51070,-486,42987,-692,14
2026-07-28,C,华泰期货,47269,413,43770,500,15
2026-07-28,C,东证期货,46575,369,42699,338,16
2026-07-28,C,银河期货,44893,45,37091,-249,17
2026-07-28,C,国泰君安,39840,498,37004,800,18
2026-07-28,C,中信期货,37625,-154,32784,-18,19
2026-07-28,C,永安期货,34766,416,32113,723,20
2026-07-29,C,五矿期货,86689,-407,75362,297,1
2026-07-29,C,新湖期货,83046,656,74170,-610,2
2026-07-29,C,宏源期货,79580,-281,70422,174,3
2026-07-29,C,兴证期货,78639,66,68256,-181,4
2026-07-29,C,国投安信,74071,-29,66448,511,5
2026-07-29,C,瑞达期货,72455,753,65451,50,6
2026-07-29,C,广发期货,69537,-620,62745,197,7
2026-07-29,C,南华期货,65841,1086,59779,-744,8
2026-07-29,C,招商期货,63642,-741,56108,984,9
2026-07-29,C,浙商期货,59744,-900,54889,-188,10
2026-07-29,C,光大期货,57151,73,54433,941,11
2026-07-29,C,方正中期,54863,-607,49581,-513,12
2026-07-29,C,海通期货,54088,359,46082,-550,13
2026-07-29,C,申银万国,50357,-713,43782,795,14
2026-07-29,C,华泰期货,46843,-426,43363,-407,15
2026-07-29,C,东证期货,45800,-775,43533,834,16
2026-07-29,C,银河期货,44541,-352,36665,-426,17
2026-07-29,C,国泰君安,40922,1082,37203,199,18
2026-07-29,C,中信期货,38106,481,33383,599,19
2026-07-29,C,永安期货,35495,729,33127,1014,20
2026-07-30,C,五矿期货,86502,-187,74876,-486,1
2026-07-30,C,新湖期货,83037,-9,74655,485,2
2026-07-30,C,宏源期货,79822,242,71414,992,3
2026-07-30,C,兴证期货,79142,503,67652,-604,4
2026-07-30,C,国投安信,74786,715,66111,-337,5
2026-07-30,C,瑞达期货,72558,103,66024,573,6
2026-07-30,C,广发期货,69784,247,62799,54,7
2026-07-30,C,南华期货,66661,820,59824,45,8
2026-07-30,C,招商期货,64198,556,55550,-558,9
2026-07-30,C,浙商期货,60551,807,54607,-282,10
2026-07-30,C,光大期货,58187,1036,54880,447,11
2026-07-30,C,方正中期,54401,-462,49071,-510,12
2026-07-30,C,海通期货,54427,339,46956,874,13
2026-07-30,C,申银万国,49617,-740,44740,958,14
2026-07-30,C,东证期货,46737,937,43832,299,15
2026-07-30,C,华泰期货,46592,-251,43599,236,16
2026-07-30,C,银河期货,44488,-53,36533,-132,17
2026-07-30,C,国泰君安,41588,666,37404,201,18
2026-07-30,C,中信期货,38910,804,33402,19,19
2026-07-30,C,永安期货,35520,25,33129,2,20
2026-07-31,C,五矿期货,86844,342,74585,-291,1
2026-07-31,C,新湖期货,84024,987,73831,-824,2
2026-07-31,C,宏源期货,79441,-381,71593,179,3
2026-07-31,C,兴证期货,78997,-145,68677,1025,4
2026-07-31,C,国投安信,74078,-708,67126,1015,5
2026-07-31,C,瑞达期货,72293,-265,65846,-178,6
2026-07-31,C,广发期货,68895,-889,63149,350,7
2026-07-31,C,南华期货,66838,177,59373,-451,8
2026-07-31,C,招商期货,64203,5,55439,-111,9
2026-07-31,C,浙商期货,59672,-879,54158,-449,10
2026-07-31,C,光大期货,57653,-534,55561,681,11
2026-07-31,C,方正中期,54284,-117,48987,-84,12
2026-07-31,C,海通期货,55412,985,46497,-459,13
2026-07-31,C,申银万国,49863,246,45684,944,14
2026-07-31,C,东证期货,47448,711,43930,98,15
2026-07-31,C,华泰期货,46129,-463,44012,413,16
2026-07-31,C,银河期货,45080,592,36471,-62,17
2026-07-31,C,国泰君安,41762,174,38212,808,18
2026-07-31,C,中信期货,38878,-32,34383,981,19
2026-07-31,C,永安期货,34791,-729,34132,1003,20
2026-08-03,C,五矿期货,87404,560,74048,-537,1
2026-08-03,C,新湖期货,84379,355,74812,981,2
2026-08-03,C,宏源期货,79297,-144,70802,-791,3
2026-08-03,C,兴证期货,78309,-688,67905,-772,4
2026-08-03,C,国投安信,74295,217,67929,803,5
2026-08-03,C,瑞达期货,72719,426,66533,687,6
2026-08-03,C,广发期货,69530,635,64090,941,7
2026-08-03,C,南华期货,66293,-545,59492,119,8
2026-08-03,C,招商期货,64233,30,55593,154,9
2026-08-03,C,浙商期货,60016,344,54602,444,10
2026-08-03,C,光大期货,58652,999,55675,114,11
2026-08-03,C,方正中期,55151,867,49607,620,12
2026-08-03,C,海通期货,56198,786,45709,-788,13
2026-08-03,C,申银万国,49080,-783,46005,321,14
2026-08-03,C,东证期货,48110,662,43678,-252,15
2026-08-03,C,华泰期货,45790,-339,44442,430,16
2026-08-03,C,银河期货,44389,-691,37125,654,17
2026-08-03,C,国泰君安,41962,200,38257,45,18
2026-08-03,C,中信期货,38661,-217,34927,544,19
2026-08-03,C,永安期货,34079,-712,34687,555,20
2026-08-04,C,五矿期货,87982,578,73948,-100,1
2026-08-04,C,新湖期货,85333,954,75163,351,2
2026-08-04,C,宏源期货,79849,552,70298,-504,3
2026-08-04,C,兴证期货,78057,-252,68893,988,4
2026-08-04,C,国投安信,75132,837,68921,992,5
2026-08-04,C,瑞达期货,73533,814,67059,526,6
2026-08-04,C,广发期货,68664,-866,63921,-169,7
2026-08-04,C,南华期货,66650,357,60152,660,8
2026-08-04,C,招商期货,63730,-503,56084,491,9
2026-08-04,C,光大期货,59508,856,55939,264,10
2026-08-04,C,浙商期货,59684,-332,55498,896,11
2026-08-04,C,方正中期,54894,-257,48956,-651,12
2026-08-04,C,海通期货,56753,555,44986,-723,13
2026-08-04,C,申银万国,49088,8,46460,455,14
2026-08-04,C,东证期货,49038,928,44640,962,15
2026-08-04,C,华泰期货,45134,-656,43706,-736,16
2026-08-04,C,银河期货,43778,-611,37214,89,17
2026-08-04,C,国泰君安,42924,962,37756,-501,18
2026-08-04,C,中信期货,38243,-418,35940,1013,19
2026-08-04,C,永安期货,34744,665,35424,737,20
2026-08-05,C,五矿期货,87323,-659,73797,-151,1
2026-08-05,C,新湖期货,85581,248,75031,-132,2
2026-08-05,C,宏源期货,79586,-263,70008,-290,3
2026-08-05,C,兴证期货,78872,815,68049,-844,4
2026-08-05,C,国投安信,75761,629,69795,874,5
2026-08-05,C,瑞达期货,72987,-546,67510,451,6
2026-08-05,C,广发期货,68799,135,63909,-12,7
2026-08-05,C,南华期货,66156,-494,60712,560,8
2026-08-05,C,招商期货,63394,-336,56480,396,9
2026-08-05,C,浙商期货,59692,8,54739,-759,10
2026-08-05,C,光大期货,58779,-729,55442,-497,11
2026-08-05,C,方正中期,55486,592,48652,-304,12
2026-08-05,C,海通期货,56880,127,44438,-548,13
2026-08-05,C,申银万国,49877,789,47169,709,14
2026-08-05,C,东证期货,49629,591,43995,-645,15
2026-08-05,C,华泰期货,44367,-767,43251,-455,16
2026-08-05,C,银河期货,44713,935,37811,597,17
2026-08-05,C,国泰君安,42969,45,37838,82,18
2026-08-05,C,中信期货,39389,1146,36530,590,19
2026-08-05,C,永安期货,35021,277,34683,-741,20
2026-08-06,C,新湖期货,86611,1030,76027,996,1
2026-08-06,C,五矿期货,88193,870,73338,-459,2
2026-08-06,C,宏源期货,80080,494,70473,465,3
2026-08-06,C,兴证期货,78602,-270,68913,864,4
2026-08-06,C,国投安信,76344,583,69450,-345,5
2026-08-06,C,瑞达期货,72253,-734,68456,946,6
2026-08-06,C,广发期货,68666,-133,64001,92,7
2026-08-06,C,南华期货,65701,-455,61168,456,8
2026-08-06,C,招商期货,64109,715,55651,-829,9
2026-08-06,C,浙商期货,60362,670,54235,-504,10
2026-08-06,C,光大期货,59162,383,54633,-809,11
2026-08-06,C,方正中期,55236,-250,49012,360,12
2026-08-06,C,海通期货,56156,-724,43968,-470,13
2026-08-06,C,申银万国,49350,-527,47813,644,14
2026-08-06,C,东证期货,49029,-600,43463,-532,15
2026-08-06,C,华泰期货,45347,980,42586,-665,16
2026-08-06,C,银河期货,45838,1125,37989,178,17
2026-08-06,C,国泰君安,42365,-604,38227,389,18
2026-08-06,C,中信期货,40321,932,37186,656,19
2026-08-06,C,永安期货,35195,174,35076,393,20
2026-08-07,C,新湖期货,86631,20,76875,848,1
2026-08-07,C,五矿期货,88585,392,73895,557,2
2026-08-07,C,宏源期货,80494,414,70694,221,3
2026-08-07,C,兴证期货,78416,-186,69644,731,4
2026-08-07,C,国投安信,76629,285,69344,-106,5
2026-08-07,C,瑞达期货,72356,103,68333,-123,6
2026-08-07,C,广发期货,68307,-359,63340,-661,7
2026-08-07,C,南华期货,66229,528,61218,50,8
2026-08-07,C,招商期货,63813,-296,55332,-319,9
2026-08-07,C,光大期货,58820,-342,55592,959,10
2026-08-07,C,浙商期货,59870,-492,53747,-488,11
2026-08-07,C,方正中期,56046,810,48547,-465,12
2026-08-07,C,海通期货,56103,-53,43580,-388,13
2026-08-07,C,申银万国,49607,257,47609,-204,14
2026-08-07,C,东证期货,48836,-193,43057,-406,15
2026-08-07,C,华泰期货,45018,-329,42023,-563,16
2026-08-07,C,银河期货,45834,-4,38664,675,17
2026-08-07,C,国泰君安,42220,-145,37566,-661,18
2026-08-07,C,中信期货,41052,731,36687,-499,19
2026-08-07,C,永安期货,35945,750,35853,777,20
2026-08-10,C,新湖期货,87619,988,76261,-614,1
2026-08-10,C,五矿期货,88743,158,74393,498,2
2026-08-10,C,宏源期货,80128,-366,69908,-786,3
2026-08-10,C,兴证期货,77962,-454,69751,107,4
2026-08-10,C,国投安信,76160,-469,69022,-322,5
2026-08-10,C,瑞达期货,72507,151,69066,733,6
2026-08-10,C,广发期货,67957,-350,62675,-665,7
2026-08-10,C,南华期货,66850,621,61994,776,8
2026-08-10,C,招商期货,64042,229,56181,849,9
2026-08-10,C,浙商期货,60402,532,53928,181,10
2026-08-10,C,光大期货,58344,-476,55442,-150,11
2026-08-10,C,方正中期,56776,730,48288,-259,12
2026-08-10,C,海通期货,56863,760,44126,546,13
2026-08-10,C,申银万国,49417,-190,48082,473,14
2026-08-10,C,东证期货,49220,384,42718,-339,15
2026-08-10,C,华泰期货,45556,538,42061,38,16
2026-08-10,C,银河期货,45372,-462,38995,331,17
2026-08-10,C,国泰君安,42638,418,37585,19,18
2026-08-10,C,中信期货,40347,-705,37626,939,19
2026-08-10,C,永安期货,36868,923,35432,-421,20
2026-08-11,C,新湖期货,87838,219,75792,-469,1
2026-08-11,C,五矿期货,89383,640,73587,-806,2
2026-08-11,C,宏源期货,79561,-567,70014,106,3
2026-08-11,C,兴证期货,77795,-167,69528,-223,4
2026-08-11,C,国投安信,75643,-517,70042,1020,5
2026-08-11,C,瑞达期货,73456,949,68421,-645,6
2026-08-11,C,广发期货,67746,-211,63151,476,7
2026-08-11,C,南华期货,66923,73,61829,-165,8
2026-08-11,C,招商期货,63467,-575,56194,13,9
2026-08-11,C,光大期货,58178,-166,56372,930,10
2026-08-11,C,浙商期货,61347,945,53094,-834,11
2026-08-11,C,方正中期,56090,-686,48727,439,12
2026-08-11,C,海通期货,56623,-240,44712,586,13
2026-08-11,C,申银万国,50362,945,47301,-781,14
2026-08-11,C,东证期货,49594,374,42721,3,15
2026-08-11,C,华泰期货,46004,448,42416,355,16
2026-08-11,C,银河期货,45253,-119,38987,-8,17
2026-08-11,C,国泰君安,42814,176,38016,431,18
2026-08-11,C,中信期货,40540,193,37142,-484,19
2026-08-11,C,永安期货,37380,512,35043,-389,20
2026-08-12,C,新湖期货,87758,-80,76156,364,1
2026-08-12,C,五矿期货,88541,-842,73072,-515,2
2026-08-12,C,宏源期货,79212,-349,70346,332,3
2026-08-12,C,兴证期货,77767,-28,70263,735,4
2026-08-12,C,国投安信,74963,-680,70054,12,5
2026-08-12,C,瑞达期货,74454,998,68609,188,6
2026-08-12,C,广发期货,68760,1014,64145,994,7
2026-08-12,C,南华期货,66502,-421,62541,712,8
2026-08-12,C,招商期货,62649,-818,57140,946,9
2026-08-12,C,光大期货,58266,88,56911,539,10
2026-08-12,C,浙商期货,61268,-79,52858,-236,11
2026-08-12,C,方正中期,56420,330,48568,-159,12
2026-08-12,C,海通期货,57204,581,44626,-86,13
2026-08-12,C,申银万国,49960,-402,46968,-333,14
2026-08-12,C,东证期货,50310,716,42768,47,15
2026-08-12,C,华泰期货,46073,69,43274,858,16
2026-08-12,C,银河期货,45895,642,39107,120,17
2026-08-12,C,国泰君安,43249,435,38425,409,18
2026-08-12,C,中信期货,41022,482,37306,164,19
2026-08-12,C,永安期货,37499,119,35930,887,20
2026-08-13,C,新湖期货,88666,908,75658,-498,1
2026-08-13,C,五矿期货,88258,-283,72851,-221,2
2026-08-13,C,宏源期货,78614,-598,69906,-440,3
2026-08-13,C,兴证期货,76868,-899,70761,498,4
2026-08-13,C,国投安信,74401,-562,70147,93,5
2026-08-13,C,瑞达期货,74493,39,68569,-40,6
2026-08-13,C,广发期货,69501,741,64003,-142,7
2026-08-13,C,南华期货,67170,668,61980,-561,8
2026-08-13,C,招商期货,62382,-267,57913,773,9
2026-08-13,C,光大期货,59331,1065,56171,-740,10
2026-08-13,C,浙商期货,62355,1087,52193,-665,11
2026-08-13,C,方正中期,56202,-218,49332,764,12
2026-08-13,C,海通期货,56570,-634,45134,508,13
2026-08-13,C,申银万国,50599,639,46403,-565,14
2026-08-13,C,东证期货,51460,1150,43071,303,15
2026-08-13,C,华泰期货,45579,-494,43587,313,16
2026-08-13,C,银河期货,47091,1196,39765,658,17
2026-08-13,C,国泰君安,44284,1035,38877,452,18
2026-08-13,C,中信期货,42130,1108,37151,-155,19
2026-08-13,C,永安期货,37767,268,35500,-430,20
2026-08-14,C,新湖期货,87962,-704,75601,-57,1
2026-08-14,C,五矿期货,87621,-637,72652,-199,2
2026-08-14,C,宏源期货,79276,662,70933,1027,3
2026-08-14,C,兴证期货,77414,546,70408,-353,4
2026-08-14,C,国投安信,75203,802,70246,99,5
2026-08-14,C,瑞达期货,74961,468,68489,-80,6
2026-08-14,C,广发期货,70470,969,64120,117,7
2026-08-14,C,南华期货,67701,531,61565,-415,8
2026-08-14,C,招商期货,62888,506,57870,-43,9
2026-08-14,C,浙商期货,62419,64,52469,276,10
2026-08-14,C,光大期货,59136,-195,55525,-646,11
2026-08-14,C,方正中期,56279,77,48808,-524,12
2026-08-14,C,海通期货,56436,-134,44294,-840,13
2026-08-14,C,申银万国,51430,831,47141,738,14
2026-08-14,C,东证期货,51181,-279,42616,-455,15
2026-08-14,C,华泰期货,46081,502,43874,287,16
2026-08-14,C,银河期货,46495,-596,40478,713,17
2026-08-14,C,国泰君安,43920,-364,39001,124,18
2026-08-14,C,中信期货,41833,-297,38137,986,19
2026-08-14,C,永安期货,37151,-616,35108,-392,20
2026-08-17,C,新湖期货,88289,327,76290,689,1
2026-08-17,C,五矿期货,87536,-85,73675,1023,2
2026-08-17,C,宏源期货,78379,-897,71333,400,3
2026-08-17,C,兴证期货,77540,126,71243,835,4
2026-08-17,C,国投安信,75044,-159,70092,-154,5
2026-08-17,C,瑞达期货,74542,-419,68394,-95,6
2026-08-17,C,广发期货,69934,-536,64842,722,7
2026-08-17,C,南华期货,68614,913,61961,396,8
2026-08-17,C,招商期货,62043,-845,57474,-396,9
2026-08-17,C,浙商期货,63506,1087,52820,351,10
2026-08-17,C,光大期货,59607,471,56191,666,11
2026-08-17,C,方正中期,56089,-190,48958,150,12
2026-08-17,C,海通期货,56629,193,43590,-704,13
2026-08-17,C,申银万国,51752,322,47097,-44,14
2026-08-17,C,东证期货,51782,601,43341,725,15
2026-08-17,C,华泰期货,46968,887,43893,19,16
2026-08-17,C,银河期货,46294,-201,41386,908,17
2026-08-17,C,国泰君安,43809,-111,40070,1069,18
2026-08-17,C,中信期货,41871,38,38950,813,19
2026-08-17,C,永安期货,37933,782,34611,-497,20
2026-08-18,C,新湖期货,88098,-191,76845,555,1
2026-08-18,C,五矿期货,88136,600,73032,-643,2
2026-08-18,C,宏源期货,79130,751,70652,-681,3
2026-08-18,C,兴证期货,76857,-683,71345,102,4
2026-08-18,C,国投安信,75203,159,70950,858,5
2026-08-18,C,瑞达期货,74457,-85,68941,547,6
2026-08-18,C,广发期货,69401,-533,64326,-516,7
2026-08-18,C,南华期货,68248,-366,61974,13,8
2026-08-18,C,招商期货,62127,84,56695,-779,9
2026-08-18,C,浙商期货,63988,482,53651,831,10
2026-08-18,C,光大期货,59344,-263,56133,-58,11
2026-08-18,C,方正中期,55497,-592,48691,-267,12
2026-08-18,C,海通期货,56097,-532,43611,21,13
2026-08-18,C,申银万国,51638,-114,47586,489,14
2026-08-18,C,东证期货,51620,-162,43462,121,15
2026-08-18,C,华泰期货,46258,-710,43738,-155,16
2026-08-18,C,银河期货,45604,-690,41048,-338,17
2026-08-18,C,国泰君安,44052,243,39684,-386,18
2026-08-18,C,中信期货,41562,-309,38462,-488,19
2026-08-18,C,永安期货,37311,-622,35163,552,20
2026-08-19,C,新湖期货,88167,69,77453,608,1
2026-08-19,C,五矿期货,87922,-214,73910,878,2
2026-08-19,C,宏源期货,78993,-137,71401,749,3
2026-08-19,C,兴证期货,76879,22,71523,178,4
2026-08-19,C,国投安信,75946,743,71960,1010,5
2026-08-19,C,瑞达期货,74793,336,69743,802,6
2026-08-19,C,广发期货,69799,398,63713,-613,7
2026-08-19,C,南华期货,67877,-371,62643,669,8
2026-08-19,C,招商期货,61847,-280,56715,20,9
2026-08-19,C,浙商期货,64667,679,52912,-739,10
2026-08-19,C,光大期货,59266,-78,56148,15,11
2026-08-19,C,方正中期,55936,439,49213,522,12
2026-08-19,C,申银万国,52143,505,47667,81,13
2026-08-19,C,海通期货,55220,-877,43756,145,14
2026-08-19,C,东证期货,51103,-517,43868,406,15
2026-08-19,C,华泰期货,46396,138,43674,-64,16
2026-08-19,C,银河期货,45153,-451,40931,-117,17
2026-08-19,C,国泰君安,44924,872,38939,-745,18
2026-08-19,C,中信期货,41610,48,39337,875,19
2026-08-19,C,永安期货,37874,563,36159,996,20
2026-08-20,C,新湖期货,89088,921,77830,377,1
2026-08-20,C,五矿期货,88427,505,73816,-94,2
2026-08-20,C,宏源期货,78844,-149,70653,-748,3
2026-08-20,C,兴证期货,76981,102,71615,92,4
2026-08-20,C,国投安信,75294,-652,72887,927,5
2026-08-20,C,瑞达期货,74469,-324,68974,-769,6
2026-08-20,C,广发期货,68998,-801,63814,101,7
2026-08-20,C,南华期货,67908,31,62683,40,8
2026-08-20,C,招商期货,62437,590,57651,936,9
2026-08-20,C,浙商期货,65431,764,53320,408,10
2026-08-20,C,光大期货,58770,-496,56352,204,11
2026-08-20,C,方正中期,56244,308,48891,-322,12
2026-08-20,C,海通期货,55010,-210,44355,599,13
2026-08-20,C,申银万国,51550,-593,46831,-836,14
2026-08-20,C,东证期货,51108,5,44880,1012,15
2026-08-20,C,华泰期货,46877,481,42987,-687,16
2026-08-20,C,银河期货,45461,308,41716,785,17
2026-08-20,C,国泰君安,44510,-414,39037,98,18
2026-08-20,C,中信期货,41058,-552,40175,838,19
2026-08-20,C,永安期货,38189,315,36136,-23,20
2026-08-21,C,新湖期货,89484,396,77990,160,1
2026-08-21,C,五矿期货,88409,-18,74794,978,2
2026-08-21,C,宏源期货,79432,588,70099,-554,3
2026-08-21,C,国投安信,74566,-728,73132,245,4
2026-08-21,C,兴证期货,76274,-707,71023,-592,5
2026-08-21,C,瑞达期货,74078,-391,68482,-492,6
2026-08-21,C,广发期货,69610,612,63775,-39,7
2026-08-21,C,南华期货,67082,-826,62921,238,8
2026-08-21,C,招商期货,62268,-169,58299,648,9
2026-08-21,C,浙商期货,65751,320,52698,-622,10
2026-08-21,C,光大期货,59172,402,55574,-778,11
2026-08-21,C,方正中期,56008,-236,48650,-241,12
2026-08-21,C,海通期货,54145,-865,44419,64,13
2026-08-21,C,申银万国,51380,-170,46835,4,14
2026-08-21,C,东证期货,51439,331,44657,-223,15
2026-08-21,C,华泰期货,46343,-534,42737,-250,16
2026-08-21,C,银河期货,46358,897,40994,-722,17
2026-08-21,C,国泰君安,44336,-174,39837,800,18
2026-08-21,C,中信期货,40969,-89,40787,612,19
2026-08-21,C,永安期货,37925,-264,36237,101,20
2026-08-24,C,新湖期货,89202,-282,78005,15,1
2026-08-24,C,五矿期货,88329,-80,73989,-805,2
2026-08-24,C,宏源期货,79836,404,70783,684,3
2026-08-24,C,兴证期货,76065,-209,72072,1049,4
2026-08-24,C,国投安信,75151,585,72443,-689,5
2026-08-24,C,瑞达期货,73960,-118,68681,199,6
2026-08-24,C,广发期货,70516,906,63132,-643,7
2026-08-24,C,南华期货,67488,406,63734,813,8
2026-08-24,C,招商期货,62615,347,58931,632,9
2026-08-24,C,浙商期货,64929,-822,52148,-550,10
2026-08-24,C,光大期货,58940,-232,55487,-87,11
2026-08-24,C,方正中期,55191,-817,47956,-694,12
2026-08-24,C,申银万国,52160,780,47057,222,13
2026-08-24,C,海通期货,54410,265,44507,88,14
2026-08-24,C,东证期货,52349,910,45737,1080,15
2026-08-24,C,华泰期货,47152,809,43387,650,16
2026-08-24,C,银河期货,46077,-281,42105,1111,17
2026-08-24,C,国泰君安,44967,631,40331,494,18
2026-08-24,C,中信期货,42179,1210,40955,168,19
2026-08-24,C,永安期货,37707,-218,36174,-63,20
2026-08-25,C,新湖期货,88682,-520,77721,-284,1
2026-08-25,C,五矿期货,88456,127,74514,525,2
2026-08-25,C,宏源期货,80346,510,71526,743,3
2026-08-25,C,兴证期货,75727,-338,72751,679,4
2026-08-25,C,国投安信,75808,657,72487,44,5
2026-08-25,C,瑞达期货,74028,68,68271,-410,6
2026-08-25,C,广发期货,70382,-134,63456,324,7
2026-08-25,C,南华期货,68224,736,62984,-750,8
2026-08-25,C,招商期货,62214,-401,59502,571,9
2026-08-25,C,浙商期货,65778,849,52923,775,10
2026-08-25,C,光大期货,59092,152,55741,254,11
2026-08-25,C,方正中期,54911,-280,48366,410,12
2026-08-25,C,东证期货,53282,933,46835,1098,13
2026-08-25,C,申银万国,52885,725,46599,-458,14
2026-08-25,C,海通期货,54679,269,44191,-316,15
2026-08-25,C,华泰期货,47139,-13,42775,-612,16
2026-08-25,C,银河期货,47105,1028,41497,-608,17
2026-08-25,C,国泰君安,45524,557,41082,751,18
2026-08-25,C,中信期货,41925,-254,41662,707,19
2026-08-25,C,永安期货,37303,-404,36933,759,20
2026-08-26,C,新湖期货,89475,793,77814,93,1
2026-08-26,C,五矿期货,88760,304,74525,11,2
2026-08-26,C,宏源期货,80904,558,71923,397,3
2026-08-26,C,兴证期货,75416,-311,73392,641,4
2026-08-26,C,国投安信,75038,-770,72889,402,5
2026-08-26,C,瑞达期货,73792,-236,67873,-398,6
2026-08-26,C,广发期货,69519,-863,64058,602,7
2026-08-26,C,南华期货,67777,-447,62594,-390,8
2026-08-26,C,招商期货,61965,-249,58850,-652,9
2026-08-26,C,浙商期货,66496,718,53373,450,10
2026-08-26,C,光大期货,59139,47,56117,376,11
2026-08-26,C,方正中期,54573,-338,48062,-304,12
2026-08-26,C,申银万国,53586,701,46597,-2,13
2026-08-26,C,东证期货,52512,-770,46898,63,14
2026-08-26,C,海通期货,55124,445,43606,-585,15
2026-08-26,C,华泰期货,46663,-476,41963,-812,16
2026-08-26,C,银河期货,46908,-197,41285,-212,17
2026-08-26,C,国泰君安,45115,-409,41700,618,18
2026-08-26,C,中信期货,41961,36,42755,1093,19
2026-08-26,C,永安期货,36616,-687,37401,468,20
2026-08-27,C,新湖期货,89724,249,77671,-143,1
2026-08-27,C,五矿期货,88030,-730,74100,-425,2
2026-08-27,C,宏源期货,81297,393,72069,146,3
2026-08-27,C,兴证期货,76497,1081,72702,-690,4
2026-08-27,C,国投安信,75883,845,73209,320,5
2026-08-27,C,瑞达期货,72958,-834,68376,503,6
2026-08-27,C,广发期货,69142,-377,64033,-25,7
2026-08-27,C,南华期货,68255,478,62542,-52,8
2026-08-27,C,招商期货,62493,528,58348,-502,9
2026-08-27,C,浙商期货,66027,-469,53613,240,10
2026-08-27,C,光大期货,59759,620,56288,171,11
2026-08-27,C,方正中期,54619,46,48961,899,12
2026-08-27,C,申银万国,53395,-191,47431,834,13
2026-08-27,C,东证期货,51757,-755,46830,-68,14
2026-08-27,C,海通期货,55134,10,43066,-540,15
2026-08-27,C,银河期货,48032,1124,41657,372,16
2026-08-27,C,华泰期货,46460,-203,41767,-196,17
2026-08-27,C,国泰君安,45131,16,41904,204,18
2026-08-27,C,中信期货,41854,-107,43093,338,19
2026-08-27,C,永安期货,37136,520,37850,449,20
2026-08-28,C,新湖期货,89076,-648,77019,-652,1
2026-08-28,C,五矿期货,87940,-90,73697,-403,2
2026-08-28,C,宏源期货,82340,1043,72959,890,3
2026-08-28,C,兴证期货,76372,-125,73095,393,4
2026-08-28,C,国投安信,76083,200,72628,-581,5
2026-08-28,C,瑞达期货,72826,-132,69412,1036,6
2026-08-28,C,广发期货,69247,105,63663,-370,7
2026-08-28,C,南华期货,68494,239,63215,673,8
2026-08-28,C,招商期货,63131,638,58079,-269,9
2026-08-28,C,浙商期货,66693,666,52810,-803,10
2026-08-28,C,光大期货,59742,-17,56288,0,11
2026-08-28,C,方正中期,54439,-180,49267,306,12
2026-08-28,C,申银万国,53774,379,47778,347,13
2026-08-28,C,东证期货,52358,601,47017,187,14
2026-08-28,C,海通期货,54575,-559,43494,428,15
2026-08-28,C,银河期货,47897,-135,41811,154,16
2026-08-28,C,国泰君安,44948,-183,42671,767,17
2026-08-28,C,华泰期货,45620,-840,41236,-531,18
2026-08-28,C,中信期货,41830,-24,42945,-148,19
2026-08-28,C,永安期货,37887,751,38164,314,20
2026-08-31,C,新湖期货,88979,-97,76630,-389,1
2026-08-31,C,五矿期货,88799,859,73674,-23,2
2026-08-31,C,宏源期货,82536,196,73199,240,3
2026-08-31,C,国投安信,76743,660,73080,452,4
2026-08-31,C,兴证期货,76122,-250,73273,178,5
2026-08-31,C,瑞达期货,73892,1066,69858,446,6
2026-08-31,C,广发期货,70158,911,64219,556,7
2026-08-31,C,南华期货,67810,-684,63725,510,8
2026-08-31,C,招商期货,62974,-157,58519,440,9
2026-08-31,C,浙商期货,66447,-246,53537,727,10
2026-08-31,C,光大期货,60069,327,56009,-279,11
2026-08-31,C,方正中期,54395,-44,50261,994,12
2026-08-31,C,申银万国,53710,-64,47648,-130,13
2026-08-31,C,东证期货,53170,812,47751,734,14
2026-08-31,C,海通期货,55213,638,43089,-405,15
2026-08-31,C,银河期货,47442,-455,42611,800,16
2026-08-31,C,国泰君安,44533,-415,43672,1001,17
2026-08-31,C,华泰期货,45541,-79,41512,276,18
2026-08-31,C,中信期货,42218,388,42767,-178,19
2026-08-31,C,永安期货,37539,-348,37620,-544,20
2026-09-01,C,新湖期货,88362,-617,77028,398,1
2026-09-01,C,五矿期货,89168,369,73854,180,2
2026-09-01,C,宏源期货,82903,367,72808,-391,3
2026-09-01,C,国投安信,76683,-60,72616,-464,4
2026-09-01,C,兴证期货,76525,403,72482,-791,5
2026-09-01,C,瑞达期货,74987,1095,69864,6,6
2026-09-01,C,广发期货,70595,437,64225,6,7
2026-09-01,C,南华期货,67695,-115,64063,338,8
2026-09-01,C,招商期货,63932,958,57870,-649,9
2026-09-01,C,浙商期货,65899,-548,54086,549,10
2026-09-01,C,光大期货,60119,50,56502,493,11
2026-09-01,C,方正中期,54179,-216,50973,712,12
2026-09-01,C,东证期货,54282,1112,48769,1018,13
2026-09-01,C,申银万国,53400,-310,46804,-844,14
2026-09-01,C,海通期货,55403,190,43938,849,15
2026-09-01,C,国泰君安,45444,911,44795,1123,16
2026-09-01,C,银河期货,47582,140,42162,-449,17
2026-09-01,C,华泰期货,45004,-537,41481,-31,18
2026-09-01,C,中信期货,42388,170,42583,-184,19
2026-09-01,C,永安期货,37772,233,38399,779,20
2026-09-02,C,新湖期货,88429,67,77637,609,1
2026-09-02,C,五矿期货,90154,986,73413,-441,2
2026-09-02,C,宏源期货,82493,-410,72316,-492,3
2026-09-02,C,兴证期货,77105,580,73423,941,4
2026-09-02,C,国投安信,76720,37,72521,-95,5
2026-09-02,C,瑞达期货,75957,970,69344,-520,6
2026-09-02,C,广发期货,70090,-505,65116,891,7
2026-09-02,C,南华期货,67842,147,64981,918,8
2026-09-02,C,招商期货,63829,-103,58150,280,9
2026-09-02,C,浙商期货,66616,717,54575,489,10
2026-09-02,C,光大期货,60450,331,57461,959,11
2026-09-02,C,方正中期,53325,-854,51644,671,12
2026-09-02,C,东证期货,54013,-269,48339,-430,13
2026-09-02,C,申银万国,53466,66,47355,551,14
2026-09-02,C,海通期货,54689,-714,43846,-92,15
2026-09-02,C,银河期货,47467,-115,42640,478,16
2026-09-02,C,国泰君安,45501,57,44071,-724,17
2026-09-02,C,华泰期货,45269,265,41912,431,18
2026-09-02,C,中信期货,42776,388,43312,729,19
2026-09-02,C,永安期货,37156,-616,38856,457,20
2026-09-03,C,新湖期货,87595,-834,78183,546,1
2026-09-03,C,五矿期货,90640,486,73395,-18,2
2026-09-03,C,宏源期货,81607,-886,72999,683,3
2026-09-03,C,兴证期货,78176,1071,72716,-707,4
2026-09-03,C,国投安信,76766,46,73149,628,5
2026-09-03,C,瑞达期货,75383,-574,68995,-349,6
2026-09-03,C,广发期货,71074,984,66127,1011,7
2026-09-03,C,南华期货,67620,-222,65917,936,8
2026-09-03,C,招商期货,64166,337,59015,865,9
2026-09-03,C,浙商期货,65943,-673,55370,795,10
2026-09-03,C,光大期货,60574,124,57924,463,11
2026-09-03,C,方正中期,52787,-538,51738,94,12
2026-09-03,C,东证期货,54177,164,48509,170,13
2026-09-03,C,申银万国,53801,335,47413,58,14
2026-09-03,C,海通期货,54284,-405,44627,781,15
2026-09-03,C,银河期货,47110,-357,43052,412,16
2026-09-03,C,国泰君安,46552,1051,43364,-707,17
2026-09-03,C,华泰期货,44870,-399,42462,550,18
2026-09-03,C,中信期货,42596,-180,42674,-638,19
2026-09-03,C,永安期货,37036,-120,38357,-499,20
2026-09-04,C,新湖期货,88162,567,79232,1049,1
2026-09-04,C,五矿期货,90787,147,73833,438,2
2026-09-04,C,宏源期货,81451,-156,72967,-32,3
2026-09-04,C,国投安信,77550,784,73784,635,4
2026-09-04,C,兴证期货,78850,674,71947,-769,5
2026-09-04,C,瑞达期货,75298,-85,69841,846,6
2026-09-04,C,广发期货,70773,-301,66939,812,7
2026-09-04,C,南华期货,68206,586,65189,-728,8
2026-09-04,C,招商期货,64250,84,59860,845,9
2026-09-04,C,浙商期货,65091,-852,55418,48,10
2026-09-04,C,光大期货,60767,193,58537,613,11
2026-09-04,C,方正中期,53130,343,52213,475,12
2026-09-04,C,东证期货,55358,1181,48271,-238,13
2026-09-04,C,申银万国,54001,200,46810,-603,14
2026-09-04,C,海通期货,54849,565,45367,740,15
2026-09-04,C,银河期货,47933,823,43136,84,16
2026-09-04,C,国泰君安,46561,9,42738,-626,17
2026-09-04,C,华泰期货,45779,909,43078,616,18
2026-09-04,C,中信期货,42778,182,43669,995,19
2026-09-04,C,永安期货,38031,995,38651,294,20
2026-07-27,CS,五矿期货,85581,576,76710,191,1
2026-07-27,CS,新湖期货,82312,-369,72701,-105,2
2026-07-27,CS,宏源期货,79802,296,71711,-826,3
2026-07-27,CS,兴证期货,76166,-280,68126,-547,4
2026-07-27,CS,国投安信,75560,-467,67271,344,5
2026-07-27,CS,瑞达期货,72101,-843,65448,892,6
2026-07-27,CS,广发期货,70725,404,62170,-384,7
2026-07-27,CS,南华期货,67188,-114,59785,-324,8
2026-07-27,CS,招商期货,64000,-302,58573,909,9
2026-07-27,CS,浙商期货,61976,-600,56707,394,10
2026-07-27,CS,光大期货,59974,523,51716,-587,11
2026-07-27,CS,方正中期,57206,623,50896,799,12
2026-07-27,CS,海通期货,54579,-297,47726,-534,13
2026-07-27,CS,申银万国,50881,0,46623,528,14
2026-07-27,CS,华泰期货,49464,73,44801,610,15
2026-07-27,CS,东证期货,46310,518,41855,-146,16
2026-07-27,CS,银河期货,44418,-456,39049,392,17
2026-07-27,CS,国泰君安,40345,-152,37671,696,18
2026-07-27,CS,中信期货,38489,681,33850,-174,19
2026-07-27,CS,永安期货,36876,374,33027,-28,20
2026-07-28,CS,五矿期货,85140,-441,76167,-543,1
2026-07-28,CS,新湖期货,82045,-267,72273,-428,2
2026-07-28,CS,宏源期货,79603,-199,71321,-390,3
2026-07-28,CS,兴证期货,76635,469,67408,-718,4
2026-07-28,CS,国投安信,75437,-123,66450,-821,5
2026-07-28,CS,瑞达期货,72192,91,66435,987,6
2026-07-28,CS,广发期货,70812,87,61679,-491,7
2026-07-28,CS,南华期货,68071,883,60010,225,8
2026-07-28,CS,招商期货,64427,427,58069,-504,9
2026-07-28,CS,浙商期货,62972,996,56850,143,10
2026-07-28,CS,光大期货,59848,-126,52638,922,11
2026-07-28,CS,方正中期,57377,171,50812,-84,12
2026-07-28,CS,海通期货,54705,126,47519,-207,13
2026-07-28,CS,申银万国,51183,302,47519,896,14
2026-07-28,CS,华泰期货,49882,418,44270,-531,15
2026-07-28,CS,东证期货,47521,1211,41789,-66,16
2026-07-28,CS,银河期货,45481,1063,38627,-422,17
2026-07-28,CS,国泰君安,40541,196,38167,496,18
2026-07-28,CS,中信期货,38767,278,33911,61,19
2026-07-28,CS,永安期货,37622,746,34039,1012,20
2026-07-29,CS,五矿期货,86209,1069,76412,245,1
2026-07-29,CS,新湖期货,81700,-345,72556,283,2
2026-07-29,CS,宏源期货,79742,139,70608,-713,3
2026-07-29,CS,兴证期货,75937,-698,67232,-176,4
2026-07-29,CS,国投安信,75353,-84,66882,432,5
2026-07-29,CS,瑞达期货,72652,460,65652,-783,6
2026-07-29,CS,广发期货,70326,-486,61573,-106,7
2026-07-29,CS,南华期货,67638,-433,60678,668,8
2026-07-29,CS,招商期货,64600,173,59058,989,9
2026-07-29,CS,浙商期货,63675,703,57613,763,10
2026-07-29,CS,光大期货,60680,832,53465,827,11
2026-07-29,CS,方正中期,58197,820,51490,678,12
2026-07-29,CS,海通期货,55661,956,46693,-826,13
2026-07-29,CS,申银万国,52152,969,47976,457,14
2026-07-29,CS,华泰期货,49922,40,44586,316,15
2026-07-29,CS,东证期货,47471,-50,42040,251,16
2026-07-29,CS,银河期货,46032,551,38260,-367,17
2026-07-29,CS,国泰君安,41377,836,37641,-526,18
2026-07-29,CS,中信期货,39580,813,34633,722,19
2026-07-29,CS,永安期货,37411,-211,34515,476,20
2026-07-30,CS,五矿期货,87158,949,75833,-579,1
2026-07-30,CS,新湖期货,80930,-770,73561,1005,2
2026-07-30,CS,宏源期货,80543,801,71636,1028,3
2026-07-30,CS,兴证期货,75426,-511,67883,651,4
2026-07-30,CS,国投安信,74640,-713,67553,671,5
2026-07-30,CS,瑞达期货,72882,230,65370,-282,6
2026-07-30,CS,广发期货,70673,347,61267,-306,7
2026-07-30,CS,南华期货,67101,-537,59910,-768,8
2026-07-30,CS,招商期货,65169,569,59142,84,9
2026-07-30,CS,浙商期货,63242,-433,58175,562,10
2026-07-30,CS,光大期货,61536,856,53116,-349,11
2026-07-30,CS,方正中期,58709,512,51972,482,12
2026-07-30,CS,海通期货,56275,614,46217,-476,13
2026-07-30,CS,申银万国,51776,-376,48758,782,14
2026-07-30,CS,华泰期货,49529,-393,44237,-349,15
2026-07-30,CS,东证期货,47851,380,42340,300,16
2026-07-30,CS,银河期货,45366,-666,38404,144,17
2026-07-30,CS,国泰君安,40759,-618,38505,864,18
2026-07-30,CS,中信期货,39901,321,35650,1017,19
2026-07-30,CS,永安期货,38364,953,35263,748,20
2026-07-31,CS,五矿期货,88021,863,76836,1003,1
2026-07-31,CS,新湖期货,81221,291,73591,30,2
2026-07-31,CS,宏源期货,80808,265,70805,-831,3
2026-07-31,CS,兴证期货,75523,97,67647,-236,4
2026-07-31,CS,国投安信,74180,-460,67928,375,5
2026-07-31,CS,瑞达期货,73092,210,65727,357,6
2026-07-31,CS,广发期货,70177,-496,60621,-646,7
2026-07-31,CS,南华期货,66371,-730,60034,124,8
2026-07-31,CS,招商期货,64507,-662,59197,55,9
2026-07-31,CS,浙商期货,62744,-498,58304,129,10
2026-07-31,CS,光大期货,61934,398,52415,-701,11
2026-07-31,CS,方正中期,58462,-247,52739,767,12
2026-07-31,CS,海通期货,56975,700,45471,-746,13
2026-07-31,CS,申银万国,51975,199,49713,955,14
2026-07-31,CS,华泰期货,49579,50,43588,-649,15
2026-07-31,CS,东证期货,48261,410,42547,207,16
2026-07-31,CS,银河期货,45785,419,39193,789,17
2026-07-31,CS,国泰君安,40445,-314,38234,-271,18
2026-07-31,CS,中信期货,39245,-656,35305,-345,19
2026-07-31,CS,永安期货,38654,290,35113,-150,20
2026-08-03,CS,五矿期货,87753,-268,77267,431,1
2026-08-03,CS,新湖期货,81470,249,73771,180,2
2026-08-03,CS,宏源期货,80471,-337,71343,538,3
2026-08-03,CS,国投安信,75056,876,68167,239,4
2026-08-03,CS,兴证期货,75132,-391,67495,-152,5
2026-08-03,CS,瑞达期货,72805,-287,65418,-309,6
2026-08-03,CS,广发期货,69858,-319,61092,471,7
2026-08-03,CS,南华期货,66460,89,60237,203,8
2026-08-03,CS,招商期货,64280,-227,59385,188,9
2026-08-03,CS,浙商期货,63136,392,57815,-489,10
2026-08-03,CS,光大期货,61588,-346,52573,158,11
2026-08-03,CS,方正中期,58395,-67,53120,381,12
2026-08-03,CS,海通期货,56590,-385,46166,695,13
2026-08-03,CS,申银万国,52009,34,48864,-849,14
2026-08-03,CS,华泰期货,49937,358,44285,697,15
2026-08-03,CS,东证期货,49131,870,43077,530,16
2026-08-03,CS,银河期货,45403,-382,39629,436,17
2026-08-03,CS,国泰君安,41257,812,38780,546,18
2026-08-03,CS,中信期货,40280,1035,35441,136,19
2026-08-03,CS,永安期货,38102,-552,35817,704,20
2026-08-04,CS,五矿期货,87508,-245,77986,719,1
2026-08-04,CS,新湖期货,81597,127,73546,-225,2
2026-08-04,CS,宏源期货,80007,-464,71122,-221,3
2026-08-04,CS,国投安信,75750,694,67539,-628,4
2026-08-04,CS,兴证期货,75794,662,67119,-376,5
2026-08-04,CS,瑞达期货,72279,-526,64964,-454,6
2026-08-04,CS,广发期货,70061,203,61926,834,7
2026-08-04,CS,南华期货,66866,406,60793,556,8
2026-08-04,CS,招商期货,64287,7,59236,-149,9
2026-08-04,CS,浙商期货,64131,995,58730,915,10
2026-08-04,CS,光大期货,61311,-277,51916,-657,11
2026-08-04,CS,方正中期,58379,-16,53648,528,12
2026-08-04,CS,海通期货,55824,-766,46873,707,13
2026-08-04,CS,申银万国,51443,-566,48380,-484,14
2026-08-04,CS,华泰期货,50000,63,44450,165,15
2026-08-04,CS,东证期货,50346,1215,43350,273,16
2026-08-04,CS,银河期货,45276,-127,40688,1059,17
2026-08-04,CS,国泰君安,41475,218,38023,-757,18
2026-08-04,CS,中信期货,41049,769,35044,-397,19
2026-08-04,CS,永安期货,38223,121,35275,-542,20
2026-08-05,CS,五矿期货,88316,808,77757,-229,1
2026-08-05,CS,新湖期货,81663,66,74449,903,2
2026-08-05,CS,宏源期货,79575,-432,70810,-312,3
2026-08-05,CS,国投安信,75703,-47,68285,746,4
2026-08-05,CS,兴证期货,76381,587,66820,-299,5
2026-08-05,CS,瑞达期货,72598,319,65729,765,6
2026-08-05,CS,广发期货,70131,70,62414,488,7
2026-08-05,CS,南华期货,67925,1059,61000,207,8
2026-08-05,CS,浙商期货,64480,349,59236,506,9
2026-08-05,CS,招商期货,63708,-579,59052,-184,10
2026-08-05,CS,光大期货,62156,845,51389,-527,11
2026-08-05,CS,方正中期,59088,709,53149,-499,12
2026-08-05,CS,海通期货,56493,669,46834,-39,13
2026-08-05,CS,申银万国,50863,-580,47923,-457,14
2026-08-05,CS,东证期货,50735,389,43956,606,15
2026-08-05,CS,华泰期货,49416,-584,44263,-187,16
2026-08-05,CS,银河期货,45744,468,40348,-340,17
2026-08-05,CS,国泰君安,41309,-166,39152,1129,18
2026-08-05,CS,中信期货,40479,-570,35676,632,19
2026-08-05,CS,永安期货,38529,306,35471,196,20
2026-08-06,CS,五矿期货,88019,-297,78612,855,1
2026-08-06,CS,新湖期货,82230,567,74123,-326,2
2026-08-06,CS,宏源期货,79102,-473,71315,505,3
2026-08-06,CS,国投安信,74842,-861,69111,826,4
2026-08-06,CS,兴证期货,76923,542,66384,-436,5
2026-08-06,CS,瑞达期货,73268,670,65440,-289,6
2026-08-06,CS,广发期货,71227,1096,62499,85,7
2026-08-06,CS,南华期货,68674,749,60436,-564,8
2026-08-06,CS,招商期货,63532,-176,59524,472,9
2026-08-06,CS,浙商期货,63693,-787,59223,-13,10
2026-08-06,CS,光大期货,63181,1025,51366,-23,11
2026-08-06,CS,方正中期,58199,-889,53860,711,12
2026-08-06,CS,海通期货,57154,661,46838,4,13
2026-08-06,CS,申银万国,51116,253,47878,-45,14
2026-08-06,CS,东证期货,50600,-135,44107,151,15
2026-08-06,CS,华泰期货,49146,-270,44284,21,16
2026-08-06,CS,银河期货,46662,918,41104,756,17
2026-08-06,CS,国泰君安,42017,708,39106,-46,18
2026-08-06,CS,中信期货,40326,-153,35589,-87,19
2026-08-06,CS,永安期货,38508,-21,34997,-474,20
2026-08-07,CS,五矿期货,87630,-389,78335,-277,1
2026-08-07,CS,新湖期货,82776,546,74270,147,2
2026-08-07,CS,宏源期货,80167,1065,72326,1011,3
2026-08-07,CS,国投安信,75541,699,69611,500,4
2026-08-07,CS,兴证期货,76821,-102,66942,558,5
2026-08-07,CS,瑞达期货,74317,1049,64684,-756,6
2026-08-07,CS,广发期货,71541,314,62611,112,7
2026-08-07,CS,南华期货,68756,82,61063,627,8
2026-08-07,CS,招商期货,63298,-234,60154,630,9
2026-08-07,CS,浙商期货,63290,-403,58701,-522,10
2026-08-07,CS,光大期货,62499,-682,50668,-698,11
2026-08-07,CS,方正中期,59052,853,53571,-289,12
2026-08-07,CS,海通期货,57284,130,46889,51,13
2026-08-07,CS,申银万国,50656,-460,48292,414,14
2026-08-07,CS,东证期货,50966,366,44850,743,15
2026-08-07,CS,华泰期货,48654,-492,45067,783,16
2026-08-07,CS,银河期货,46549,-113,41476,372,17
2026-08-07,CS,国泰君安,42856,839,39119,13,18
2026-08-07,CS,中信期货,40205,-121,35694,105,19
2026-08-07,CS,永安期货,38492,-16,34275,-722,20
2026-08-10,CS,五矿期货,87849,219,79047,712,1
2026-08-10,CS,新湖期货,82547,-229,74592,322,2
2026-08-10,CS,宏源期货,80164,-3,71978,-348,3
2026-08-10,CS,国投安信,75816,275,69170,-441,4
2026-08-10,CS,兴证期货,77071,250,66272,-670,5
2026-08-10,CS,瑞达期货,74624,307,64446,-238,6
2026-08-10,CS,广发期货,72430,889,62069,-542,7
2026-08-10,CS,南华期货,69544,788,60523,-540,8
2026-08-10,CS,招商期货,63898,600,60151,-3,9
2026-08-10,CS,浙商期货,63054,-236,59438,737,10
2026-08-10,CS,光大期货,63134,635,49969,-699,11
2026-08-10,CS,方正中期,58427,-625,54524,953,12
2026-08-10,CS,海通期货,56611,-673,47005,116,13
2026-08-10,CS,申银万国,51647,991,48024,-268,14
2026-08-10,CS,东证期货,50751,-215,45181,331,15
2026-08-10,CS,华泰期货,48510,-144,45114,47,16
2026-08-10,CS,银河期货,47078,529,41407,-69,17
2026-08-10,CS,国泰君安,42283,-573,38463,-656,18
2026-08-10,CS,中信期货,40193,-12,35045,-649,19
2026-08-10,CS,永安期货,38954,462,34705,430,20
2026-08-11,CS,五矿期货,87479,-370,78719,-328,1
2026-08-11,CS,新湖期货,83636,1089,75183,591,2
2026-08-11,CS,宏源期货,79671,-493,72515,537,3
2026-08-11,CS,国投安信,75382,-434,69263,93,4
2026-08-11,CS,兴证期货,76912,-159,66104,-168,5
2026-08-11,CS,瑞达期货,74381,-243,64555,109,6
2026-08-11,CS,广发期货,71969,-461,61596,-473,7
2026-08-11,CS,南华期货,70174,630,61484,961,8
2026-08-11,CS,招商期货,64580,682,60214,63,9
2026-08-11,CS,浙商期货,62893,-161,60441,1003,10
2026-08-11,CS,光大期货,64194,1060,50866,897,11
2026-08-11,CS,方正中期,59040,613,54316,-208,12
2026-08-11,CS,海通期货,57143,532,47611,606,13
2026-08-11,CS,申银万国,52530,883,48783,759,14
2026-08-11,CS,东证期货,50258,-493,45992,811,15
2026-08-11,CS,华泰期货,49186,676,44403,-711,16
2026-08-11,CS,银河期货,47710,632,40681,-726,17
2026-08-11,CS,国泰君安,43176,893,38289,-174,18
2026-08-11,CS,中信期货,40553,360,35362,317,19
2026-08-11,CS,永安期货,39527,573,34468,-237,20
2026-08-12,CS,五矿期货,86733,-746,79026,307,1
2026-08-12,CS,新湖期货,82873,-763,75837,654,2
2026-08-12,CS,宏源期货,79454,-217,72964,449,3
2026-08-12,CS,国投安信,75585,203,69420,157,4
2026-08-12,CS,兴证期货,76590,-322,66431,327,5
2026-08-12,CS,瑞达期货,74150,-231,65323,768,6
2026-08-12,CS,广发期货,72857,888,62380,784,7
2026-08-12,CS,南华期货,71239,1065,61666,182,8
2026-08-12,CS,招商期货,64575,-5,59429,-785,9
2026-08-12,CS,浙商期货,62026,-867,60749,308,10
2026-08-12,CS,光大期货,64343,149,50780,-86,11
2026-08-12,CS,方正中期,58263,-777,55335,1019,12
2026-08-12,CS,海通期货,57946,803,47843,232,13
2026-08-12,CS,申银万国,53264,734,48031,-752,14
2026-08-12,CS,东证期货,50353,95,46033,41,15
2026-08-12,CS,华泰期货,49936,750,44549,146,16
2026-08-12,CS,银河期货,48245,535,40752,71,17
2026-08-12,CS,国泰君安,42683,-493,37763,-526,18
2026-08-12,CS,中信期货,41683,1130,34639,-723,19
2026-08-12,CS,永安期货,39983,456,35229,761,20
2026-08-13,CS,五矿期货,86913,180,79775,749,1
2026-08-13,CS,新湖期货,82668,-205,75916,79,2
2026-08-13,CS,宏源期货,79880,426,73292,328,3
2026-08-13,CS,国投安信,76017,432,69246,-174,4
2026-08-13,CS,兴证期货,75839,-751,65953,-478,5
2026-08-13,CS,瑞达期货,74763,613,64784,-539,6
2026-08-13,CS,广发期货,73778,921,63333,953,7
2026-08-13,CS,南华期货,71292,53,61740,74,8
2026-08-13,CS,招商期货,65349,774,59146,-283,9
2026-08-13,CS,浙商期货,62526,500,60781,32,10
2026-08-13,CS,光大期货,63592,-751,51501,721,11
2026-08-13,CS,方正中期,57753,-510,56024,689,12
2026-08-13,CS,海通期货,58295,349,48324,481,13
2026-08-13,CS,申银万国,54253,989,48140,109,14
2026-08-13,CS,东证期货,51306,953,47006,973,15
2026-08-13,CS,华泰期货,49215,-721,44874,325,16
2026-08-13,CS,银河期货,49100,855,41033,281,17
2026-08-13,CS,国泰君安,42992,309,37317,-446,18
2026-08-13,CS,中信期货,42501,818,34099,-540,19
2026-08-13,CS,永安期货,39391,-592,35602,373,20
2026-08-14,CS,五矿期货,87477,564,80701,926,1
2026-08-14,CS,新湖期货,83597,929,76868,952,2
2026-08-14,CS,宏源期货,80875,995,73168,-124,3
2026-08-14,CS,国投安信,75527,-490,69972,726,4
2026-08-14,CS,兴证期货,76621,782,66279,326,5
2026-08-14,CS,瑞达期货,75201,438,65296,512,6
2026-08-14,CS,广发期货,73968,190,63420,87,7
2026-08-14,CS,南华期货,71964,672,61558,-182,8
2026-08-14,CS,招商期货,65645,296,59677,531,9
2026-08-14,CS,浙商期货,63378,852,60387,-394,10
2026-08-14,CS,光大期货,63000,-592,51181,-320,11
2026-08-14,CS,方正中期,57513,-240,56048,24,12
2026-08-14,CS,海通期货,57412,-883,47935,-389,13
2026-08-14,CS,申银万国,54151,-102,47328,-812,14
2026-08-14,CS,东证期货,51127,-179,46249,-757,15
2026-08-14,CS,华泰期货,49592,377,45720,846,16
2026-08-14,CS,银河期货,49142,42,41440,407,17
2026-08-14,CS,国泰君安,44033,1041,36590,-727,18
2026-08-14,CS,中信期货,43400,899,34214,115,19
2026-08-14,CS,永安期货,40029,638,36346,744,20
2026-08-17,CS,五矿期货,86858,-619,81648,947,1
2026-08-17,CS,新湖期货,83424,-173,76073,-795,2
2026-08-17,CS,宏源期货,80419,-456,73899,731,3
2026-08-17,CS,兴证期货,77638,1017,67312,1033,4
2026-08-17,CS,国投安信,75182,-345,69599,-373,5
2026-08-17,CS,瑞达期货,74635,-566,65314,18,6
2026-08-17,CS,广发期货,73481,-487,63190,-230,7
2026-08-17,CS,南华期货,72411,447,61135,-423,8
2026-08-17,CS,招商期货,65390,-255,59298,-379,9
2026-08-17,CS,浙商期货,63148,-230,61319,932,10
2026-08-17,CS,光大期货,62813,-187,50472,-709,11
2026-08-17,CS,方正中期,56873,-640,56304,256,12
2026-08-17,CS,海通期货,56592,-820,48681,746,13
2026-08-17,CS,申银万国,55185,1034,48207,879,14
2026-08-17,CS,东证期货,50553,-574,45532,-717,15
2026-08-17,CS,华泰期货,49784,192,46102,382,16
2026-08-17,CS,银河期货,48993,-149,41041,-399,17
2026-08-17,CS,国泰君安,43556,-477,36242,-348,18
2026-08-17,CS,中信期货,43006,-394,35027,813,19
2026-08-17,CS,永安期货,40430,401,35888,-458,20
2026-08-18,CS,五矿期货,87884,1026,81799,151,1
2026-08-18,CS,新湖期货,82953,-471,75469,-604,2
2026-08-18,CS,宏源期货,79852,-567,74598,699,3
2026-08-18,CS,国投安信,75466,284,70232,633,4
2026-08-18,CS,兴证期货,77795,157,66711,-601,5
2026-08-18,CS,瑞达期货,74772,137,66334,1020,6
2026-08-18,CS,广发期货,74566,1085,62698,-492,7
2026-08-18,CS,南华期货,71766,-645,60475,-660,8
2026-08-18,CS,招商期货,65698,308,60116,818,9
2026-08-18,CS,浙商期货,63826,678,61248,-71,10
2026-08-18,CS,方正中期,56871,-2,56271,-33,11
2026-08-18,CS,光大期货,62319,-494,50043,-429,12
2026-08-18,CS,海通期货,55792,-800,48746,65,13
2026-08-18,CS,申银万国,54712,-473,48136,-71,14
2026-08-18,CS,东证期货,51549,996,46285,753,15
2026-08-18,CS,华泰期货,50633,849,46767,665,16
2026-08-18,CS,银河期货,48265,-728,41180,139,17
2026-08-18,CS,国泰君安,44717,1161,36240,-2,18
2026-08-18,CS,中信期货,42478,-528,35965,938,19
2026-08-18,CS,永安期货,41490,1060,36018,130,20
2026-08-19,CS,五矿期货,87156,-728,82281,482,1
2026-08-19,CS,新湖期货,82522,-431,76055,586,2
2026-08-19,CS,宏源期货,80287,435,74363,-235,3
2026-08-19,CS,国投安信,76279,813,69515,-717,4
2026-08-19,CS,兴证期货,77784,-11,67597,886,5
2026-08-19,CS,瑞达期货,74610,-162,66118,-216,6
2026-08-19,CS,广发期货,73870,-696,62574,-124,7
2026-08-19,CS,南华期货,72835,1069,61381,906,8
2026-08-19,CS,浙商期货,63704,-122,62043,795,9
2026-08-19,CS,招商期货,65658,-40,60085,-31,10
2026-08-19,CS,方正中期,57906,1035,56356,85,11
2026-08-19,CS,光大期货,61452,-867,49207,-836,12
2026-08-19,CS,海通期货,55933,141,48125,-621,13
2026-08-19,CS,申银万国,54790,78,47808,-328,14
2026-08-19,CS,东证期货,50954,-595,47152,867,15
2026-08-19,CS,华泰期货,50771,138,46653,-114,16
2026-08-19,CS,银河期货,47876,-389,40840,-340,17
2026-08-19,CS,国泰君安,44585,-132,36320,80,18
2026-08-19,CS,中信期货,42431,-47,36730,765,19
2026-08-19,CS,永安期货,42226,736,36486,468,20
2026-08-20,CS,五矿期货,87942,786,81753,-528,1
2026-08-20,CS,新湖期货,82886,364,76054,-1,2
2026-08-20,CS,宏源期货,79987,-300,74274,-89,3
2026-08-20,CS,兴证期货,78399,615,68100,503,4
2026-08-20,CS,国投安信,75808,-471,70439,924,5
2026-08-20,CS,瑞达期货,74931,321,66911,793,6
2026-08-20,CS,南华期货,72897,62,62092,711,7
2026-08-20,CS,广发期货,73049,-821,61849,-725,8
2026-08-20,CS,招商期货,65045,-613,60658,573,9
2026-08-20,CS,浙商期货,63866,162,61511,-532,10
2026-08-20,CS,方正中期,57369,-537,56662,306,11
2026-08-20,CS,光大期货,60570,-882,48619,-588,12
2026-08-20,CS,海通期货,56768,835,47784,-341,13
2026-08-20,CS,申银万国,53982,-808,47246,-562,14
2026-08-20,CS,东证期货,51668,714,47707,555,15
2026-08-20,CS,华泰期货,51708,937,46465,-188,16
2026-08-20,CS,银河期货,49044,1168,40632,-208,17
2026-08-20,CS,国泰君安,44770,185,35582,-738,18
2026-08-20,CS,中信期货,42449,18,37753,1023,19
2026-08-20,CS,永安期货,42764,538,37375,889,20
2026-08-21,CS,五矿期货,88827,885,81198,-555,1
2026-08-21,CS,新湖期货,82056,-830,76709,655,2
2026-08-21,CS,宏源期货,80907,920,74387,113,3
2026-08-21,CS,国投安信,76512,704,69641,-798,4
2026-08-21,CS,兴证期货,78178,-221,67308,-792,5
2026-08-21,CS,瑞达期货,74688,-243,66119,-792,6
2026-08-21,CS,南华期货,73858,961,62965,873,7
2026-08-21,CS,广发期货,72692,-357,62272,423,8
2026-08-21,CS,招商期货,65425,380,60572,-86,9
2026-08-21,CS,浙商期货,63592,-274,61487,-24,10
2026-08-21,CS,方正中期,56801,-568,55873,-789,11
2026-08-21,CS,光大期货,60688,118,48186,-433,12
2026-08-21,CS,海通期货,56092,-676,48544,760,13
2026-08-21,CS,申银万国,54882,900,48290,1044,14
2026-08-21,CS,东证期货,52547,879,48306,599,15
2026-08-21,CS,华泰期货,51179,-529,46362,-103,16
2026-08-21,CS,银河期货,49783,739,41519,887,17
2026-08-21,CS,国泰君安,45966,1196,35122,-460,18
2026-08-21,CS,中信期货,42026,-423,38045,292,19
2026-08-21,CS,永安期货,42842,78,36958,-417,20
2026-08-24,CS,五矿期货,89776,949,80874,-324,1
2026-08-24,CS,新湖期货,82117,61,77701,992,2
2026-08-24,CS,宏源期货,80644,-263,74512,125,3
2026-08-24,CS,国投安信,76847,335,70448,807,4
2026-08-24,CS,兴证期货,78582,404,66459,-849,5
2026-08-24,CS,瑞达期货,74063,-625,67023,904,6
2026-08-24,CS,南华期货,74711,853,63954,989,7
2026-08-24,CS,广发期货,72891,199,62323,51,8
2026-08-24,CS,浙商期货,64675,1083,61611,124,9
2026-08-24,CS,招商期货,65476,51,60572,0,10
2026-08-24,CS,方正中期,56089,-712,55882,9,11
2026-08-24,CS,光大期货,59923,-765,47566,-620,12
2026-08-24,CS,海通期货,57029,937,48150,-394,13
2026-08-24,CS,申银万国,54012,-870,48154,-136,14
2026-08-24,CS,东证期货,52842,295,47883,-423,15
2026-08-24,CS,华泰期货,50602,-577,45717,-645,16
2026-08-24,CS,银河期货,50228,445,42228,709,17
2026-08-24,CS,国泰君安,45958,-8,35913,791,18
2026-08-24,CS,永安期货,43933,1091,37022,64,19
2026-08-24,CS,中信期货,41341,-685,38379,334,20
2026-08-25,CS,五矿期货,90226,450,80640,-234,1
2026-08-25,CS,新湖期货,81595,-522,78346,645,2
2026-08-25,CS,宏源期货,80207,-437,74175,-337,3
2026-08-25,CS,国投安信,77763,916,70857,409,4
2026-08-25,CS,兴证期货,77897,-685,66120,-339,5
2026-08-25,CS,瑞达期货,73990,-73,66751,-272,6
2026-08-25,CS,南华期货,73979,-732,64626,672,7
2026-08-25,CS,广发期货,72185,-706,62941,618,8
2026-08-25,CS,浙商期货,65424,749,61053,-558,9
2026-08-25,CS,招商期货,65037,-439,61072,500,10
2026-08-25,CS,方正中期,55446,-643,55481,-401,11
2026-08-25,CS,光大期货,60077,154,46981,-585,12
2026-08-25,CS,海通期货,57298,269,47701,-449,13
2026-08-25,CS,申银万国,54814,802,49048,894,14
2026-08-25,CS,东证期货,52259,-583,48091,208,15
2026-08-25,CS,华泰期货,50711,109,46400,683,16
2026-08-25,CS,银河期货,50816,588,42925,697,17
2026-08-25,CS,国泰君安,45926,-32,36399,486,18
2026-08-25,CS,中信期货,41905,564,38714,335,19
2026-08-25,CS,永安期货,43415,-518,36913,-109,20
2026-08-26,CS,五矿期货,89813,-413,80121,-519,1
2026-08-26,CS,新湖期货,82405,810,79123,777,2
2026-08-26,CS,宏源期货,80606,399,73394,-781,3
2026-08-26,CS,国投安信,77268,-495,70380,-477,4
2026-08-26,CS,兴证期货,77026,-871,65562,-558,5
2026-08-26,CS,瑞达期货,73188,-802,67527,776,6
2026-08-26,CS,南华期货,74934,955,65413,787,7
2026-08-26,CS,广发期货,72073,-112,63385,444,8
2026-08-26,CS,浙商期货,66032,608,61945,892,9
2026-08-26,CS,招商期货,64207,-830,61753,681,10
2026-08-26,CS,方正中期,55313,-133,55985,504,11
2026-08-26,CS,光大期货,59474,-603,47317,336,12
2026-08-26,CS,海通期货,57069,-229,47715,14,13
2026-08-26,CS,申银万国,55756,942,48467,-581,14
2026-08-26,CS,东证期货,52661,402,49130,1039,15
2026-08-26,CS,华泰期货,50357,-354,47106,706,16
2026-08-26,CS,银河期货,51100,284,43213,288,17
2026-08-26,CS,国泰君安,46514,588,36838,439,18
2026-08-26,CS,中信期货,43119,1214,38890,176,19
2026-08-26,CS,永安期货,43308,-107,37598,685,20
2026-08-27,CS,五矿期货,90494,681,80395,274,1
2026-08-27,CS,新湖期货,83290,885,79271,148,2
2026-08-27,CS,宏源期货,80404,-202,74196,802,3
2026-08-27,CS,国投安信,77058,-210,71357,977,4
2026-08-27,CS,兴证期货,76507,-519,65234,-328,5
2026-08-27,CS,瑞达期货,74180,992,67367,-160,6
2026-08-27,CS,南华期货,74606,-328,65905,492,7
2026-08-27,CS,广发期货,72746,673,63588,203,8
2026-08-27,CS,浙商期货,66249,217,61995,50,9
2026-08-27,CS,招商期货,63548,-659,62428,675,10
2026-08-27,CS,方正中期,54852,-461,56063,78,11
2026-08-27,CS,光大期货,59846,372,47005,-312,12
2026-08-27,CS,申银万国,56844,1088,48799,332,13
2026-08-27,CS,海通期货,56999,-70,47790,75,14
2026-08-27,CS,东证期货,52265,-396,49647,517,15
2026-08-27,CS,华泰期货,51237,880,47929,823,16
2026-08-27,CS,银河期货,52076,976,43147,-66,17
2026-08-27,CS,国泰君安,46718,204,37058,220,18
2026-08-27,CS,中信期货,42362,-757,39291,401,19
2026-08-27,CS,永安期货,43340,32,37488,-110,20
2026-08-28,CS,五矿期货,89967,-527,80359,-36,1
2026-08-28,CS,新湖期货,84380,1090,79454,183,2
2026-08-28,CS,宏源期货,81482,1078,75121,925,3
2026-08-28,CS,国投安信,77084,26,71400,43,4
2026-08-28,CS,兴证期货,76740,233,64553,-681,5
2026-08-28,CS,瑞达期货,73991,-189,67145,-222,6
2026-08-28,CS,南华期货,75165,559,65660,-245,7
2026-08-28,CS,广发期货,72104,-642,64526,938,8
2026-08-28,CS,浙商期货,67048,799,61372,-623,9
2026-08-28,CS,招商期货,62894,-654,62705,277,10
2026-08-28,CS,方正中期,54210,-642,55406,-657,11
2026-08-28,CS,光大期货,59411,-435,47091,86,12
2026-08-28,CS,申银万国,56817,-27,49264,465,13
2026-08-28,CS,海通期货,56151,-848,48052,262,14
2026-08-28,CS,东证期货,52023,-242,49006,-641,15
2026-08-28,CS,华泰期货,51938,701,47827,-102,16
2026-08-28,CS,银河期货,52859,783,43440,293,17
2026-08-28,CS,国泰君安,47691,973,36989,-69,18
2026-08-28,CS,中信期货,41779,-583,39889,598,19
2026-08-28,CS,永安期货,43494,154,38076,588,20
2026-08-31,CS,五矿期货,90826,859,80775,416,1
2026-08-31,CS,新湖期货,84780,400,79903,449,2
2026-08-31,CS,宏源期货,81975,493,74610,-511,3
2026-08-31,CS,国投安信,76525,-559,71316,-84,4
2026-08-31,CS,瑞达期货,74511,520,67382,237,5
2026-08-31,CS,南华期货,75356,191,65552,-108,6
2026-08-31,CS,兴证期货,76165,-575,63908,-645,7
2026-08-31,CS,广发期货,72308,204,64147,-379,8
2026-08-31,CS,浙商期货,67234,186,61597,225,9
2026-08-31,CS,招商期货,62090,-804,63493,788,10
2026-08-31,CS,方正中期,54907,697,54866,-540,11
2026-08-31,CS,光大期货,59663,252,48002,911,12
2026-08-31,CS,申银万国,57441,624,49138,-126,13
2026-08-31,CS,海通期货,56327,176,48432,380,14
2026-08-31,CS,东证期货,52832,809,48270,-736,15
2026-08-31,CS,华泰期货,51444,-494,48479,652,16
2026-08-31,CS,银河期货,53472,613,43124,-316,17
2026-08-31,CS,国泰君安,47201,-490,37939,950,18
2026-08-31,CS,永安期货,44393,899,39119,1043,19
2026-08-31,CS,中信期货,42045,266,39518,-371,20
2026-09-01,CS,五矿期货,91181,355,81141,366,1
2026-09-01,CS,新湖期货,85770,990,80555,652,2
2026-09-01,CS,宏源期货,81713,-262,74187,-423,3
2026-09-01,CS,国投安信,76139,-386,71916,600,4
2026-09-01,CS,南华期货,74734,-622,66179,627,5
2026-09-01,CS,兴证期货,76403,238,64426,518,6
2026-09-01,CS,瑞达期货,73611,-900,66685,-697,7
2026-09-01,CS,广发期货,73329,1021,63911,-236,8
2026-09-01,CS,浙商期货,68164,930,61722,125,9
2026-09-01,CS,招商期货,62148,58,63302,-191,10
2026-09-01,CS,方正中期,55852,945,55084,218,11
2026-09-01,CS,光大期货,60753,1090,48014,12,12
2026-09-01,CS,申银万国,56641,-800,49108,-30,13
2026-09-01,CS,海通期货,56034,-293,48380,-52,14
2026-09-01,CS,东证期货,52920,88,49257,987,15
2026-09-01,CS,华泰期货,50958,-486,48199,-280,16
2026-09-01,CS,银河期货,53799,327,43602,478,17
2026-09-01,CS,国泰君安,47887,686,37480,-459,18
2026-09-01,CS,永安期货,44076,-317,40075,956,19
2026-09-01,CS,中信期货,43170,1125,40286,768,20
2026-09-02,CS,五矿期货,91189,8,80582,-559,1
2026-09-02,CS,新湖期货,85180,-590,80126,-429,2
2026-09-02,CS,宏源期货,82012,299,74713,526,3
2026-09-02,CS,国投安信,76061,-78,71318,-598,4
2026-09-02,CS,兴证期货,76989,586,65090,664,5
2026-09-02,CS,瑞达期货,72998,-613,67663,978,6
2026-09-02,CS,南华期货,74551,-183,65473,-706,7
2026-09-02,CS,广发期货,72892,-437,63626,-285,8
2026-09-02,CS,浙商期货,68475,311,61268,-454,9
2026-09-02,CS,招商期货,61757,-391,64160,858,10
2026-09-02,CS,方正中期,55278,-574,55557,473,11
2026-09-02,CS,光大期货,60711,-42,47964,-50,12
2026-09-02,CS,申银万国,57740,1099,48754,-354,13
2026-09-02,CS,海通期货,55935,-99,49140,760,14
2026-09-02,CS,东证期货,53824,904,48815,-442,15
2026-09-02,CS,华泰期货,51623,665,49001,802,16
2026-09-02,CS,银河期货,53313,-486,43816,214,17
2026-09-02,CS,国泰君安,47947,60,36997,-483,18
2026-09-02,CS,永安期货,45260,1184,39441,-634,19
2026-09-02,CS,中信期货,42511,-659,41062,776,20
2026-09-03,CS,五矿期货,92114,925,80255,-327,1
2026-09-03,CS,新湖期货,85061,-119,80992,866,2
2026-09-03,CS,宏源期货,83056,1044,73946,-767,3
2026-09-03,CS,国投安信,76635,574,71167,-151,4
2026-09-03,CS,兴证期货,77881,892,64797,-293,5
2026-09-03,CS,瑞达期货,73642,644,68677,1014,6
2026-09-03,CS,南华期货,74581,30,64937,-536,7
2026-09-03,CS,广发期货,72136,-756,64578,952,8
2026-09-03,CS,浙商期货,67830,-645,61526,258,9
2026-09-03,CS,招商期货,62378,621,64559,399,10
2026-09-03,CS,方正中期,55730,452,55604,47,11
2026-09-03,CS,光大期货,60422,-289,48797,833,12
2026-09-03,CS,申银万国,58127,387,49129,375,13
2026-09-03,CS,海通期货,55999,64,48765,-375,14
2026-09-03,CS,东证期货,53681,-143,49118,303,15
2026-09-03,CS,华泰期货,50933,-690,49731,730,16
2026-09-03,CS,银河期货,52773,-540,44112,296,17
2026-09-03,CS,永安期货,45856,596,39235,-206,18
2026-09-03,CS,国泰君安,47189,-758,37531,534,19
2026-09-03,CS,中信期货,43288,777,40962,-100,20
2026-09-04,CS,五矿期货,91787,-327,81130,875,1
2026-09-04,CS,新湖期货,85932,871,81718,726,2
2026-09-04,CS,宏源期货,83462,406,73311,-635,3
2026-09-04,CS,国投安信,77171,536,71202,35,4
2026-09-04,CS,瑞达期货,73754,112,69540,863,5
2026-09-04,CS,兴证期货,77844,-37,64063,-734,6
2026-09-04,CS,南华期货,74175,-406,65867,930,7
2026-09-04,CS,广发期货,72976,840,65089,511,8
2026-09-04,CS,浙商期货,68895,1065,61902,376,9
2026-09-04,CS,招商期货,63249,871,64451,-108,10
2026-09-04,CS,光大期货,61020,598,49182,385,11
2026-09-04,CS,方正中期,55041,-689,54935,-669,12
2026-09-04,CS,申银万国,58780,653,48875,-254,13
2026-09-04,CS,海通期货,55559,-440,48985,220,14
2026-09-04,CS,东证期货,54317,636,50120,1002,15
2026-09-04,CS,华泰期货,51660,727,49878,147,16
2026-09-04,CS,银河期货,53787,1014,44795,683,17
2026-09-04,CS,永安期货,45307,-549,39748,513,18
2026-09-04,CS,国泰君安,47607,418,37105,-426,19
2026-09-04,CS,中信期货,43463,175,41064,102,20
2026-07-27,JD,五矿期货,87446,678,76823,918,1
2026-07-27,JD,新湖期货,82080,-472,75426,293,2
2026-07-27,JD,宏源期货,82412,725,72819,-522,3
2026-07-27,JD,兴证期货,78260,-362,71427,724,4
2026-07-27,JD,国投安信,76743,531,67213,450,5
2026-07-27,JD,瑞达期货,73241,-236,66115,88,6
2026-07-27,JD,广发期货,70586,705,62224,-753,7
2026-07-27,JD,南华期货,66869,-334,60151,63,8
2026-07-27,JD,招商期货,65465,1093,57500,-341,9
2026-07-27,JD,浙商期货,63529,-196,56538,-129,10
2026-07-27,JD,光大期货,61774,776,54887,548,11
2026-07-27,JD,方正中期,57107,-381,50809,-116,12
2026-07-27,JD,海通期货,55545,839,50950,974,13
2026-07-27,JD,申银万国,54192,593,48012,85,14
2026-07-27,JD,华泰期货,51330,742,43802,-792,15
2026-07-27,JD,东证期货,47157,1105,41788,74,16
2026-07-27,JD,银河期货,44282,-578,39168,-172,17
2026-07-27,JD,国泰君安,43029,511,37632,-97,18
2026-07-27,JD,中信期货,39870,-410,35025,-721,19
2026-07-27,JD,永安期货,36391,-338,33521,391,20
2026-07-28,JD,五矿期货,86960,-486,76515,-308,1
2026-07-28,JD,新湖期货,82729,649,75359,-67,2
2026-07-28,JD,宏源期货,82821,409,72350,-469,3
2026-07-28,JD,兴证期货,78633,373,71595,168,4
2026-07-28,JD,国投安信,76674,-69,67003,-210,5
2026-07-28,JD,瑞达期货,72526,-715,66574,459,6
2026-07-28,JD,广发期货,71558,972,62852,628,7
2026-07-28,JD,南华期货,66595,-274,59508,-643,8
2026-07-28,JD,招商期货,65213,-252,58347,847,9
2026-07-28,JD,浙商期货,64341,812,56154,-384,10
2026-07-28,JD,光大期货,62389,615,55685,798,11
2026-07-28,JD,方正中期,57469,362,51061,252,12
2026-07-28,JD,海通期货,55328,-217,50820,-130,13
2026-07-28,JD,申银万国,55046,854,47344,-668,14
2026-07-28,JD,华泰期货,52159,829,43975,173,15
2026-07-28,JD,东证期货,48047,890,41370,-418,16
2026-07-28,JD,银河期货,44215,-67,39997,829,17
2026-07-28,JD,国泰君安,43070,41,38404,772,18
2026-07-28,JD,中信期货,39749,-121,35771,746,19
2026-07-28,JD,永安期货,36731,340,34078,557,20
2026-07-29,JD,五矿期货,87855,895,77023,508,1
2026-07-29,JD,新湖期货,83053,324,76382,1023,2
2026-07-29,JD,宏源期货,82106,-715,72957,607,3
2026-07-29,JD,兴证期货,78139,-494,70936,-659,4
2026-07-29,JD,国投安信,77198,524,66308,-695,5
2026-07-29,JD,瑞达期货,72441,-85,66990,416,6
2026-07-29,JD,广发期货,71760,202,62366,-486,7
2026-07-29,JD,南华期货,67244,649,59804,296,8
2026-07-29,JD,招商期货,65460,247,58103,-244,9
2026-07-29,JD,浙商期货,64875,534,56619,465,10
2026-07-29,JD,光大期货,63350,961,55871,186,11
2026-07-29,JD,方正中期,57760,291,50846,-215,12
2026-07-29,JD,海通期货,54656,-672,50358,-462,13
2026-07-29,JD,申银万国,54807,-239,46526,-818,14
2026-07-29,JD,华泰期货,51585,-574,43470,-505,15
2026-07-29,JD,东证期货,48007,-40,42145,775,16
2026-07-29,JD,银河期货,44331,116,41061,1064,17
2026-07-29,JD,国泰君安,42980,-90,39284,880,18
2026-07-29,JD,中信期货,39963,214,35719,-52,19
2026-07-29,JD,永安期货,37704,973,34756,678,20
2026-07-30,JD,五矿期货,88378,523,76621,-402,1
2026-07-30,JD,新湖期货,82612,-441,77238,856,2
2026-07-30,JD,宏源期货,81259,-847,73119,162,3
2026-07-30,JD,兴证期货,78606,467,70646,-290,4
2026-07-30,JD,国投安信,77420,222,65775,-533,5
2026-07-30,JD,瑞达期货,71624,-817,66643,-347,6
2026-07-30,JD,广发期货,71766,6,63207,841,7
2026-07-30,JD,南华期货,67007,-237,59414,-390,8
2026-07-30,JD,招商期货,65727,267,57421,-682,9
2026-07-30,JD,浙商期货,64576,-299,57025,406,10
2026-07-30,JD,光大期货,64267,917,56656,785,11
2026-07-30,JD,方正中期,58528,768,51790,944,12
2026-07-30,JD,海通期货,55714,1058,51015,657,13
2026-07-30,JD,申银万国,54119,-688,47406,880,14
2026-07-30,JD,华泰期货,52571,986,43408,-62,15
2026-07-30,JD,东证期货,48039,32,41647,-498,16
2026-07-30,JD,银河期货,44642,311,41015,-46,17
2026-07-30,JD,国泰君安,43666,686,39210,-74,18
2026-07-30,JD,中信期货,39722,-241,35247,-472,19
2026-07-30,JD,永安期货,37752,48,35731,975,20
2026-07-31,JD,五矿期货,89123,745,77412,791,1
2026-07-31,JD,新湖期货,83343,731,77133,-105,2
2026-07-31,JD,宏源期货,80894,-365,73716,597,3
2026-07-31,JD,兴证期货,78498,-108,71325,679,4
2026-07-31,JD,国投安信,78339,919,66772,997,5
2026-07-31,JD,瑞达期货,72008,384,66971,328,6
2026-07-31,JD,广发期货,72055,289,63175,-32,7
2026-07-31,JD,南华期货,67843,836,59626,212,8
2026-07-31,JD,招商期货,65671,-56,56952,-469,9
2026-07-31,JD,光大期货,64506,239,56934,278,10
2026-07-31,JD,浙商期货,64839,263,56568,-457,11
2026-07-31,JD,方正中期,58526,-2,51788,-2,12
2026-07-31,JD,海通期货,55803,89,51881,866,13
2026-07-31,JD,申银万国,54975,856,47809,403,14
2026-07-31,JD,华泰期货,52170,-401,42600,-808,15
2026-07-31,JD,东证期货,47284,-755,41484,-163,16
2026-07-31,JD,银河期货,44304,-338,40542,-473,17
2026-07-31,JD,国泰君安,44212,546,40102,892,18
2026-07-31,JD,中信期货,39404,-318,35378,131,19
2026-07-31,JD,永安期货,37474,-278,36753,1022,20
2026-08-03,JD,五矿期货,88936,-187,78031,619,1
2026-08-03,JD,新湖期货,82909,-434,77757,624,2
2026-08-03,JD,宏源期货,81686,792,74103,387,3
2026-08-03,JD,兴证期货,77812,-686,72128,803,4
2026-08-03,JD,国投安信,78535,196,66564,-208,5
2026-08-03,JD,瑞达期货,72558,550,67095,124,6
2026-08-03,JD,广发期货,72761,706,63364,189,7
2026-08-03,JD,南华期货,67140,-703,60654,1028,8
2026-08-03,JD,浙商期货,65568,729,56820,252,9
2026-08-03,JD,招商期货,65956,285,56365,-587,10
2026-08-03,JD,光大期货,65044,538,56589,-345,11
2026-08-03,JD,方正中期,59387,861,52632,844,12
2026-08-03,JD,海通期货,55178,-625,51689,-192,13
2026-08-03,JD,申银万国,56037,1062,48378,569,14
2026-08-03,JD,华泰期货,52001,-169,41907,-693,15
2026-08-03,JD,东证期货,47159,-125,41820,336,16
2026-08-03,JD,国泰君安,45275,1063,41227,1125,17
2026-08-03,JD,银河期货,45442,1138,40252,-290,18
2026-08-03,JD,中信期货,39382,-22,35354,-24,19
2026-08-03,JD,永安期货,37233,-241,36866,113,20
2026-08-04,JD,五矿期货,88601,-335,78347,316,1
2026-08-04,JD,新湖期货,83964,1055,78379,622,2
2026-08-04,JD,宏源期货,81511,-175,73386,-717,3
2026-08-04,JD,兴证期货,77042,-770,72674,546,4
2026-08-04,JD,国投安信,79081,546,66016,-548,5
2026-08-04,JD,瑞达期货,72634,76,68021,926,6
2026-08-04,JD,广发期货,73695,934,63225,-139,7
2026-08-04,JD,南华期货,67571,431,59921,-733,8
2026-08-04,JD,招商期货,65974,18,56659,294,9
2026-08-04,JD,光大期货,66096,1052,56089,-500,10
2026-08-04,JD,浙商期货,64713,-855,57116,296,11
2026-08-04,JD,方正中期,59380,-7,51914,-718,12
2026-08-04,JD,海通期货,55296,118,52049,360,13
2026-08-04,JD,申银万国,56404,367,48424,46,14
2026-08-04,JD,华泰期货,51209,-792,41999,92,15
2026-08-04,JD,东证期货,47555,396,42763,943,16
2026-08-04,JD,国泰君安,46176,901,40915,-312,17
2026-08-04,JD,银河期货,45614,172,40033,-219,18
2026-08-04,JD,中信期货,40601,1219,35718,364,19
2026-08-04,JD,永安期货,37890,657,37416,550,20
2026-08-05,JD,五矿期货,87809,-792,78955,608,1
2026-08-05,JD,新湖期货,85052,1088,78777,398,2
2026-08-05,JD,宏源期货,82377,866,72549,-837,3
2026-08-05,JD,兴证期货,77343,301,72468,-206,4
2026-08-05,JD,国投安信,79286,205,66561,545,5
2026-08-05,JD,瑞达期货,72029,-605,68740,719,6
2026-08-05,JD,广发期货,73835,140,63208,-17,7
2026-08-05,JD,南华期货,68306,735,60864,943,8
2026-08-05,JD,光大期货,66623,527,56620,531,9
2026-08-05,JD,招商期货,65550,-424,56976,317,10
2026-08-05,JD,浙商期货,64436,-277,56942,-174,11
2026-08-05,JD,方正中期,59114,-266,52166,252,12
2026-08-05,JD,海通期货,55751,455,52124,75,13
2026-08-05,JD,申银万国,56315,-89,48014,-410,14
2026-08-05,JD,华泰期货,52239,1030,41422,-577,15
2026-08-05,JD,东证期货,48217,662,43558,795,16
2026-08-05,JD,国泰君安,46857,681,41369,454,17
2026-08-05,JD,银河期货,45839,225,40145,112,18
2026-08-05,JD,中信期货,41311,710,35004,-714,19
2026-08-05,JD,永安期货,37626,-264,38482,1066,20
2026-08-06,JD,五矿期货,88335,526,79076,121,1
2026-08-06,JD,新湖期货,84986,-66,78707,-70,2
2026-08-06,JD,宏源期货,82270,-107,73347,798,3
2026-08-06,JD,兴证期货,78386,1043,73021,553,4
2026-08-06,JD,国投安信,79561,275,67146,585,5
2026-08-06,JD,瑞达期货,71321,-708,68716,-24,6
2026-08-06,JD,广发期货,73614,-221,62540,-668,7
2026-08-06,JD,南华期货,68898,592,60258,-606,8
2026-08-06,JD,光大期货,66090,-533,57481,861,9
2026-08-06,JD,招商期货,65979,429,57139,163,10
2026-08-06,JD,浙商期货,63907,-529,56152,-790,11
2026-08-06,JD,方正中期,59798,684,52870,704,12
2026-08-06,JD,海通期货,55360,-391,52505,381,13
2026-08-06,JD,申银万国,56915,600,47562,-452,14
2026-08-06,JD,华泰期货,52834,595,40902,-520,15
2026-08-06,JD,东证期货,48521,304,43635,77,16
2026-08-06,JD,国泰君安,47663,806,40744,-625,17
2026-08-06,JD,银河期货,46316,477,39505,-640,18
2026-08-06,JD,永安期货,38391,765,38445,-37,19
2026-08-06,JD,中信期货,41734,423,34479,-525,20
2026-08-07,JD,五矿期货,87780,-555,78229,-847,1
2026-08-07,JD,新湖期货,84850,-136,78052,-655,2
2026-08-07,JD,宏源期货,81491,-779,73895,548,3
2026-08-07,JD,兴证期货,77610,-776,73311,290,4
2026-08-07,JD,国投安信,80461,900,67537,391,5
2026-08-07,JD,瑞达期货,70948,-373,67907,-809,6
2026-08-07,JD,广发期货,72906,-708,62762,222,7
2026-08-07,JD,南华期货,68923,25,60947,689,8
2026-08-07,JD,光大期货,65654,-436,57350,-131,9
2026-08-07,JD,招商期货,65246,-733,56984,-155,10
2026-08-07,JD,浙商期货,64332,425,56598,446,11
2026-08-07,JD,方正中期,59720,-78,52430,-440,12
2026-08-07,JD,海通期货,54837,-523,52188,-317,13
2026-08-07,JD,申银万国,57038,123,46897,-665,14
2026-08-07,JD,华泰期货,53734,900,40568,-334,15
2026-08-07,JD,东证期货,49189,668,43746,111,16
2026-08-07,JD,国泰君安,47079,-584,40611,-133,17
2026-08-07,JD,银河期货,46263,-53,39098,-407,18
2026-08-07,JD,永安期货,37894,-497,39410,965,19
2026-08-07,JD,中信期货,41657,-77,34083,-396,20
2026-08-10,JD,五矿期货,88461,681,77742,-487,1
2026-08-10,JD,新湖期货,85682,832,79003,951,2
2026-08-10,JD,宏源期货,81493,2,74491,596,3
2026-08-10,JD,兴证期货,77072,-538,74286,975,4
2026-08-10,JD,国投安信,80327,-134,67862,325,5
2026-08-10,JD,瑞达期货,70364,-584,68285,378,6
2026-08-10,JD,广发期货,73405,499,63781,1019,7
2026-08-10,JD,南华期货,68221,-702,61883,936,8
2026-08-10,JD,光大期货,66025,371,57520,170,9
2026-08-10,JD,招商期货,64793,-453,56841,-143,10
2026-08-10,JD,浙商期货,63804,-528,56844,246,11
2026-08-10,JD,方正中期,59206,-514,52883,453,12
2026-08-10,JD,海通期货,54079,-758,51691,-497,13
2026-08-10,JD,申银万国,56905,-133,47806,909,14
2026-08-10,JD,东证期货,50047,858,44829,1083,15
2026-08-10,JD,华泰期货,53997,263,40871,303,16
2026-08-10,JD,国泰君安,46968,-111,40628,17,17
2026-08-10,JD,银河期货,46110,-153,38384,-714,18
2026-08-10,JD,永安期货,39087,1193,39723,313,19
2026-08-10,JD,中信期货,40902,-755,33322,-761,20
2026-08-11,JD,五矿期货,88683,222,78595,853,1
2026-08-11,JD,新湖期货,86683,1001,79501,498,2
2026-08-11,JD,宏源期货,82513,1020,74572,81,3
2026-08-11,JD,兴证期货,78056,984,74126,-160,4
2026-08-11,JD,国投安信,79744,-583,68267,405,5
2026-08-11,JD,瑞达期货,69859,-505,68670,385,6
2026-08-11,JD,广发期货,72709,-696,63950,169,7
2026-08-11,JD,南华期货,67663,-558,62876,993,8
2026-08-11,JD,光大期货,65345,-680,57384,-136,9
2026-08-11,JD,招商期货,65101,308,57052,211,10
2026-08-11,JD,浙商期货,64302,498,56363,-481,11
2026-08-11,JD,方正中期,60220,1014,52629,-254,12
2026-08-11,JD,海通期货,54832,753,51479,-212,13
2026-08-11,JD,申银万国,57931,1026,47202,-604,14
2026-08-11,JD,华泰期货,54916,919,41646,775,15
2026-08-11,JD,东证期货,51182,1135,45159,330,16
2026-08-11,JD,国泰君安,47099,131,39920,-708,17
2026-08-11,JD,银河期货,46604,494,37693,-691,18
2026-08-11,JD,永安期货,39346,259,39257,-466,19
2026-08-11,JD,中信期货,41789,887,34229,907,20
2026-08-12,JD,五矿期货,88439,-244,79612,1017,1
2026-08-12,JD,新湖期货,87141,458,79992,491,2
2026-08-12,JD,宏源期货,82677,164,73908,-664,3
2026-08-12,JD,兴证期货,77358,-698,75012,886,4
2026-08-12,JD,国投安信,80562,818,68627,360,5
2026-08-12,JD,瑞达期货,70408,549,69365,695,6
2026-08-12,JD,广发期货,73672,963,64450,500,7
2026-08-12,JD,南华期货,68423,760,63753,877,8
2026-08-12,JD,招商期货,66087,986,57185,133,9
2026-08-12,JD,光大期货,64530,-815,57267,-117,10
2026-08-12,JD,浙商期货,63522,-780,57390,1027,11
2026-08-12,JD,方正中期,60946,726,52606,-23,12
2026-08-12,JD,申银万国,58997,1066,48026,824,13
2026-08-12,JD,海通期货,54937,105,51014,-465,14
2026-08-12,JD,东证期货,50906,-276,45137,-22,15
2026-08-12,JD,华泰期货,54305,-611,41286,-360,16
2026-08-12,JD,国泰君安,47688,589,40285,365,17
2026-08-12,JD,银河期货,45958,-646,37615,-78,18
2026-08-12,JD,永安期货,39362,16,40092,835,19
2026-08-12,JD,中信期货,41926,137,33697,-532,20
2026-08-13,JD,新湖期货,87851,710,80720,728,1
2026-08-13,JD,五矿期货,88127,-312,80340,728,2
2026-08-13,JD,宏源期货,82403,-274,74077,169,3
2026-08-13,JD,兴证期货,77706,348,74958,-54,4
2026-08-13,JD,国投安信,80811,249,68768,141,5
2026-08-13,JD,瑞达期货,69721,-687,69173,-192,6
2026-08-13,JD,广发期货,72820,-852,64606,156,7
2026-08-13,JD,南华期货,67691,-732,63907,154,8
2026-08-13,JD,光大期货,65563,1033,57699,432,9
2026-08-13,JD,招商期货,66078,-9,57107,-78,10
2026-08-13,JD,浙商期货,63495,-27,57367,-23,11
2026-08-13,JD,方正中期,60451,-495,52355,-251,12
2026-08-13,JD,海通期货,54954,17,51727,713,13
2026-08-13,JD,申银万国,58753,-244,47453,-573,14
2026-08-13,JD,东证期货,51244,338,45684,547,15
2026-08-13,JD,华泰期货,53816,-489,41014,-272,16
2026-08-13,JD,国泰君安,47997,309,40583,298,17
2026-08-13,JD,银河期货,45985,27,38395,780,18
2026-08-13,JD,永安期货,39661,299,40475,383,19
2026-08-13,JD,中信期货,42323,397,34365,668,20
2026-08-14,JD,新湖期货,88024,173,81609,889,1
2026-08-14,JD,五矿期货,87592,-535,80531,191,2
2026-08-14,JD,宏源期货,83015,612,74268,191,3
2026-08-14,JD,兴证期货,78595,889,74996,38,4
2026-08-14,JD,国投安信,81601,790,69319,551,5
2026-08-14,JD,瑞达期货,68928,-793,70010,837,6
2026-08-14,JD,广发期货,72640,-180,64857,251,7
2026-08-14,JD,南华期货,67579,-112,63442,-465,8
2026-08-14,JD,光大期货,66176,613,56947,-752,9
2026-08-14,JD,招商期货,65274,-804,56877,-230,10
2026-08-14,JD,浙商期货,63689,194,56574,-793,11
2026-08-14,JD,方正中期,60863,412,52147,-208,12
2026-08-14,JD,申银万国,59696,943,47772,319,13
2026-08-14,JD,海通期货,55165,211,51232,-495,14
2026-08-14,JD,东证期货,51092,-152,46741,1057,15
2026-08-14,JD,华泰期货,54119,303,41695,681,16
2026-08-14,JD,国泰君安,48919,922,39898,-685,17
2026-08-14,JD,银河期货,45590,-395,37807,-588,18
2026-08-14,JD,永安期货,40281,620,41136,661,19
2026-08-14,JD,中信期货,41655,-668,34675,310,20
2026-08-17,JD,新湖期货,88790,766,82633,1024,1
2026-08-17,JD,五矿期货,88394,802,80358,-173,2
2026-08-17,JD,宏源期货,82607,-408,74768,500,3
2026-08-17,JD,兴证期货,77704,-891,75998,1002,4
2026-08-17,JD,国投安信,82593,992,69063,-256,5
2026-08-17,JD,瑞达期货,69439,511,69398,-612,6
2026-08-17,JD,广发期货,72161,-479,65850,993,7
2026-08-17,JD,南华期货,68567,988,63373,-69,8
2026-08-17,JD,光大期货,65699,-477,57266,319,9
2026-08-17,JD,浙商期货,64100,411,56979,405,10
2026-08-17,JD,招商期货,64405,-869,56119,-758,11
2026-08-17,JD,方正中期,60379,-484,52311,164,12
2026-08-17,JD,申银万国,60255,559,47577,-195,13
2026-08-17,JD,海通期货,54414,-751,51844,612,14
2026-08-17,JD,东证期货,52257,1165,46351,-390,15
2026-08-17,JD,华泰期货,55046,927,41298,-397,16
2026-08-17,JD,国泰君安,50004,1085,39567,-331,17
2026-08-17,JD,银河期货,45012,-578,37973,166,18
2026-08-17,JD,永安期货,40260,-21,41760,624,19
2026-08-17,JD,中信期货,42306,651,33996,-679,20
2026-08-18,JD,新湖期货,89576,786,82630,-3,1
2026-08-18,JD,五矿期货,88266,-128,80077,-281,2
2026-08-18,JD,宏源期货,81727,-880,74769,1,3
2026-08-18,JD,兴证期货,77642,-62,76561,563,4
2026-08-18,JD,国投安信,83564,971,68771,-292,5
2026-08-18,JD,瑞达期货,69877,438,70056,658,6
2026-08-18,JD,广发期货,71680,-481,66799,949,7
2026-08-18,JD,南华期货,68949,382,63157,-216,8
2026-08-18,JD,光大期货,65664,-35,57809,543,9
2026-08-18,JD,招商期货,65273,868,57116,997,10
2026-08-18,JD,浙商期货,64368,268,57583,604,11
2026-08-18,JD,方正中期,61285,906,53349,1038,12
2026-08-18,JD,申银万国,59859,-396,48000,423,13
2026-08-18,JD,海通期货,54883,469,51522,-322,14
2026-08-18,JD,东证期货,51568,-689,45900,-451,15
2026-08-18,JD,华泰期货,54436,-610,41674,376,16
2026-08-18,JD,国泰君安,49985,-19,40676,1109,17
2026-08-18,JD,银河期货,45947,935,38026,53,18
2026-08-18,JD,永安期货,39842,-418,41788,28,19
2026-08-18,JD,中信期货,43218,912,33693,-303,20
2026-08-19,JD,新湖期货,90140,564,83203,573,1
2026-08-19,JD,五矿期货,88181,-85,79810,-267,2
2026-08-19,JD,宏源期货,81352,-375,75313,544,3
2026-08-19,JD,兴证期货,77084,-558,77226,665,4
2026-08-19,JD,国投安信,83763,199,68591,-180,5
2026-08-19,JD,广发期货,72400,720,66949,150,6
2026-08-19,JD,瑞达期货,69113,-764,69581,-475,7
2026-08-19,JD,南华期货,68374,-575,64154,997,8
2026-08-19,JD,光大期货,66176,512,57415,-394,9
2026-08-19,JD,浙商期货,63612,-756,58038,455,10
2026-08-19,JD,招商期货,64607,-666,56502,-614,11
2026-08-19,JD,方正中期,60648,-637,53856,507,12
2026-08-19,JD,申银万国,59044,-815,48575,575,13
2026-08-19,JD,海通期货,55554,671,51591,69,14
2026-08-19,JD,东证期货,50809,-759,46413,513,15
2026-08-19,JD,华泰期货,54954,518,41633,-41,16
2026-08-19,JD,国泰君安,50800,815,40905,229,17
2026-08-19,JD,银河期货,45686,-261,38485,459,18
2026-08-19,JD,永安期货,40787,945,42863,1075,19
2026-08-19,JD,中信期货,42826,-392,34595,902,20
2026-08-20,JD,新湖期货,89378,-762,82848,-355,1
2026-08-20,JD,五矿期货,88173,-8,80220,410,2
2026-08-20,JD,宏源期货,81872,520,76114,801,3
2026-08-20,JD,兴证期货,76355,-729,77937,711,4
2026-08-20,JD,国投安信,83657,-106,68118,-473,5
2026-08-20,JD,瑞达期货,68290,-823,70437,856,6
2026-08-20,JD,广发期货,71728,-672,66567,-382,7
2026-08-20,JD,南华期货,68454,80,63527,-627,8
2026-08-20,JD,光大期货,66295,119,56976,-439,9
2026-08-20,JD,浙商期货,62972,-640,58249,211,10
2026-08-20,JD,招商期货,63780,-827,56612,110,11
2026-08-20,JD,方正中期,60884,236,54739,883,12
2026-08-20,JD,申银万国,59954,910,48138,-437,13
2026-08-20,JD,海通期货,56600,1046,50918,-673,14
2026-08-20,JD,华泰期货,55739,785,42596,963,15
2026-08-20,JD,东证期货,50273,-536,46451,38,16
2026-08-20,JD,国泰君安,51187,387,40670,-235,17
2026-08-20,JD,银河期货,45128,-558,39273,788,18
2026-08-20,JD,永安期货,41105,318,42679,-184,19
2026-08-20,JD,中信期货,42629,-197,35577,982,20
2026-08-21,JD,新湖期货,89513,135,82128,-720,1
2026-08-21,JD,五矿期货,87734,-439,79746,-474,2
2026-08-21,JD,宏源期货,81285,-587,75861,-253,3
2026-08-21,JD,兴证期货,76256,-99,77865,-72,4
2026-08-21,JD,国投安信,84076,419,67383,-735,5
2026-08-21,JD,瑞达期货,67800,-490,71433,996,6
2026-08-21,JD,广发期货,71545,-183,66663,96,7
2026-08-21,JD,南华期货,69441,987,63036,-491,8
2026-08-21,JD,浙商期货,62771,-201,59159,910,9
2026-08-21,JD,光大期货,65424,-871,56438,-538,10
2026-08-21,JD,招商期货,64826,1046,56275,-337,11
2026-08-21,JD,方正中期,60073,-811,55053,314,12
2026-08-21,JD,申银万国,60627,673,47718,-420,13
2026-08-21,JD,海通期货,57184,584,50719,-199,14
2026-08-21,JD,华泰期货,56409,670,42133,-463,15
2026-08-21,JD,东证期货,50850,577,46712,261,16
2026-08-21,JD,国泰君安,51312,125,41122,452,17
2026-08-21,JD,银河期货,45923,795,38587,-686,18
2026-08-21,JD,永安期货,41084,-21,42806,127,19
2026-08-21,JD,中信期货,43361,732,35099,-478,20
2026-08-24,JD,新湖期货,88906,-607,83124,996,1
2026-08-24,JD,五矿期货,87046,-688,80297,551,2
2026-08-24,JD,宏源期货,81143,-142,75089,-772,3
2026-08-24,JD,兴证期货,77266,1010,77673,-192,4
2026-08-24,JD,国投安信,83523,-553,68015,632,5
2026-08-24,JD,瑞达期货,68166,366,72058,625,6
2026-08-24,JD,广发期货,71739,194,65848,-815,7
2026-08-24,JD,南华期货,69380,-61,63246,210,8
2026-08-24,JD,光大期货,65644,220,56238,-200,9
2026-08-24,JD,招商期货,65328,502,55558,-717,10
2026-08-24,JD,浙商期货,61987,-784,58537,-622,11
2026-08-24,JD,方正中期,59502,-571,54496,-557,12
2026-08-24,JD,申银万国,60959,332,47950,232,13
2026-08-24,JD,海通期货,56873,-311,51009,290,14
2026-08-24,JD,华泰期货,57236,827,41786,-347,15
2026-08-24,JD,东证期货,50972,122,46084,-628,16
2026-08-24,JD,国泰君安,52008,696,41250,128,17
2026-08-24,JD,银河期货,45194,-729,39601,1014,18
2026-08-24,JD,永安期货,41588,504,42434,-372,19
2026-08-24,JD,中信期货,43268,-93,35676,577,20
2026-08-25,JD,新湖期货,89404,498,83278,154,1
2026-08-25,JD,五矿期货,87400,354,79959,-338,2
2026-08-25,JD,宏源期货,81775,632,74725,-364,3
2026-08-25,JD,兴证期货,77286,20,78687,1014,4
2026-08-25,JD,国投安信,83884,361,67957,-58,5
2026-08-25,JD,瑞达期货,67844,-322,72612,554,6
2026-08-25,JD,广发期货,72159,420,65788,-60,7
2026-08-25,JD,南华期货,70399,1019,63566,320,8
2026-08-25,JD,招商期货,66293,965,55683,125,9
2026-08-25,JD,浙商期货,62415,428,59374,837,10
2026-08-25,JD,光大期货,64895,-749,55428,-810,11
2026-08-25,JD,方正中期,59756,254,54763,267,12
2026-08-25,JD,申银万国,60518,-441,48660,710,13
2026-08-25,JD,海通期货,57259,386,50231,-778,14
2026-08-25,JD,华泰期货,56581,-655,42691,905,15
2026-08-25,JD,东证期货,51766,794,46475,391,16
2026-08-25,JD,国泰君安,52380,372,40599,-651,17
2026-08-25,JD,银河期货,46080,886,39624,23,18
2026-08-25,JD,永安期货,41286,-302,41676,-758,19
2026-08-25,JD,中信期货,43268,0,34913,-763,20
2026-08-26,JD,新湖期货,89327,-77,82684,-594,1
2026-08-26,JD,五矿期货,88220,820,80392,433,2
2026-08-26,JD,兴证期货,78187,901,78945,258,3
2026-08-26,JD,宏源期货,82619,844,74339,-386,4
2026-08-26,JD,国投安信,83824,-60,68562,605,5
2026-08-26,JD,瑞达期货,67031,-813,72703,91,6
2026-08-26,JD,广发期货,71873,-286,65232,-556,7
2026-08-26,JD,南华期货,70383,-16,64365,799,8
2026-08-26,JD,招商期货,66908,615,54875,-808,9
2026-08-26,JD,浙商期货,61843,-572,59277,-97,10
2026-08-26,JD,光大期货,64521,-374,56384,956,11
2026-08-26,JD,方正中期,59213,-543,54708,-55,12
2026-08-26,JD,海通期货,57663,404,50878,647,13
2026-08-26,JD,申银万国,59913,-605,48397,-263,14
2026-08-26,JD,东证期货,52084,318,47506,1031,15
2026-08-26,JD,华泰期货,56418,-163,42299,-392,16
2026-08-26,JD,国泰君安,53482,1102,41669,1070,17
2026-08-26,JD,银河期货,45613,-467,39784,160,18
2026-08-26,JD,永安期货,41212,-74,42209,533,19
2026-08-26,JD,中信期货,43419,151,35124,211,20
2026-08-27,JD,新湖期货,89375,48,82956,272,1
2026-08-27,JD,五矿期货,89086,866,81106,714,2
2026-08-27,JD,兴证期货,78892,705,79362,417,3
2026-08-27,JD,宏源期货,82463,-156,75332,993,4
2026-08-27,JD,国投安信,84417,593,69062,500,5
2026-08-27,JD,瑞达期货,68072,1041,73642,939,6
2026-08-27,JD,广发期货,72137,264,64780,-452,7
2026-08-27,JD,南华期货,70942,559,63906,-459,8
2026-08-27,JD,招商期货,66511,-397,54469,-406,9
2026-08-27,JD,光大期货,63893,-628,57015,631,10
2026-08-27,JD,浙商期货,62028,185,58848,-429,11
2026-08-27,JD,方正中期,59675,462,54674,-34,12
2026-08-27,JD,申银万国,59962,49,48291,-106,13
2026-08-27,JD,海通期货,57454,-209,50695,-183,14
2026-08-27,JD,东证期货,52806,722,47662,156,15
2026-08-27,JD,华泰期货,56427,9,42244,-55,16
2026-08-27,JD,国泰君安,53564,82,42708,1039,17
2026-08-27,JD,银河期货,45688,75,39957,173,18
2026-08-27,JD,永安期货,41154,-58,41865,-344,19
2026-08-27,JD,中信期货,44567,1148,35185,61,20
2026-08-28,JD,新湖期货,88523,-852,83527,571,1
2026-08-28,JD,五矿期货,88608,-478,81046,-60,2
2026-08-28,JD,宏源期货,83494,1031,75389,57,3
2026-08-28,JD,兴证期货,78876,-16,78881,-481,4
2026-08-28,JD,国投安信,85436,1019,69271,209,5
2026-08-28,JD,瑞达期货,68522,450,73579,-63,6
2026-08-28,JD,广发期货,73059,922,64250,-530,7
2026-08-28,JD,南华期货,70733,-209,64185,279,8
2026-08-28,JD,光大期货,64774,881,57442,427,9
2026-08-28,JD,招商期货,66019,-492,54063,-406,10
2026-08-28,JD,浙商期货,61972,-56,58102,-746,11
2026-08-28,JD,方正中期,60732,1057,55410,736,12
2026-08-28,JD,海通期货,58406,952,51550,855,13
2026-08-28,JD,申银万国,59988,26,48056,-235,14
2026-08-28,JD,东证期货,52989,183,47114,-548,15
2026-08-28,JD,华泰期货,56638,211,42729,485,16
2026-08-28,JD,国泰君安,53412,-152,42375,-333,17
2026-08-28,JD,银河期货,45712,24,39476,-481,18
2026-08-28,JD,永安期货,41996,842,41931,66,19
2026-08-28,JD,中信期货,44554,-13,35733,548,20
2026-08-31,JD,新湖期货,89007,484,82875,-652,1
2026-08-31,JD,五矿期货,89319,711,80329,-717,2
2026-08-31,JD,宏源期货,84387,893,74611,-778,3
2026-08-31,JD,兴证期货,79481,605,79317,436,4
2026-08-31,JD,国投安信,85790,354,69507,236,5
2026-08-31,JD,瑞达期货,69532,1010,74292,713,6
2026-08-31,JD,广发期货,72806,-253,64650,400,7
2026-08-31,JD,南华期货,71740,1007,64331,146,8
2026-08-31,JD,光大期货,64833,59,57095,-347,9
2026-08-31,JD,浙商期货,62849,877,58764,662,10
2026-08-31,JD,招商期货,65386,-633,54774,711,11
2026-08-31,JD,方正中期,60674,-58,55208,-202,12
2026-08-31,JD,申银万国,60689,701,48846,790,13
2026-08-31,JD,海通期货,57911,-495,51008,-542,14
2026-08-31,JD,东证期货,52528,-461,47657,543,15
2026-08-31,JD,华泰期货,56561,-77,43056,327,16
2026-08-31,JD,国泰君安,54159,747,42998,623,17
2026-08-31,JD,银河期货,46085,373,40281,805,18
2026-08-31,JD,永安期货,42378,382,42527,596,19
2026-08-31,JD,中信期货,44126,-428,35522,-211,20
2026-09-01,JD,新湖期货,89750,743,83175,300,1
2026-09-01,JD,五矿期货,88746,-573,81323,994,2
2026-09-01,JD,宏源期货,84108,-279,73968,-643,3
2026-09-01,JD,兴证期货,78939,-542,79060,-257,4
2026-09-01,JD,国投安信,85583,-207,70097,590,5
2026-09-01,JD,瑞达期货,69546,14,74414,122,6
2026-09-01,JD,广发期货,73758,952,65496,846,7
2026-09-01,JD,南华期货,71486,-254,64675,344,8
2026-09-01,JD,光大期货,64562,-271,57966,871,9
2026-09-01,JD,招商期货,65762,376,55786,1012,10
2026-09-01,JD,浙商期货,62084,-765,58657,-107,11
2026-09-01,JD,方正中期,61735,1061,54794,-414,12
2026-09-01,JD,海通期货,58533,622,50466,-542,13
2026-09-01,JD,申银万国,60519,-170,48411,-435,14
2026-09-01,JD,东证期货,53494,966,47071,-586,15
2026-09-01,JD,华泰期货,56302,-259,44052,996,16
2026-09-01,JD,国泰君安,55144,985,44008,1010,17
2026-09-01,JD,银河期货,45413,-672,40189,-92,18
2026-09-01,JD,永安期货,41773,-605,41800,-727,19
2026-09-01,JD,中信期货,43363,-763,36636,1114,20
2026-09-02,JD,新湖期货,90421,671,82365,-810,1
2026-09-02,JD,五矿期货,89046,300,81882,559,2
2026-09-02,JD,兴证期货,79007,68,78986,-74,3
2026-09-02,JD,宏源期货,84184,76,73467,-501,4
2026-09-02,JD,国投安信,86485,902,70027,-70,5
2026-09-02,JD,瑞达期货,68726,-820,73841,-573,6
2026-09-02,JD,广发期货,73056,-702,66193,697,7
2026-09-02,JD,南华期货,72448,962,64736,61,8
2026-09-02,JD,光大期货,65512,950,57626,-340,9
2026-09-02,JD,招商期货,66221,459,55236,-550,10
2026-09-02,JD,浙商期货,63183,1099,58039,-618,11
2026-09-02,JD,方正中期,62248,513,55680,886,12
2026-09-02,JD,申银万国,60906,387,48522,111,13
2026-09-02,JD,海通期货,59066,533,50191,-275,14
2026-09-02,JD,华泰期货,56552,250,44333,281,15
2026-09-02,JD,东证期货,53553,59,46625,-446,16
2026-09-02,JD,国泰君安,54606,-538,44328,320,17
2026-09-02,JD,银河期货,46497,1084,40685,496,18
2026-09-02,JD,永安期货,42796,1023,41341,-459,19
2026-09-02,JD,中信期货,42917,-446,36716,80,20
2026-09-03,JD,新湖期货,90177,-244,82113,-252,1
2026-09-03,JD,五矿期货,89602,556,82655,773,2
2026-09-03,JD,兴证期货,80073,1066,79505,519,3
2026-09-03,JD,宏源期货,83687,-497,73915,448,4
2026-09-03,JD,国投安信,85812,-673,70796,769,5
2026-09-03,JD,瑞达期货,69703,977,73297,-544,6
2026-09-03,JD,广发期货,73543,487,66149,-44,7
2026-09-03,JD,南华期货,72826,378,64500,-236,8
2026-09-03,JD,光大期货,64786,-726,58591,965,9
2026-09-03,JD,浙商期货,63040,-143,57330,-709,10
2026-09-03,JD,招商期货,65683,-538,54662,-574,11
2026-09-03,JD,方正中期,63161,913,55525,-155,12
2026-09-03,JD,申银万国,61944,1038,49047,525,13
2026-09-03,JD,海通期货,59326,260,50045,-146,14
2026-09-03,JD,华泰期货,57639,1087,44490,157,15
2026-09-03,JD,东证期货,54603,1050,45895,-730,16
2026-09-03,JD,国泰君安,55023,417,44729,401,17
2026-09-03,JD,银河期货,46089,-408,40831,146,18
2026-09-03,JD,永安期货,43691,895,41313,-28,19
2026-09-03,JD,中信期货,44043,1126,36849,133,20
2026-09-04,JD,五矿期货,90237,635,83360,705,1
2026-09-04,JD,新湖期货,89359,-818,81821,-292,2
2026-09-04,JD,兴证期货,79711,-362,79574,69,3
2026-09-04,JD,宏源期货,83673,-14,73756,-159,4
2026-09-04,JD,国投安信,86346,534,70573,-223,5
2026-09-04,JD,瑞达期货,70132,429,72936,-361,6
2026-09-04,JD,广发期货,72984,-559,65405,-744,7
2026-09-04,JD,南华期货,72578,-248,65505,1005,8
2026-09-04,JD,光大期货,64459,-327,58806,215,9
2026-09-04,JD,浙商期货,63991,951,58355,1025,10
2026-09-04,JD,招商期货,64831,-852,54814,152,11
2026-09-04,JD,方正中期,62654,-507,55726,201,12
2026-09-04,JD,申银万国,61390,-554,48944,-103,13
2026-09-04,JD,海通期货,60169,843,49712,-333,14
2026-09-04,JD,华泰期货,57947,308,44495,5,15
2026-09-04,JD,东证期货,55096,493,46949,1054,16
2026-09-04,JD,国泰君安,55477,454,45596,867,17
2026-09-04,JD,永安期货,44854,1163,42153,840,18
2026-09-04,JD,银河期货,46322,233,40093,-738,19
2026-09-04,JD,中信期货,43433,-610,36805,-44,20
2026-07-27,CF,五矿期货,85641,-785,77630,592,1
2026-07-27,CF,新湖期货,84118,354,73793,-601,2
2026-07-27,CF,宏源期货,82466,461,73450,-634,3
2026-07-27,CF,兴证期货,79719,-223,70806,759,4
2026-07-27,CF,国投安信,76984,392,68679,938,5
2026-07-27,CF,瑞达期货,75986,1084,66346,93,6
2026-07-27,CF,广发期货,73639,1077,64524,934,7
2026-07-27,CF,南华期货,69411,293,62003,432,8
2026-07-27,CF,招商期货,65745,-756,58211,-531,9
2026-07-27,CF,浙商期货,65199,961,57981,414,10
2026-07-27,CF,光大期货,61200,-202,56631,932,11
2026-07-27,CF,方正中期,59444,608,53476,802,12
2026-07-27,CF,海通期货,55427,580,49284,-823,13
2026-07-27,CF,申银万国,52910,-746,47459,-831,14
2026-07-27,CF,华泰期货,49595,-722,47243,918,15
2026-07-27,CF,东证期货,47844,-295,44484,825,16
2026-07-27,CF,银河期货,47040,391,40749,871,17
2026-07-27,CF,国泰君安,41588,-647,37088,-455,18
2026-07-27,CF,中信期货,40045,-418,35322,-6,19
2026-07-27,CF,永安期货,38093,-283,32610,-618,20
2026-07-28,CF,五矿期货,86504,863,76905,-725,1
2026-07-28,CF,新湖期货,84430,312,74714,921,2
2026-07-28,CF,宏源期货,83064,598,73984,534,3
2026-07-28,CF,兴证期货,79779,60,70545,-261,4
2026-07-28,CF,国投安信,77530,546,68210,-469,5
2026-07-28,CF,瑞达期货,76100,114,66735,389,6
2026-07-28,CF,广发期货,73143,-496,65124,600,7
2026-07-28,CF,南华期货,69485,74,62827,824,8
2026-07-28,CF,招商期货,65929,184,57755,-456,9
2026-07-28,CF,浙商期货,64955,-244,58411,430,10
2026-07-28,CF,光大期货,60462,-738,56573,-58,11
2026-07-28,CF,方正中期,58646,-798,54094,618,12
2026-07-28,CF,海通期货,55004,-423,48864,-420,13
2026-07-28,CF,申银万国,53631,721,48013,554,14
2026-07-28,CF,华泰期货,48702,-893,47279,36,15
2026-07-28,CF,东证期货,48534,690,43901,-583,16
2026-07-28,CF,银河期货,46640,-400,40166,-583,17
2026-07-28,CF,国泰君安,42705,1117,36484,-604,18
2026-07-28,CF,中信期货,41145,1100,36079,757,19
2026-07-28,CF,永安期货,37597,-496,32248,-362,20
2026-07-29,CF,五矿期货,86117,-387,77743,838,1
2026-07-29,CF,新湖期货,83976,-454,74737,23,2
2026-07-29,CF,宏源期货,83475,411,73718,-266,3
2026-07-29,CF,兴证期货,79723,-56,70732,187,4
2026-07-29,CF,国投安信,77237,-293,68591,381,5
2026-07-29,CF,瑞达期货,76912,812,67098,363,6
2026-07-29,CF,广发期货,73051,-92,65575,451,7
2026-07-29,CF,南华期货,69051,-434,62309,-518,8
2026-07-29,CF,招商期货,65687,-242,58453,698,9
2026-07-29,CF,浙商期货,64438,-517,59298,887,10
2026-07-29,CF,光大期货,59717,-745,56108,-465,11
2026-07-29,CF,方正中期,59185,539,54803,709,12
2026-07-29,CF,海通期货,55537,533,48267,-597,13
2026-07-29,CF,申银万国,53909,278,47550,-463,14
2026-07-29,CF,华泰期货,49600,898,47539,260,15
2026-07-29,CF,东证期货,48293,-241,43425,-476,16
2026-07-29,CF,银河期货,47855,1215,39800,-366,17
2026-07-29,CF,国泰君安,42087,-618,36074,-410,18
2026-07-29,CF,中信期货,41404,259,35321,-758,19
2026-07-29,CF,永安期货,37723,126,31856,-392,20
2026-07-30,CF,五矿期货,87089,972,77633,-110,1
2026-07-30,CF,新湖期货,84655,679,75763,1026,2
2026-07-30,CF,宏源期货,83227,-248,74072,354,3
2026-07-30,CF,兴证期货,80204,481,70062,-670,4
2026-07-30,CF,国投安信,76361,-876,69265,674,5
2026-07-30,CF,瑞达期货,77478,566,67161,63,6
2026-07-30,CF,广发期货,73716,665,66565,990,7
2026-07-30,CF,南华期货,68314,-737,62839,530,8
2026-07-30,CF,招商期货,66461,774,58483,30,9
2026-07-30,CF,浙商期货,64807,369,59995,697,10
2026-07-30,CF,光大期货,60318,601,55381,-727,11
2026-07-30,CF,方正中期,58989,-196,55801,998,12
2026-07-30,CF,海通期货,54765,-772,48428,161,13
2026-07-30,CF,申银万国,53141,-768,46826,-724,14
2026-07-30,CF,华泰期货,50244,644,47019,-520,15
2026-07-30,CF,东证期货,48028,-265,43231,-194,16
2026-07-30,CF,银河期货,48898,1043,40429,629,17
2026-07-30,CF,国泰君安,41321,-766,36645,571,18
2026-07-30,CF,中信期货,41117,-287,35637,316,19
2026-07-30,CF,永安期货,37649,-74,32592,736,20
2026-07-31,CF,五矿期货,87922,833,77608,-25,1
2026-07-31,CF,新湖期货,85646,991,76543,780,2
2026-07-31,CF,宏源期货,83272,45,73886,-186,3
2026-07-31,CF,兴证期货,80256,52,71014,952,4
2026-07-31,CF,国投安信,76183,-178,69254,-11,5
2026-07-31,CF,瑞达期货,76665,-813,67725,564,6
2026-07-31,CF,广发期货,74018,302,66064,-501,7
2026-07-31,CF,南华期货,67803,-511,62456,-383,8
2026-07-31,CF,招商期货,66679,218,59158,675,9
2026-07-31,CF,浙商期货,64908,101,59786,-209,10
2026-07-31,CF,光大期货,60032,-286,56094,713,11
2026-07-31,CF,方正中期,58847,-142,55974,173,12
2026-07-31,CF,海通期货,55525,760,48561,133,13
2026-07-31,CF,申银万国,52974,-167,47496,670,14
2026-07-31,CF,华泰期货,49997,-247,47092,73,15
2026-07-31,CF,东证期货,48737,709,44180,949,16
2026-07-31,CF,银河期货,49283,385,40196,-233,17
2026-07-31,CF,国泰君安,42505,1184,36009,-636,18
2026-07-31,CF,中信期货,41577,460,36255,618,19
2026-07-31,CF,永安期货,38298,649,33216,624,20
2026-08-03,CF,五矿期货,87576,-346,77448,-160,1
2026-08-03,CF,新湖期货,85713,67,75999,-544,2
2026-08-03,CF,宏源期货,82405,-867,73837,-49,3
2026-08-03,CF,兴证期货,79800,-456,70358,-656,4
2026-08-03,CF,国投安信,76497,314,68780,-474,5
2026-08-03,CF,瑞达期货,76118,-547,67184,-541,6
2026-08-03,CF,广发期货,74473,455,67068,1004,7
2026-08-03,CF,南华期货,68523,720,63280,824,8
2026-08-03,CF,招商期货,65807,-872,59197,39,9
2026-08-03,CF,浙商期货,64826,-82,59684,-102,10
2026-08-03,CF,光大期货,60426,394,55549,-545,11
2026-08-03,CF,方正中期,58728,-119,56906,932,12
2026-08-03,CF,海通期货,56239,714,48359,-202,13
2026-08-03,CF,申银万国,53862,888,46931,-565,14
2026-08-03,CF,华泰期货,49956,-41,46292,-800,15
2026-08-03,CF,东证期货,49494,757,44199,19,16
2026-08-03,CF,银河期货,48793,-490,40937,741,17
2026-08-03,CF,中信期货,42638,1061,36436,181,18
2026-08-03,CF,国泰君安,42651,146,35551,-458,19
2026-08-03,CF,永安期货,38467,169,34225,1009,20
2026-08-04,CF,五矿期货,88321,745,77041,-407,1
2026-08-04,CF,新湖期货,85875,162,76161,162,2
2026-08-04,CF,宏源期货,81794,-611,73468,-369,3
2026-08-04,CF,兴证期货,80144,344,70100,-258,4
2026-08-04,CF,国投安信,77042,545,68906,126,5
2026-08-04,CF,瑞达期货,75355,-763,66996,-188,6
2026-08-04,CF,广发期货,75542,1069,66435,-633,7
2026-08-04,CF,南华期货,67745,-778,63153,-127,8
2026-08-04,CF,招商期货,66891,1084,59710,513,9
2026-08-04,CF,浙商期货,64253,-573,59832,148,10
2026-08-04,CF,光大期货,61466,1040,56443,894,11
2026-08-04,CF,方正中期,58714,-14,56947,41,12
2026-08-04,CF,海通期货,56821,582,48531,172,13
2026-08-04,CF,申银万国,53958,96,47323,392,14
2026-08-04,CF,华泰期货,49522,-434,45831,-461,15
2026-08-04,CF,东证期货,49839,345,43997,-202,16
2026-08-04,CF,银河期货,49712,919,41915,978,17
2026-08-04,CF,中信期货,42876,238,36469,33,18
2026-08-04,CF,国泰君安,42195,-456,35402,-149,19
2026-08-04,CF,永安期货,38092,-375,33499,-726,20
2026-08-05,CF,五矿期货,89284,963,77976,935,1
2026-08-05,CF,新湖期货,86384,509,75789,-372,2
2026-08-05,CF,宏源期货,81322,-472,73286,-182,3
2026-08-05,CF,兴证期货,80098,-46,69754,-346,4
2026-08-05,CF,国投安信,77057,15,68813,-93,5
2026-08-05,CF,广发期货,75799,257,66554,119,6
2026-08-05,CF,瑞达期货,74584,-771,66182,-814,7
2026-08-05,CF,南华期货,67107,-638,63059,-94,8
2026-08-05,CF,招商期货,67401,510,60629,919,9
2026-08-05,CF,浙商期货,64117,-136,60634,802,10
2026-08-05,CF,光大期货,61264,-202,57077,634,11
2026-08-05,CF,方正中期,58898,184,56674,-273,12
2026-08-05,CF,海通期货,57147,326,47946,-585,13
2026-08-05,CF,申银万国,54310,352,46722,-601,14
2026-08-05,CF,华泰期货,49888,366,45859,28,15
2026-08-05,CF,东证期货,49695,-144,44627,630,16
2026-08-05,CF,银河期货,49625,-87,42436,521,17
2026-08-05,CF,中信期货,42122,-754,36329,-140,18
2026-08-05,CF,国泰君安,42708,513,34956,-446,19
2026-08-05,CF,永安期货,38164,72,33733,234,20
2026-08-06,CF,五矿期货,88579,-705,77912,-64,1
2026-08-06,CF,新湖期货,86530,146,76742,953,2
2026-08-06,CF,宏源期货,80461,-861,73077,-209,3
2026-08-06,CF,兴证期货,80160,62,70727,973,4
2026-08-06,CF,国投安信,77157,100,69116,303,5
2026-08-06,CF,广发期货,75384,-415,67369,815,6
2026-08-06,CF,瑞达期货,75362,778,65842,-340,7
2026-08-06,CF,南华期货,67421,314,63457,398,8
2026-08-06,CF,招商期货,66969,-432,61229,600,9
2026-08-06,CF,浙商期货,64389,272,61650,1016,10
2026-08-06,CF,光大期货,61964,700,57522,445,11
2026-08-06,CF,方正中期,58258,-640,56483,-191,12
2026-08-06,CF,海通期货,56645,-502,48943,997,13
2026-08-06,CF,申银万国,54088,-222,47302,580,14
2026-08-06,CF,华泰期货,50170,282,46634,775,15
2026-08-06,CF,东证期货,50051,356,44554,-73,16
2026-08-06,CF,银河期货,50456,831,42240,-196,17
2026-08-06,CF,中信期货,42640,518,37434,1105,18
2026-08-06,CF,国泰君安,43774,1066,35161,205,19
2026-08-06,CF,永安期货,39232,1068,33603,-130,20
2026-08-07,CF,五矿期货,87978,-601,78666,754,1
2026-08-07,CF,新湖期货,86618,88,77042,300,2
2026-08-07,CF,宏源期货,81250,789,73498,421,3
2026-08-07,CF,兴证期货,79930,-230,70606,-121,4
2026-08-07,CF,国投安信,77553,396,68272,-844,5
2026-08-07,CF,广发期货,74604,-780,67489,120,6
2026-08-07,CF,瑞达期货,74967,-395,65449,-393,7
2026-08-07,CF,南华期货,68257,836,64199,742,8
2026-08-07,CF,招商期货,66362,-607,61124,-105,9
2026-08-07,CF,浙商期货,64054,-335,62257,607,10
2026-08-07,CF,光大期货,62684,720,58248,726,11
2026-08-07,CF,方正中期,58950,692,56028,-455,12
2026-08-07,CF,海通期货,56665,20,48890,-53,13
2026-08-07,CF,申银万国,53732,-356,46589,-713,14
2026-08-07,CF,华泰期货,51094,924,47274,640,15
2026-08-07,CF,东证期货,50505,454,45628,1074,16
2026-08-07,CF,银河期货,50681,225,42417,177,17
2026-08-07,CF,中信期货,43137,497,37322,-112,18
2026-08-07,CF,国泰君安,43160,-614,35474,313,19
2026-08-07,CF,永安期货,39988,756,33136,-467,20
2026-08-10,CF,五矿期货,87373,-605,78422,-244,1
2026-08-10,CF,新湖期货,86252,-366,76610,-432,2
2026-08-10,CF,宏源期货,80372,-878,73258,-240,3
2026-08-10,CF,兴证期货,80706,776,71502,896,4
2026-08-10,CF,国投安信,77519,-34,68856,584,5
2026-08-10,CF,广发期货,74282,-322,67147,-342,6
2026-08-10,CF,瑞达期货,75686,719,65369,-80,7
2026-08-10,CF,南华期货,68993,736,64381,182,8
2026-08-10,CF,浙商期货,64660,606,63219,962,9
2026-08-10,CF,招商期货,65861,-501,61346,222,10
2026-08-10,CF,光大期货,63286,602,57522,-726,11
2026-08-10,CF,方正中期,58296,-654,55783,-245,12
2026-08-10,CF,海通期货,56988,323,49279,389,13
2026-08-10,CF,申银万国,54793,1061,47630,1041,14
2026-08-10,CF,华泰期货,51516,422,46809,-465,15
2026-08-10,CF,东证期货,51412,907,46518,890,16
2026-08-10,CF,银河期货,50999,318,42056,-361,17
2026-08-10,CF,中信期货,43349,212,37195,-127,18
2026-08-10,CF,国泰君安,43618,458,36512,1038,19
2026-08-10,CF,永安期货,39766,-222,33021,-115,20
2026-08-11,CF,五矿期货,88250,877,78240,-182,1
2026-08-11,CF,新湖期货,85605,-647,75867,-743,2
2026-08-11,CF,宏源期货,80133,-239,72442,-816,3
2026-08-11,CF,兴证期货,81007,301,70915,-587,4
2026-08-11,CF,国投安信,77202,-317,68339,-517,5
2026-08-11,CF,广发期货,73787,-495,67743,596,6
2026-08-11,CF,瑞达期货,76028,342,65447,78,7
2026-08-11,CF,南华期货,69026,33,64096,-285,8
2026-08-11,CF,招商期货,66879,1018,61056,-290,9
2026-08-11,CF,浙商期货,64403,-257,62589,-630,10
2026-08-11,CF,光大期货,63295,9,58225,703,11
2026-08-11,CF,方正中期,57717,-579,56149,366,12
2026-08-11,CF,海通期货,56870,-118,49566,287,13
2026-08-11,CF,申银万国,54807,14,48061,431,14
2026-08-11,CF,东证期货,51584,172,47336,818,15
2026-08-11,CF,华泰期货,52479,963,46261,-548,16
2026-08-11,CF,银河期货,50380,-619,42040,-16,17
2026-08-11,CF,中信期货,43903,554,37743,548,18
2026-08-11,CF,国泰君安,44399,781,36605,93,19
2026-08-11,CF,永安期货,39037,-729,32310,-711,20
2026-08-12,CF,五矿期货,87489,-761,77676,-564,1
2026-08-12,CF,新湖期货,84835,-770,76915,1048,2
2026-08-12,CF,兴证期货,81575,568,71526,611,3
2026-08-12,CF,宏源期货,79503,-630,72609,167,4
2026-08-12,CF,国投安信,76416,-786,68969,630,5
2026-08-12,CF,瑞达期货,76936,908,65644,197,6
2026-08-12,CF,广发期货,74051,264,66973,-770,7
2026-08-12,CF,南华期货,69284,258,64795,699,8
2026-08-12,CF,招商期货,66558,-321,60869,-187,9
2026-08-12,CF,浙商期货,63573,-830,63057,468,10
2026-08-12,CF,光大期货,64107,812,58932,707,11
2026-08-12,CF,方正中期,57485,-232,56554,405,12
2026-08-12,CF,海通期货,56780,-90,49080,-486,13
2026-08-12,CF,申银万国,55230,423,47874,-187,14
2026-08-12,CF,华泰期货,52866,387,46300,39,15
2026-08-12,CF,东证期货,51930,346,46618,-718,16
2026-08-12,CF,银河期货,51075,695,42038,-2,17
2026-08-12,CF,国泰君安,44264,-135,37538,933,18
2026-08-12,CF,中信期货,43878,-25,37263,-480,19
2026-08-12,CF,永安期货,39388,351,32517,207,20
2026-08-13,CF,五矿期货,88455,966,78605,929,1
2026-08-13,CF,新湖期货,84171,-664,77627,712,2
2026-08-13,CF,兴证期货,82342,767,71100,-426,3
2026-08-13,CF,宏源期货,79521,18,72084,-525,4
2026-08-13,CF,国投安信,77201,785,68302,-667,5
2026-08-13,CF,瑞达期货,76353,-583,65916,272,6
2026-08-13,CF,广发期货,73961,-90,67545,572,7
2026-08-13,CF,南华期货,69698,414,65562,767,8
2026-08-13,CF,招商期货,66732,174,60871,2,9
2026-08-13,CF,浙商期货,63789,216,62334,-723,10
2026-08-13,CF,光大期货,64215,108,58902,-30,11
2026-08-13,CF,方正中期,58122,637,55846,-708,12
2026-08-13,CF,海通期货,56725,-55,48933,-147,13
2026-08-13,CF,申银万国,55022,-208,47190,-684,14
2026-08-13,CF,华泰期货,53957,1091,46181,-119,15
2026-08-13,CF,东证期货,52695,765,46585,-33,16
2026-08-13,CF,银河期货,50776,-299,41456,-582,17
2026-08-13,CF,国泰君安,45409,1145,38229,691,18
2026-08-13,CF,中信期货,44168,290,36827,-436,19
2026-08-13,CF,永安期货,38918,-470,31956,-561,20
2026-08-14,CF,五矿期货,89018,563,79182,577,1
2026-08-14,CF,新湖期货,83319,-852,78148,521,2
2026-08-14,CF,兴证期货,82486,144,71817,717,3
2026-08-14,CF,宏源期货,79214,-307,72242,158,4
2026-08-14,CF,国投安信,77111,-90,67491,-811,5
2026-08-14,CF,瑞达期货,76752,399,66438,522,6
2026-08-14,CF,广发期货,73854,-107,68243,698,7
2026-08-14,CF,南华期货,69452,-246,65373,-189,8
2026-08-14,CF,浙商期货,64843,1054,63266,932,9
2026-08-14,CF,招商期货,66113,-619,61046,175,10
2026-08-14,CF,光大期货,63791,-424,58364,-538,11
2026-08-14,CF,方正中期,57670,-452,56549,703,12
2026-08-14,CF,海通期货,55911,-814,48169,-764,13
2026-08-14,CF,申银万国,54583,-439,47320,130,14
2026-08-14,CF,华泰期货,54783,826,46759,578,15
2026-08-14,CF,东证期货,52022,-673,47131,546,16
2026-08-14,CF,银河期货,51138,362,40735,-721,17
2026-08-14,CF,国泰君安,45949,540,38858,629,18
2026-08-14,CF,中信期货,43878,-290,36172,-655,19
2026-08-14,CF,永安期货,38672,-246,31651,-305,20
2026-08-17,CF,五矿期货,89827,809,78744,-438,1
2026-08-17,CF,新湖期货,83214,-105,77625,-523,2
2026-08-17,CF,兴证期货,82130,-356,72106,289,3
2026-08-17,CF,宏源期货,79080,-134,72438,196,4
2026-08-17,CF,国投安信,77486,375,67217,-274,5
2026-08-17,CF,瑞达期货,77137,385,67112,674,6
2026-08-17,CF,广发期货,72969,-885,69267,1024,7
2026-08-17,CF,南华期货,68863,-589,65621,248,8
2026-08-17,CF,浙商期货,65640,797,62752,-514,9
2026-08-17,CF,招商期货,66026,-87,60631,-415,10
2026-08-17,CF,光大期货,63933,142,59354,990,11
2026-08-17,CF,方正中期,58575,905,56452,-97,12
2026-08-17,CF,海通期货,55176,-735,48510,341,13
2026-08-17,CF,申银万国,54398,-185,47907,587,14
2026-08-17,CF,华泰期货,54889,106,45923,-836,15
2026-08-17,CF,东证期货,51712,-310,47554,423,16
2026-08-17,CF,银河期货,50431,-707,40392,-343,17
2026-08-17,CF,国泰君安,45578,-371,39295,437,18
2026-08-17,CF,中信期货,43237,-641,35484,-688,19
2026-08-17,CF,永安期货,38741,69,32007,356,20
2026-08-18,CF,五矿期货,89538,-289,79599,855,1
2026-08-18,CF,新湖期货,83820,606,78305,680,2
2026-08-18,CF,兴证期货,81651,-479,71665,-441,3
2026-08-18,CF,宏源期货,79735,655,72755,317,4
2026-08-18,CF,国投安信,78496,1010,68157,940,5
2026-08-18,CF,瑞达期货,76455,-682,67783,671,6
2026-08-18,CF,广发期货,72862,-107,70064,797,7
2026-08-18,CF,南华期货,68193,-670,64856,-765,8
2026-08-18,CF,浙商期货,66316,676,62732,-20,9
2026-08-18,CF,招商期货,65545,-481,60159,-472,10
2026-08-18,CF,光大期货,64408,475,59552,198,11
2026-08-18,CF,方正中期,59656,1081,56936,484,12
2026-08-18,CF,海通期货,55188,12,48895,385,13
2026-08-18,CF,申银万国,54422,24,47116,-791,14
2026-08-18,CF,华泰期货,55321,432,45657,-266,15
2026-08-18,CF,东证期货,51736,24,47028,-526,16
2026-08-18,CF,银河期货,51489,1058,40155,-237,17
2026-08-18,CF,国泰君安,45198,-380,39194,-101,18
2026-08-18,CF,中信期货,42981,-256,35399,-85,19
2026-08-18,CF,永安期货,39505,764,32481,474,20
2026-08-19,CF,五矿期货,90181,643,79087,-512,1
2026-08-19,CF,新湖期货,83720,-100,78687,382,2
2026-08-19,CF,兴证期货,81546,-105,72289,624,3
2026-08-19,CF,宏源期货,79505,-230,72842,87,4
2026-08-19,CF,国投安信,79535,1039,68781,624,5
2026-08-19,CF,瑞达期货,75977,-478,67956,173,6
2026-08-19,CF,广发期货,73724,862,69897,-167,7
2026-08-19,CF,南华期货,68991,798,64376,-480,8
2026-08-19,CF,浙商期货,65464,-852,62516,-216,9
2026-08-19,CF,招商期货,64670,-875,59752,-407,10
2026-08-19,CF,光大期货,63952,-456,59748,196,11
2026-08-19,CF,方正中期,60483,827,56602,-334,12
2026-08-19,CF,海通期货,56111,923,49856,961,13
2026-08-19,CF,华泰期货,55747,426,46089,432,14
2026-08-19,CF,申银万国,53992,-430,47426,310,15
2026-08-19,CF,东证期货,51905,169,46369,-659,16
2026-08-19,CF,银河期货,51330,-159,40124,-31,17
2026-08-19,CF,国泰君安,45632,434,40098,904,18
2026-08-19,CF,中信期货,42639,-342,36444,1045,19
2026-08-19,CF,永安期货,40137,632,33091,610,20
2026-08-20,CF,五矿期货,90800,619,80031,944,1
2026-08-20,CF,新湖期货,84808,1088,78703,16,2
2026-08-20,CF,兴证期货,81399,-147,71879,-410,3
2026-08-20,CF,宏源期货,79927,422,72382,-460,4
2026-08-20,CF,国投安信,78834,-701,68040,-741,5
2026-08-20,CF,广发期货,73605,-119,70539,642,6
2026-08-20,CF,瑞达期货,76240,263,67432,-524,7
2026-08-20,CF,南华期货,68712,-279,64437,61,8
2026-08-20,CF,浙商期货,64586,-878,62227,-289,9
2026-08-20,CF,招商期货,65674,1004,58902,-850,10
2026-08-20,CF,光大期货,63154,-798,60653,905,11
2026-08-20,CF,方正中期,59646,-837,57020,418,12
2026-08-20,CF,海通期货,55211,-900,50752,896,13
2026-08-20,CF,申银万国,53311,-681,48387,961,14
2026-08-20,CF,华泰期货,55006,-741,46501,412,15
2026-08-20,CF,东证期货,52880,975,46107,-262,16
2026-08-20,CF,银河期货,52178,848,40720,596,17
2026-08-20,CF,国泰君安,46074,442,39912,-186,18
2026-08-20,CF,中信期货,42842,203,36822,378,19
2026-08-20,CF,永安期货,41242,1105,33327,236,20
2026-08-21,CF,五矿期货,91323,523,80322,291,1
2026-08-21,CF,新湖期货,85723,915,79040,337,2
2026-08-21,CF,兴证期货,81983,584,71509,-370,3
2026-08-21,CF,宏源期货,79959,32,73313,931,4
2026-08-21,CF,国投安信,78164,-670,67366,-674,5
2026-08-21,CF,广发期货,74507,902,70664,125,6
2026-08-21,CF,瑞达期货,75697,-543,66611,-821,7
2026-08-21,CF,南华期货,69435,723,63649,-788,8
2026-08-21,CF,浙商期货,65568,982,62680,453,9
2026-08-21,CF,招商期货,66298,624,59448,546,10
2026-08-21,CF,光大期货,62673,-481,60049,-604,11
2026-08-21,CF,方正中期,60385,739,58043,1023,12
2026-08-21,CF,海通期货,55246,35,51719,967,13
2026-08-21,CF,申银万国,52701,-610,48075,-312,14
2026-08-21,CF,华泰期货,54351,-655,46269,-232,15
2026-08-21,CF,东证期货,52171,-709,47177,1070,16
2026-08-21,CF,银河期货,52007,-171,41527,807,17
2026-08-21,CF,国泰君安,46632,558,39187,-725,18
2026-08-21,CF,中信期货,42635,-207,36907,85,19
2026-08-21,CF,永安期货,41225,-17,32712,-615,20
2026-08-24,CF,五矿期货,90970,-353,79521,-801,1
2026-08-24,CF,新湖期货,85238,-485,79832,792,2
2026-08-24,CF,宏源期货,80531,572,73444,131,3
2026-08-24,CF,兴证期货,82536,553,71235,-274,4
2026-08-24,CF,国投安信,79058,894,67091,-275,5
2026-08-24,CF,广发期货,73697,-810,71158,494,6
2026-08-24,CF,瑞达期货,74926,-771,67337,726,7
2026-08-24,CF,南华期货,69716,281,64636,987,8
2026-08-24,CF,浙商期货,65621,53,62674,-6,9
2026-08-24,CF,招商期货,65756,-542,58625,-823,10
2026-08-24,CF,光大期货,62658,-15,60899,850,11
2026-08-24,CF,方正中期,59561,-824,58211,168,12
2026-08-24,CF,海通期货,55118,-128,50930,-789,13
2026-08-24,CF,申银万国,52615,-86,48613,538,14
2026-08-24,CF,东证期货,52807,636,46720,-457,15
2026-08-24,CF,华泰期货,53892,-459,45552,-717,16
2026-08-24,CF,银河期货,51356,-651,42254,727,17
2026-08-24,CF,国泰君安,47005,373,39399,212,18
2026-08-24,CF,中信期货,41901,-734,37576,669,19
2026-08-24,CF,永安期货,41004,-221,32495,-217,20
2026-08-25,CF,五矿期货,91418,448,80517,996,1
2026-08-25,CF,新湖期货,84673,-565,79746,-86,2
2026-08-25,CF,兴证期货,82570,34,72065,830,3
2026-08-25,CF,宏源期货,80598,67,73709,265,4
2026-08-25,CF,国投安信,79382,324,66993,-98,5
2026-08-25,CF,广发期货,72893,-804,70894,-264,6
2026-08-25,CF,瑞达期货,74771,-155,66668,-669,7
2026-08-25,CF,南华期货,70553,837,65306,670,8
2026-08-25,CF,浙商期货,65721,100,63445,771,9
2026-08-25,CF,光大期货,63707,1049,61488,589,10
2026-08-25,CF,招商期货,65330,-426,59240,615,11
2026-08-25,CF,方正中期,59552,-9,58505,294,12
2026-08-25,CF,海通期货,55928,810,51835,905,13
2026-08-25,CF,申银万国,53503,888,48916,303,14
2026-08-25,CF,东证期货,53686,879,45953,-767,15
2026-08-25,CF,华泰期货,54323,431,44792,-760,16
2026-08-25,CF,银河期货,51988,632,42401,147,17
2026-08-25,CF,国泰君安,46610,-395,39109,-290,18
2026-08-25,CF,中信期货,43093,1192,38591,1015,19
2026-08-25,CF,永安期货,41598,594,32281,-214,20
2026-08-26,CF,五矿期货,91839,421,80622,105,1
2026-08-26,CF,新湖期货,85666,993,79630,-116,2
2026-08-26,CF,兴证期货,82188,-382,73027,962,3
2026-08-26,CF,宏源期货,79979,-619,73540,-169,4
2026-08-26,CF,国投安信,78659,-723,67376,383,5
2026-08-26,CF,广发期货,72828,-65,70781,-113,6
2026-08-26,CF,瑞达期货,75839,1068,66702,34,7
2026-08-26,CF,南华期货,71036,483,65566,260,8
2026-08-26,CF,浙商期货,66198,477,64134,689,9
2026-08-26,CF,招商期货,66251,921,59402,162,10
2026-08-26,CF,光大期货,63109,-598,62305,817,11
2026-08-26,CF,方正中期,60223,671,58253,-252,12
2026-08-26,CF,海通期货,55985,57,51696,-139,13
2026-08-26,CF,申银万国,53425,-78,48828,-88,14
2026-08-26,CF,东证期货,53616,-70,46016,63,15
2026-08-26,CF,华泰期货,53779,-544,45130,338,16
2026-08-26,CF,银河期货,52713,725,42940,539,17
2026-08-26,CF,国泰君安,46128,-482,38995,-114,18
2026-08-26,CF,中信期货,43441,348,38928,337,19
2026-08-26,CF,永安期货,41578,-20,32998,717,20
2026-08-27,CF,五矿期货,91024,-815,80836,214,1
2026-08-27,CF,新湖期货,85792,126,79894,264,2
2026-08-27,CF,兴证期货,82974,786,73035,8,3
2026-08-27,CF,宏源期货,80882,903,72919,-621,4
2026-08-27,CF,国投安信,78570,-89,66693,-683,5
2026-08-27,CF,广发期货,73550,722,70352,-429,6
2026-08-27,CF,瑞达期货,76627,788,67271,569,7
2026-08-27,CF,南华期货,70421,-615,66387,821,8
2026-08-27,CF,浙商期货,65624,-574,65027,893,9
2026-08-27,CF,光大期货,63912,803,62980,675,10
2026-08-27,CF,招商期货,66986,735,59726,324,11
2026-08-27,CF,方正中期,60429,206,58698,445,12
2026-08-27,CF,海通期货,56311,326,51545,-151,13
2026-08-27,CF,申银万国,53805,380,48275,-553,14
2026-08-27,CF,华泰期货,54759,980,46040,910,15
2026-08-27,CF,东证期货,53539,-77,46283,267,16
2026-08-27,CF,银河期货,53755,1042,42257,-683,17
2026-08-27,CF,国泰君安,46741,613,38561,-434,18
2026-08-27,CF,中信期货,43765,324,39922,994,19
2026-08-27,CF,永安期货,41721,143,33771,773,20
2026-08-28,CF,五矿期货,91442,418,80915,79,1
2026-08-28,CF,新湖期货,85354,-438,80355,461,2
2026-08-28,CF,兴证期货,82909,-65,73593,558,3
2026-08-28,CF,宏源期货,81521,639,72286,-633,4
2026-08-28,CF,国投安信,78389,-181,67378,685,5
2026-08-28,CF,广发期货,74328,778,70306,-46,6
2026-08-28,CF,瑞达期货,76175,-452,67602,331,7
2026-08-28,CF,南华期货,70592,171,66882,495,8
2026-08-28,CF,浙商期货,65488,-136,65300,273,9
2026-08-28,CF,光大期货,64725,813,63762,782,10
2026-08-28,CF,招商期货,68004,1018,59684,-42,11
2026-08-28,CF,方正中期,60195,-234,59346,648,12
2026-08-28,CF,海通期货,56412,101,50934,-611,13
2026-08-28,CF,申银万国,54518,713,48110,-165,14
2026-08-28,CF,华泰期货,55259,500,46643,603,15
2026-08-28,CF,东证期货,54273,734,45977,-306,16
2026-08-28,CF,银河期货,54336,581,41824,-433,17
2026-08-28,CF,国泰君安,47874,1133,38918,357,18
2026-08-28,CF,中信期货,42993,-772,39673,-249,19
2026-08-28,CF,永安期货,41153,-568,34179,408,20
2026-08-31,CF,五矿期货,92237,795,81654,739,1
2026-08-31,CF,新湖期货,84878,-476,79885,-470,2
2026-08-31,CF,兴证期货,82042,-867,72806,-787,3
2026-08-31,CF,宏源期货,81226,-295,71683,-603,4
2026-08-31,CF,广发期货,74537,209,70763,457,5
2026-08-31,CF,国投安信,77880,-509,66576,-802,6
2026-08-31,CF,瑞达期货,75472,-703,68420,818,7
2026-08-31,CF,南华期货,71382,790,66460,-422,8
2026-08-31,CF,浙商期货,65083,-405,65997,697,9
2026-08-31,CF,光大期货,65248,523,63539,-223,10
2026-08-31,CF,招商期货,67935,-69,59454,-230,11
2026-08-31,CF,方正中期,61170,975,58643,-703,12
2026-08-31,CF,海通期货,56526,114,50379,-555,13
2026-08-31,CF,华泰期货,56344,1085,46826,183,14
2026-08-31,CF,申银万国,55256,738,47480,-630,15
2026-08-31,CF,东证期货,55322,1049,46832,855,16
2026-08-31,CF,银河期货,55022,686,41055,-769,17
2026-08-31,CF,国泰君安,48636,762,38533,-385,18
2026-08-31,CF,中信期货,43634,641,40736,1063,19
2026-08-31,CF,永安期货,40691,-462,35117,938,20
2026-09-01,CF,五矿期货,92306,69,82567,913,1
2026-09-01,CF,新湖期货,84501,-377,80469,584,2
2026-09-01,CF,兴证期货,82165,123,72610,-196,3
2026-09-01,CF,宏源期货,81045,-181,70896,-787,4
2026-09-01,CF,广发期货,74852,315,69998,-765,5
2026-09-01,CF,国投安信,78980,1100,65790,-786,6
2026-09-01,CF,瑞达期货,75962,490,68576,156,7
2026-09-01,CF,南华期货,71782,400,66869,409,8
2026-09-01,CF,浙商期货,65451,368,66354,357,9
2026-09-01,CF,光大期货,64970,-278,63566,27,10
2026-09-01,CF,招商期货,68918,983,59583,129,11
2026-09-01,CF,方正中期,61037,-133,58219,-424,12
2026-09-01,CF,海通期货,56328,-198,50323,-56,13
2026-09-01,CF,华泰期货,55465,-879,47405,579,14
2026-09-01,CF,申银万国,55579,323,47244,-236,15
2026-09-01,CF,东证期货,55896,574,46887,55,16
2026-09-01,CF,银河期货,55106,84,41017,-38,17
2026-09-01,CF,国泰君安,48782,146,38006,-527,18
2026-09-01,CF,中信期货,42991,-643,40485,-251,19
2026-09-01,CF,永安期货,41304,613,34493,-624,20
2026-09-02,CF,五矿期货,92096,-210,82211,-356,1
2026-09-02,CF,新湖期货,84378,-123,81153,684,2
2026-09-02,CF,兴证期货,82557,392,73648,1038,3
2026-09-02,CF,宏源期货,80337,-708,70977,81,4
2026-09-02,CF,国投安信,79781,801,66405,615,5
2026-09-02,CF,瑞达期货,75564,-398,69209,633,6
2026-09-02,CF,广发期货,74140,-712,69317,-681,7
2026-09-02,CF,南华期货,71398,-384,67132,263,8
2026-09-02,CF,浙商期货,66105,654,67359,1005,9
2026-09-02,CF,光大期货,66041,1071,63714,148,10
2026-09-02,CF,招商期货,68195,-723,59705,122,11
2026-09-02,CF,方正中期,60915,-122,57448,-771,12
2026-09-02,CF,海通期货,56432,104,49528,-795,13
2026-09-02,CF,申银万国,56622,1043,47796,552,14
2026-09-02,CF,东证期货,56318,422,47387,500,15
2026-09-02,CF,华泰期货,56368,903,47273,-132,16
2026-09-02,CF,银河期货,55191,85,41657,640,17
2026-09-02,CF,国泰君安,49578,796,37436,-570,18
2026-09-02,CF,中信期货,43752,761,40818,333,19
2026-09-02,CF,永安期货,42157,853,34508,15,20
2026-09-03,CF,五矿期货,91295,-801,81879,-332,1
2026-09-03,CF,新湖期货,84816,438,81786,633,2
2026-09-03,CF,兴证期货,82451,-106,74439,791,3
2026-09-03,CF,宏源期货,81331,994,71224,247,4
2026-09-03,CF,国投安信,80308,527,66712,307,5
2026-09-03,CF,瑞达期货,75612,48,68921,-288,6
2026-09-03,CF,广发期货,74268,128,68838,-479,7
2026-09-03,CF,南华期货,71408,10,66423,-709,8
2026-09-03,CF,浙商期货,66804,699,66566,-793,9
2026-09-03,CF,光大期货,66907,866,64246,532,10
2026-09-03,CF,招商期货,69210,1015,59891,186,11
2026-09-03,CF,方正中期,60277,-638,57813,365,12
2026-09-03,CF,海通期货,55553,-879,50078,550,13
2026-09-03,CF,东证期货,57288,970,47541,154,14
2026-09-03,CF,申银万国,56562,-60,47140,-656,15
2026-09-03,CF,华泰期货,55911,-457,47679,406,16
2026-09-03,CF,银河期货,56002,811,42328,671,17
2026-09-03,CF,国泰君安,49432,-146,37797,361,18
2026-09-03,CF,中信期货,43042,-710,40709,-109,19
2026-09-03,CF,永安期货,42613,456,34699,191,20
2026-09-04,CF,五矿期货,90852,-443,81725,-154,1
2026-09-04,CF,新湖期货,84535,-281,81310,-476,2
2026-09-04,CF,兴证期货,81912,-539,75171,732,3
2026-09-04,CF,宏源期货,81202,-129,70463,-761,4
2026-09-04,CF,国投安信,80747,439,67716,1004,5
2026-09-04,CF,瑞达期货,76236,624,69723,802,6
2026-09-04,CF,广发期货,74161,-107,69576,738,7
2026-09-04,CF,南华期货,71018,-390,65584,-839,8
2026-09-04,CF,浙商期货,66061,-743,66123,-443,9
2026-09-04,CF,光大期货,66324,-583,65110,864,10
2026-09-04,CF,招商期货,69297,87,60036,145,11
2026-09-04,CF,方正中期,59601,-676,58369,556,12
2026-09-04,CF,东证期货,57108,-180,48519,978,13
2026-09-04,CF,海通期货,55331,-222,50101,23,14
2026-09-04,CF,申银万国,56256,-306,47521,381,15
2026-09-04,CF,华泰期货,55344,-567,46910,-769,16
2026-09-04,CF,银河期货,57069,1067,42483,155,17
2026-09-04,CF,国泰君安,49657,225,37383,-414,18
2026-09-04,CF,中信期货,43691,649,40997,288,19
2026-09-04,CF,永安期货,43032,419,34169,-530,20
2026-07-27,SR,五矿期货,89322,186,77333,-832,1
2026-07-27,SR,新湖期货,84507,-356,75802,349,2
2026-07-27,SR,宏源期货,82269,174,73411,513,3
2026-07-27,SR,兴证期货,79120,-876,70443,-620,4
2026-07-27,SR,国投安信,78187,144,71041,764,5
2026-07-27,SR,瑞达期货,75125,-139,67116,-728,6
2026-07-27,SR,广发期货,71457,-100,63848,-828,7
2026-07-27,SR,南华期货,69503,629,62152,586,8
2026-07-27,SR,招商期货,67502,-285,60151,-578,9
2026-07-27,SR,浙商期货,63051,-486,57293,-549,10
2026-07-27,SR,光大期货,61695,-819,55965,-375,11
2026-07-27,SR,方正中期,59045,-663,52831,296,12
2026-07-27,SR,海通期货,55976,292,51947,-4,13
2026-07-27,SR,申银万国,54945,444,48790,-471,14
2026-07-27,SR,华泰期货,53282,1088,47999,767,15
2026-07-27,SR,东证期货,48538,198,42362,-634,16
2026-07-27,SR,银河期货,46234,361,40938,-232,17
2026-07-27,SR,国泰君安,43413,338,38709,-6,18
2026-07-27,SR,中信期货,41069,133,38402,581,19
2026-07-27,SR,永安期货,40371,581,35352,-368,20
2026-07-28,SR,五矿期货,88570,-752,77642,309,1
2026-07-28,SR,新湖期货,84585,78,76003,201,2
2026-07-28,SR,宏源期货,82926,657,72700,-711,3
2026-07-28,SR,国投安信,79043,856,71235,194,4
2026-07-28,SR,兴证期货,78517,-603,71356,913,5
2026-07-28,SR,瑞达期货,75591,466,66526,-590,6
2026-07-28,SR,广发期货,70702,-755,63297,-551,7
2026-07-28,SR,南华期货,70361,858,62948,796,8
2026-07-28,SR,招商期货,67886,384,60409,258,9
2026-07-28,SR,浙商期货,63283,232,57740,447,10
2026-07-28,SR,光大期货,61148,-547,55909,-56,11
2026-07-28,SR,方正中期,58583,-462,52183,-648,12
2026-07-28,SR,海通期货,56055,79,52077,130,13
2026-07-28,SR,申银万国,55404,459,48912,122,14
2026-07-28,SR,华泰期货,52819,-463,47535,-464,15
2026-07-28,SR,东证期货,48741,203,43232,870,16
2026-07-28,SR,银河期货,45953,-281,41930,992,17
2026-07-28,SR,国泰君安,43287,-126,39824,1115,18
2026-07-28,SR,中信期货,41950,881,37912,-490,19
2026-07-28,SR,永安期货,40212,-159,36385,1033,20
2026-07-29,SR,五矿期货,88713,143,78612,970,1
2026-07-29,SR,新湖期货,84944,359,76771,768,2
2026-07-29,SR,宏源期货,82286,-640,72831,131,3
2026-07-29,SR,兴证期货,79150,633,72364,1008,4
2026-07-29,SR,国投安信,79918,875,70845,-390,5
2026-07-29,SR,瑞达期货,75932,341,67388,862,6
2026-07-29,SR,广发期货,70602,-100,63368,71,7
2026-07-29,SR,南华期货,70948,587,62863,-85,8
2026-07-29,SR,招商期货,67380,-506,60934,525,9
2026-07-29,SR,浙商期货,63191,-92,56946,-794,10
2026-07-29,SR,光大期货,60904,-244,56657,748,11
2026-07-29,SR,方正中期,57770,-813,53116,933,12
2026-07-29,SR,海通期货,56695,640,52111,34,13
2026-07-29,SR,申银万国,55336,-68,48184,-728,14
2026-07-29,SR,华泰期货,53614,795,47222,-313,15
2026-07-29,SR,东证期货,49881,1140,42923,-309,16
2026-07-29,SR,银河期货,46454,501,41900,-30,17
2026-07-29,SR,国泰君安,43353,66,40773,949,18
2026-07-29,SR,中信期货,42453,503,38684,772,19
2026-07-29,SR,永安期货,39769,-443,36120,-265,20
2026-07-30,SR,五矿期货,88909,196,79001,389,1
2026-07-30,SR,新湖期货,84665,-279,77633,862,2
2026-07-30,SR,宏源期货,83264,978,72680,-151,3
2026-07-30,SR,兴证期货,79581,431,73166,802,4
2026-07-30,SR,国投安信,79593,-325,70946,101,5
2026-07-30,SR,瑞达期货,75600,-332,67343,-45,6
2026-07-30,SR,南华期货,71630,682,63326,463,7
2026-07-30,SR,广发期货,69783,-819,63274,-94,8
2026-07-30,SR,招商期货,68071,691,60382,-552,9
2026-07-30,SR,浙商期货,63733,542,57922,976,10
2026-07-30,SR,光大期货,61154,250,55980,-677,11
2026-07-30,SR,方正中期,57724,-46,52401,-715,12
2026-07-30,SR,海通期货,57023,328,51324,-787,13
2026-07-30,SR,申银万国,54589,-747,48220,36,14
2026-07-30,SR,华泰期货,53732,118,47955,733,15
2026-07-30,SR,东证期货,50168,287,42742,-181,16
2026-07-30,SR,银河期货,46168,-286,42356,456,17
2026-07-30,SR,国泰君安,43874,521,40325,-448,18
2026-07-30,SR,中信期货,43458,1005,39461,777,19
2026-07-30,SR,永安期货,39821,52,36673,553,20
2026-07-31,SR,五矿期货,89922,1013,78706,-295,1
2026-07-31,SR,新湖期货,85053,388,77332,-301,2
2026-07-31,SR,宏源期货,82492,-772,72345,-335,3
2026-07-31,SR,兴证期货,79943,362,73609,443,4
2026-07-31,SR,国投安信,79784,191,71154,208,5
2026-07-31,SR,瑞达期货,75702,102,67194,-149,6
2026-07-31,SR,南华期货,71691,61,63166,-160,7
2026-07-31,SR,广发期货,69069,-714,63840,566,8
2026-07-31,SR,招商期货,68346,275,59813,-569,9
2026-07-31,SR,浙商期货,64186,453,58681,759,10
2026-07-31,SR,光大期货,61493,339,56357,377,11
2026-07-31,SR,方正中期,58715,991,52948,547,12
2026-07-31,SR,海通期货,57546,523,51621,297,13
2026-07-31,SR,申银万国,55098,509,48577,357,14
2026-07-31,SR,华泰期货,54616,884,48824,869,15
2026-07-31,SR,东证期货,50178,10,43523,781,16
2026-07-31,SR,银河期货,46435,267,42584,228,17
2026-07-31,SR,国泰君安,45036,1162,40517,192,18
2026-07-31,SR,中信期货,43309,-149,40442,981,19
2026-07-31,SR,永安期货,39710,-111,37785,1112,20
2026-08-03,SR,五矿期货,89411,-511,79263,557,1
2026-08-03,SR,新湖期货,85562,509,77086,-246,2
2026-08-03,SR,宏源期货,83234,742,73071,726,3
2026-08-03,SR,兴证期货,80654,711,73044,-565,4
2026-08-03,SR,国投安信,80139,355,72127,973,5
2026-08-03,SR,瑞达期货,75187,-515,67917,723,6
2026-08-03,SR,南华期货,72015,324,63184,18,7
2026-08-03,SR,广发期货,69540,471,64339,499,8
2026-08-03,SR,招商期货,68016,-330,59503,-310,9
2026-08-03,SR,浙商期货,64670,484,58673,-8,10
2026-08-03,SR,光大期货,61279,-214,56567,210,11
2026-08-03,SR,方正中期,58207,-508,53789,841,12
2026-08-03,SR,海通期货,58637,1091,51398,-223,13
2026-08-03,SR,华泰期货,54206,-410,49133,309,14
2026-08-03,SR,申银万国,54589,-509,48440,-137,15
2026-08-03,SR,东证期货,50061,-117,44610,1087,16
2026-08-03,SR,银河期货,47553,1118,43669,1085,17
2026-08-03,SR,国泰君安,44722,-314,40388,-129,18
2026-08-03,SR,中信期货,43746,437,40723,281,19
2026-08-03,SR,永安期货,40721,1011,37606,-179,20
2026-08-04,SR,五矿期货,89451,40,79513,250,1
2026-08-04,SR,新湖期货,86571,1009,77399,313,2
2026-08-04,SR,宏源期货,83802,568,72775,-296,3
2026-08-04,SR,兴证期货,80556,-98,73185,141,4
2026-08-04,SR,国投安信,80006,-133,71780,-347,5
2026-08-04,SR,瑞达期货,75945,758,68084,167,6
2026-08-04,SR,广发期货,70457,917,64815,476,7
2026-08-04,SR,南华期货,71805,-210,62708,-476,8
2026-08-04,SR,招商期货,68413,397,60353,850,9
2026-08-04,SR,浙商期货,64994,324,59440,767,10
2026-08-04,SR,光大期货,60884,-395,56138,-429,11
2026-08-04,SR,方正中期,57903,-304,54246,457,12
2026-08-04,SR,海通期货,59217,580,52342,944,13
2026-08-04,SR,华泰期货,54371,165,48638,-495,14
2026-08-04,SR,申银万国,53929,-660,49073,633,15
2026-08-04,SR,东证期货,50228,167,45031,421,16
2026-08-04,SR,银河期货,47191,-362,44533,864,17
2026-08-04,SR,中信期货,44425,679,41064,341,18
2026-08-04,SR,国泰君安,45074,352,40275,-113,19
2026-08-04,SR,永安期货,41345,624,37576,-30,20
2026-08-05,SR,五矿期货,88795,-656,78949,-564,1
2026-08-05,SR,新湖期货,86463,-108,77190,-209,2
2026-08-05,SR,宏源期货,83877,75,72820,45,3
2026-08-05,SR,兴证期货,80875,319,72556,-629,4
2026-08-05,SR,国投安信,80392,386,71932,152,5
2026-08-05,SR,瑞达期货,75149,-796,68109,25,6
2026-08-05,SR,南华期货,72067,262,62719,11,7
2026-08-05,SR,广发期货,69964,-493,64509,-306,8
2026-08-05,SR,招商期货,68080,-333,60549,196,9
2026-08-05,SR,浙商期货,65289,295,60271,831,10
2026-08-05,SR,光大期货,60915,31,56415,277,11
2026-08-05,SR,方正中期,58903,1000,54409,163,12
2026-08-05,SR,海通期货,59979,762,52013,-329,13
2026-08-05,SR,华泰期货,54276,-95,47794,-844,14
2026-08-05,SR,申银万国,53165,-764,48609,-464,15
2026-08-05,SR,东证期货,51113,885,45388,357,16
2026-08-05,SR,银河期货,46665,-526,44534,1,17
2026-08-05,SR,中信期货,44166,-259,41535,471,18
2026-08-05,SR,国泰君安,44441,-633,40022,-253,19
2026-08-05,SR,永安期货,41264,-81,37105,-471,20
2026-08-06,SR,五矿期货,88346,-449,79365,416,1
2026-08-06,SR,新湖期货,86055,-408,76812,-378,2
2026-08-06,SR,宏源期货,83559,-318,72850,30,3
2026-08-06,SR,国投安信,81492,1100,72360,428,4
2026-08-06,SR,兴证期货,81448,573,72273,-283,5
2026-08-06,SR,瑞达期货,74477,-672,67950,-159,6
2026-08-06,SR,南华期货,72519,452,63029,310,7
2026-08-06,SR,广发期货,69186,-778,63679,-830,8
2026-08-06,SR,招商期货,67261,-819,61524,975,9
2026-08-06,SR,浙商期货,65255,-34,59840,-431,10
2026-08-06,SR,光大期货,61536,621,56971,556,11
2026-08-06,SR,方正中期,58199,-704,55454,1045,12
2026-08-06,SR,海通期货,59339,-640,52768,755,13
2026-08-06,SR,申银万国,53361,196,48308,-301,14
2026-08-06,SR,华泰期货,53596,-680,48067,273,15
2026-08-06,SR,东证期货,50476,-637,45186,-202,16
2026-08-06,SR,银河期货,45969,-696,45499,965,17
2026-08-06,SR,中信期货,44126,-40,42321,786,18
2026-08-06,SR,国泰君安,45302,861,39363,-659,19
2026-08-06,SR,永安期货,40854,-410,36586,-519,20
2026-08-07,SR,五矿期货,88278,-68,78967,-398,1
2026-08-07,SR,新湖期货,85659,-396,77693,881,2
2026-08-07,SR,宏源期货,82914,-645,72195,-655,3
2026-08-07,SR,国投安信,82586,1094,72062,-298,4
2026-08-07,SR,兴证期货,82205,757,72418,145,5
2026-08-07,SR,瑞达期货,75093,616,68357,407,6
2026-08-07,SR,南华期货,71654,-865,62507,-522,7
2026-08-07,SR,广发期货,68472,-714,63998,319,8
2026-08-07,SR,招商期货,67470,209,61936,412,9
2026-08-07,SR,浙商期货,65139,-116,59406,-434,10
2026-08-07,SR,光大期货,62615,1079,57810,839,11
2026-08-07,SR,方正中期,57650,-549,56254,800,12
2026-08-07,SR,海通期货,60000,661,52368,-400,13
2026-08-07,SR,申银万国,53657,296,48106,-202,14
2026-08-07,SR,华泰期货,52743,-853,48350,283,15
2026-08-07,SR,东证期货,50180,-296,44726,-460,16
2026-08-07,SR,银河期货,45913,-56,46450,951,17
2026-08-07,SR,中信期货,44885,759,42097,-224,18
2026-08-07,SR,国泰君安,46422,1120,39724,361,19
2026-08-07,SR,永安期货,41310,456,36984,398,20
2026-08-10,SR,五矿期货,87425,-853,79225,258,1
2026-08-10,SR,新湖期货,86296,637,77621,-72,2
2026-08-10,SR,宏源期货,83756,842,72604,409,3
2026-08-10,SR,兴证期货,83123,918,72355,-63,4
2026-08-10,SR,国投安信,81993,-593,72725,663,5
2026-08-10,SR,瑞达期货,75102,9,68413,56,6
2026-08-10,SR,南华期货,72489,835,61824,-683,7
2026-08-10,SR,广发期货,68408,-64,64607,609,8
2026-08-10,SR,招商期货,67045,-425,61291,-645,9
2026-08-10,SR,浙商期货,65152,13,58993,-413,10
2026-08-10,SR,光大期货,63454,839,57751,-59,11
2026-08-10,SR,方正中期,58513,863,56632,378,12
2026-08-10,SR,海通期货,59991,-9,52705,337,13
2026-08-10,SR,申银万国,54131,474,47887,-219,14
2026-08-10,SR,华泰期货,51849,-894,47989,-361,15
2026-08-10,SR,东证期货,49972,-208,44175,-551,16
2026-08-10,SR,银河期货,47012,1099,46131,-319,17
2026-08-10,SR,中信期货,45353,468,41666,-431,18
2026-08-10,SR,国泰君安,47468,1046,39309,-415,19
2026-08-10,SR,永安期货,41025,-285,37155,171,20
2026-08-11,SR,五矿期货,87086,-339,78884,-341,1
2026-08-11,SR,新湖期货,86119,-177,77600,-21,2
2026-08-11,SR,宏源期货,83302,-454,72397,-207,3
2026-08-11,SR,兴证期货,83050,-73,71929,-426,4
2026-08-11,SR,国投安信,81437,-556,73488,763,5
2026-08-11,SR,瑞达期货,75601,499,68336,-77,6
2026-08-11,SR,广发期货,69222,814,65188,581,7
2026-08-11,SR,南华期货,71747,-742,62204,380,8
2026-08-11,SR,招商期货,66440,-605,61881,590,9
2026-08-11,SR,浙商期货,64672,-480,58906,-87,10
2026-08-11,SR,光大期货,63459,5,58143,392,11
2026-08-11,SR,方正中期,58407,-106,57498,866,12
2026-08-11,SR,海通期货,60130,139,53115,410,13
2026-08-11,SR,申银万国,53273,-858,48059,172,14
2026-08-11,SR,华泰期货,51650,-199,47798,-191,15
2026-08-11,SR,东证期货,50984,1012,44478,303,16
2026-08-11,SR,银河期货,47126,114,46978,847,17
2026-08-11,SR,中信期货,44993,-360,42701,1035,18
2026-08-11,SR,国泰君安,48066,598,39545,236,19
2026-08-11,SR,永安期货,41811,786,36941,-214,20
2026-08-12,SR,五矿期货,86936,-150,79900,1016,1
2026-08-12,SR,新湖期货,85687,-432,77301,-299,2
2026-08-12,SR,国投安信,82399,962,73506,18,3
2026-08-12,SR,宏源期货,82924,-378,72260,-137,4
2026-08-12,SR,兴证期货,82333,-717,71974,45,5
2026-08-12,SR,瑞达期货,76184,583,68398,62,6
2026-08-12,SR,广发期货,69327,105,65231,43,7
2026-08-12,SR,南华期货,71627,-120,61395,-809,8
2026-08-12,SR,招商期货,66246,-194,61767,-114,9
2026-08-12,SR,浙商期货,64568,-104,59226,320,10
2026-08-12,SR,光大期货,64197,738,57337,-806,11
2026-08-12,SR,方正中期,58433,26,58108,610,12
2026-08-12,SR,海通期货,60658,528,52397,-718,13
2026-08-12,SR,申银万国,52872,-401,48530,471,14
2026-08-12,SR,华泰期货,52155,505,48101,303,15
2026-08-12,SR,东证期货,52171,1187,43757,-721,16
2026-08-12,SR,银河期货,48143,1017,47169,191,17
2026-08-12,SR,中信期货,46053,1060,42403,-298,18
2026-08-12,SR,国泰君安,48063,-3,40004,459,19
2026-08-12,SR,永安期货,42495,684,36766,-175,20
2026-08-13,SR,五矿期货,87794,858,79942,42,1
2026-08-13,SR,新湖期货,85387,-300,76741,-560,2
2026-08-13,SR,国投安信,81661,-738,73731,225,3
2026-08-13,SR,兴证期货,83341,1008,71646,-328,4
2026-08-13,SR,宏源期货,82951,27,71715,-545,5
2026-08-13,SR,瑞达期货,75386,-798,68060,-338,6
2026-08-13,SR,广发期货,69851,524,65513,282,7
2026-08-13,SR,南华期货,70916,-711,61805,410,8
2026-08-13,SR,招商期货,67221,975,61242,-525,9
2026-08-13,SR,浙商期货,63852,-716,59824,598,10
2026-08-13,SR,光大期货,64854,657,56955,-382,11
2026-08-13,SR,方正中期,58279,-154,57356,-752,12
2026-08-13,SR,海通期货,59832,-826,52328,-69,13
2026-08-13,SR,申银万国,52372,-500,49412,882,14
2026-08-13,SR,华泰期货,52342,187,48910,809,15
2026-08-13,SR,东证期货,52450,279,44213,456,16
2026-08-13,SR,银河期货,48562,419,47719,550,17
2026-08-13,SR,国泰君安,47731,-332,40982,978,18
2026-08-13,SR,中信期货,45596,-457,41978,-425,19
2026-08-13,SR,永安期货,42247,-248,36976,210,20
2026-08-14,SR,五矿期货,87051,-743,79229,-713,1
2026-08-14,SR,新湖期货,85721,334,77350,609,2
2026-08-14,SR,国投安信,82593,932,73224,-507,3
2026-08-14,SR,宏源期货,83705,754,71265,-450,4
2026-08-14,SR,兴证期货,82924,-417,70831,-815,5
2026-08-14,SR,瑞达期货,76415,1029,68076,16,6
2026-08-14,SR,广发期货,70073,222,65626,113,7
2026-08-14,SR,南华期货,70376,-540,61545,-260,8
2026-08-14,SR,招商期货,68249,1028,61909,667,9
2026-08-14,SR,浙商期货,64905,1053,60749,925,10
2026-08-14,SR,光大期货,65560,706,57890,935,11
2026-08-14,SR,方正中期,58719,440,58109,753,12
2026-08-14,SR,海通期货,59038,-794,52650,322,13
2026-08-14,SR,华泰期货,51916,-426,49845,935,14
2026-08-14,SR,申银万国,51660,-712,49833,421,15
2026-08-14,SR,东证期货,52736,286,43579,-634,16
2026-08-14,SR,银河期货,48420,-142,47290,-429,17
2026-08-14,SR,国泰君安,47420,-311,41050,68,18
2026-08-14,SR,中信期货,46691,1095,41588,-390,19
2026-08-14,SR,永安期货,42037,-210,37989,1013,20
2026-08-17,SR,五矿期货,86470,-581,80112,883,1
2026-08-17,SR,新湖期货,84920,-801,77460,110,2
2026-08-17,SR,国投安信,82726,133,74206,982,3
2026-08-17,SR,宏源期货,83081,-624,70757,-508,4
2026-08-17,SR,兴证期货,82140,-784,70787,-44,5
2026-08-17,SR,瑞达期货,75557,-858,68251,175,6
2026-08-17,SR,广发期货,70224,151,66441,815,7
2026-08-17,SR,南华期货,71045,669,61252,-293,8
2026-08-17,SR,招商期货,69100,851,61410,-499,9
2026-08-17,SR,浙商期货,64022,-883,60565,-184,10
2026-08-17,SR,光大期货,65163,-397,58651,761,11
2026-08-17,SR,方正中期,58911,192,57641,-468,12
2026-08-17,SR,海通期货,58504,-534,52112,-538,13
2026-08-17,SR,华泰期货,52149,233,50553,708,14
2026-08-17,SR,申银万国,51515,-145,50464,631,15
2026-08-17,SR,东证期货,53551,815,43756,177,16
2026-08-17,SR,银河期货,48733,313,46774,-516,17
2026-08-17,SR,中信期货,46462,-229,42491,903,18
2026-08-17,SR,国泰君安,48243,823,40646,-404,19
2026-08-17,SR,永安期货,42839,802,37426,-563,20
2026-08-18,SR,五矿期货,87390,920,80337,225,1
2026-08-18,SR,新湖期货,85507,587,77437,-23,2
2026-08-18,SR,国投安信,82829,103,74743,537,3
2026-08-18,SR,宏源期货,83308,227,71015,258,4
2026-08-18,SR,兴证期货,82784,644,70745,-42,5
2026-08-18,SR,瑞达期货,75740,183,69037,786,6
2026-08-18,SR,广发期货,69912,-312,66534,93,7
2026-08-18,SR,南华期货,70423,-622,60403,-849,8
2026-08-18,SR,招商期货,68337,-763,61332,-78,9
2026-08-18,SR,光大期货,65573,410,59042,391,10
2026-08-18,SR,浙商期货,64667,645,59801,-764,11
2026-08-18,SR,方正中期,58519,-392,57122,-519,12
2026-08-18,SR,海通期货,57829,-675,52723,611,13
2026-08-18,SR,华泰期货,51752,-397,50634,81,14
2026-08-18,SR,申银万国,50973,-542,51068,604,15
2026-08-18,SR,东证期货,53342,-209,43933,177,16
2026-08-18,SR,银河期货,49128,395,47607,833,17
2026-08-18,SR,中信期货,47446,984,42968,477,18
2026-08-18,SR,国泰君安,49171,928,40628,-18,19
2026-08-18,SR,永安期货,42329,-510,37151,-275,20
2026-08-19,SR,五矿期货,87134,-256,80484,147,1
2026-08-19,SR,新湖期货,85372,-135,76635,-802,2
2026-08-19,SR,国投安信,83166,337,75744,1001,3
2026-08-19,SR,宏源期货,83177,-131,70778,-237,4
2026-08-19,SR,兴证期货,82728,-56,70678,-67,5
2026-08-19,SR,瑞达期货,75451,-289,68423,-614,6
2026-08-19,SR,广发期货,69764,-148,67408,874,7
2026-08-19,SR,南华期货,69673,-750,60781,378,8
2026-08-19,SR,招商期货,67511,-826,60905,-427,9
2026-08-19,SR,光大期货,66430,857,59215,173,10
2026-08-19,SR,浙商期货,64025,-642,60599,798,11
2026-08-19,SR,方正中期,57960,-559,57302,180,12
2026-08-19,SR,海通期货,58001,172,52707,-16,13
2026-08-19,SR,华泰期货,52386,634,50613,-21,14
2026-08-19,SR,申银万国,51612,639,50732,-336,15
2026-08-19,SR,东证期货,54033,691,44878,945,16
2026-08-19,SR,银河期货,49588,460,48019,412,17
2026-08-19,SR,中信期货,48597,1151,43262,294,18
2026-08-19,SR,国泰君安,49115,-56,41468,840,19
2026-08-19,SR,永安期货,42504,175,37706,555,20
2026-08-20,SR,五矿期货,87085,-49,79739,-745,1
2026-08-20,SR,新湖期货,85420,48,76052,-583,2
2026-08-20,SR,国投安信,83221,55,76353,609,3
2026-08-20,SR,宏源期货,84084,907,70347,-431,4
2026-08-20,SR,兴证期货,82780,52,70588,-90,5
2026-08-20,SR,瑞达期货,75547,96,68390,-33,6
2026-08-20,SR,广发期货,69763,-1,67075,-333,7
2026-08-20,SR,南华期货,69238,-435,61781,1000,8
2026-08-20,SR,招商期货,66644,-867,61899,994,9
2026-08-20,SR,光大期货,66148,-282,59176,-39,10
2026-08-20,SR,浙商期货,63625,-400,60040,-559,11
2026-08-20,SR,方正中期,58389,429,58077,775,12
2026-08-20,SR,海通期货,58635,634,52143,-564,13
2026-08-20,SR,华泰期货,53257,871,50972,359,14
2026-08-20,SR,申银万国,52330,718,51435,703,15
2026-08-20,SR,银河期货,50115,527,48785,766,16
2026-08-20,SR,东证期货,53554,-479,45029,151,17
2026-08-20,SR,国泰君安,49226,111,42285,817,18
2026-08-20,SR,中信期货,47849,-748,42933,-329,19
2026-08-20,SR,永安期货,42130,-374,38472,766,20
2026-08-21,SR,五矿期货,86207,-878,79096,-643,1
2026-08-21,SR,新湖期货,85557,137,75541,-511,2
2026-08-21,SR,国投安信,82459,-762,76224,-129,3
2026-08-21,SR,宏源期货,83819,-265,71385,1038,4
2026-08-21,SR,兴证期货,82558,-222,70134,-454,5
2026-08-21,SR,瑞达期货,76382,835,68521,131,6
2026-08-21,SR,广发期货,70775,1012,68003,928,7
2026-08-21,SR,南华期货,69315,77,61013,-768,8
2026-08-21,SR,招商期货,66793,149,62178,279,9
2026-08-21,SR,光大期货,66473,325,58928,-248,10
2026-08-21,SR,浙商期货,63451,-174,60871,831,11
2026-08-21,SR,方正中期,58376,-13,57386,-691,12
2026-08-21,SR,海通期货,59073,438,53079,936,13
2026-08-21,SR,华泰期货,53309,52,51984,1012,14
2026-08-21,SR,申银万国,52221,-109,52401,966,15
2026-08-21,SR,银河期货,49940,-175,48781,-4,16
2026-08-21,SR,东证期货,52882,-672,44976,-53,17
2026-08-21,SR,中信期货,48906,1057,43473,540,18
2026-08-21,SR,国泰君安,50335,1109,41722,-563,19
2026-08-21,SR,永安期货,41852,-278,38000,-472,20
2026-08-24,SR,五矿期货,86903,696,79368,272,1
2026-08-24,SR,新湖期货,84731,-826,76055,514,2
2026-08-24,SR,国投安信,82456,-3,76927,703,3
2026-08-24,SR,宏源期货,84482,663,71587,202,4
2026-08-24,SR,兴证期货,82656,98,70171,37,5
2026-08-24,SR,瑞达期货,75734,-648,69480,959,6
2026-08-24,SR,广发期货,70933,158,68352,349,7
2026-08-24,SR,南华期货,68519,-796,61803,790,8
2026-08-24,SR,招商期货,66476,-317,62081,-97,9
2026-08-24,SR,光大期货,66515,42,58788,-140,10
2026-08-24,SR,浙商期货,63824,373,60689,-182,11
2026-08-24,SR,方正中期,59111,735,57791,405,12
2026-08-24,SR,海通期货,58999,-74,52913,-166,13
2026-08-24,SR,华泰期货,53476,167,51894,-90,14
2026-08-24,SR,申银万国,51370,-851,52469,68,15
2026-08-24,SR,银河期货,49210,-730,49054,273,16
2026-08-24,SR,东证期货,52549,-333,45497,521,17
2026-08-24,SR,中信期货,49582,676,43853,380,18
2026-08-24,SR,国泰君安,50107,-228,41074,-648,19
2026-08-24,SR,永安期货,41370,-482,38754,754,20
2026-08-25,SR,五矿期货,86858,-45,80155,787,1
2026-08-25,SR,新湖期货,84996,265,75601,-454,2
2026-08-25,SR,国投安信,82176,-280,76101,-826,3
2026-08-25,SR,宏源期货,83980,-502,71593,6,4
2026-08-25,SR,兴证期货,83708,1052,69593,-578,5
2026-08-25,SR,瑞达期货,74919,-815,68720,-760,6
2026-08-25,SR,广发期货,70840,-93,67953,-399,7
2026-08-25,SR,南华期货,68405,-114,61517,-286,8
2026-08-25,SR,招商期货,65766,-710,62494,413,9
2026-08-25,SR,光大期货,65906,-609,59498,710,10
2026-08-25,SR,浙商期货,64797,973,60241,-448,11
2026-08-25,SR,方正中期,58758,-353,57235,-556,12
2026-08-25,SR,海通期货,59578,579,53363,450,13
2026-08-25,SR,华泰期货,53928,452,52506,612,14
2026-08-25,SR,申银万国,51370,0,53117,648,15
2026-08-25,SR,银河期货,50340,1130,49973,919,16
2026-08-25,SR,东证期货,52542,-7,45403,-94,17
2026-08-25,SR,中信期货,49961,379,44119,266,18
2026-08-25,SR,国泰君安,49464,-643,40618,-456,19
2026-08-25,SR,永安期货,42082,712,39517,763,20
2026-08-26,SR,五矿期货,87915,1057,79833,-322,1
2026-08-26,SR,新湖期货,85838,842,75711,110,2
2026-08-26,SR,国投安信,82938,762,77092,991,3
2026-08-26,SR,宏源期货,84570,590,71505,-88,4
2026-08-26,SR,兴证期货,83509,-199,70006,413,5
2026-08-26,SR,瑞达期货,75389,470,68811,91,6
2026-08-26,SR,广发期货,70173,-667,67266,-687,7
2026-08-26,SR,南华期货,68882,477,61677,160,8
2026-08-26,SR,招商期货,65205,-561,63538,1044,9
2026-08-26,SR,浙商期货,64856,59,61265,1024,10
2026-08-26,SR,光大期货,65141,-765,59096,-402,11
2026-08-26,SR,方正中期,58846,88,57996,761,12
2026-08-26,SR,海通期货,59221,-357,54002,639,13
2026-08-26,SR,华泰期货,53163,-765,51990,-516,14
2026-08-26,SR,申银万国,52228,858,52343,-774,15
2026-08-26,SR,银河期货,50082,-258,51079,1106,16
2026-08-26,SR,东证期货,52193,-349,44634,-769,17
2026-08-26,SR,中信期货,49491,-470,44223,104,18
2026-08-26,SR,国泰君安,49804,340,41011,393,19
2026-08-26,SR,永安期货,42993,911,40555,1038,20
2026-08-27,SR,五矿期货,87843,-72,79088,-745,1
2026-08-27,SR,新湖期货,86930,1092,76344,633,2
2026-08-27,SR,国投安信,83027,89,76799,-293,3
2026-08-27,SR,宏源期货,84285,-285,71676,171,4
2026-08-27,SR,兴证期货,83281,-228,70198,192,5
2026-08-27,SR,瑞达期货,74534,-855,68849,38,6
2026-08-27,SR,广发期货,69736,-437,68084,818,7
2026-08-27,SR,南华期货,69818,936,61329,-348,8
2026-08-27,SR,招商期货,65521,316,64281,743,9
2026-08-27,SR,浙商期货,64527,-329,62066,801,10
2026-08-27,SR,光大期货,65306,165,59643,547,11
2026-08-27,SR,方正中期,59413,567,58353,357,12
2026-08-27,SR,海通期货,59717,496,54862,860,13
2026-08-27,SR,华泰期货,52931,-232,52218,228,14
2026-08-27,SR,申银万国,51646,-582,52860,517,15
2026-08-27,SR,银河期货,50821,739,50986,-93,16
2026-08-27,SR,东证期货,52706,513,45225,591,17
2026-08-27,SR,中信期货,49833,342,45274,1051,18
2026-08-27,SR,国泰君安,50869,1065,41908,897,19
2026-08-27,SR,永安期货,43394,401,40928,373,20
2026-08-28,SR,五矿期货,87078,-765,79825,737,1
2026-08-28,SR,新湖期货,87015,85,76851,507,2
2026-08-28,SR,国投安信,82805,-222,76561,-238,3
2026-08-28,SR,宏源期货,83717,-568,72102,426,4
2026-08-28,SR,兴证期货,82547,-734,69844,-354,5
2026-08-28,SR,瑞达期货,74492,-42,69159,310,6
2026-08-28,SR,广发期货,70356,620,68052,-32,7
2026-08-28,SR,南华期货,69661,-157,61324,-5,8
2026-08-28,SR,招商期货,65731,210,64466,185,9
2026-08-28,SR,浙商期货,63828,-699,62644,578,10
2026-08-28,SR,光大期货,64719,-587,60689,1046,11
2026-08-28,SR,方正中期,59463,50,59356,1003,12
2026-08-28,SR,海通期货,60620,903,54521,-341,13
2026-08-28,SR,华泰期货,52488,-443,53097,879,14
2026-08-28,SR,申银万国,52350,704,52458,-402,15
2026-08-28,SR,银河期货,50259,-562,51903,917,16
2026-08-28,SR,东证期货,52229,-477,45591,366,17
2026-08-28,SR,中信期货,49668,-165,46145,871,18
2026-08-28,SR,国泰君安,51856,987,41665,-243,19
2026-08-28,SR,永安期货,44563,1169,41369,441,20
2026-08-31,SR,五矿期货,86949,-129,80722,897,1
2026-08-31,SR,新湖期货,86784,-231,77216,365,2
2026-08-31,SR,国投安信,83155,350,77358,797,3
2026-08-31,SR,宏源期货,83143,-574,72476,374,4
2026-08-31,SR,兴证期货,81984,-563,69682,-162,5
2026-08-31,SR,瑞达期货,74178,-314,68807,-352,6
2026-08-31,SR,广发期货,71195,839,67683,-369,7
2026-08-31,SR,南华期货,69591,-70,61354,30,8
2026-08-31,SR,招商期货,66036,305,64054,-412,9
2026-08-31,SR,浙商期货,64828,1000,62605,-39,10
2026-08-31,SR,光大期货,65619,900,60846,157,11
2026-08-31,SR,方正中期,59045,-418,59502,146,12
2026-08-31,SR,海通期货,59962,-658,54301,-220,13
2026-08-31,SR,华泰期货,52557,69,52309,-788,14
2026-08-31,SR,申银万国,52133,-217,52366,-92,15
2026-08-31,SR,银河期货,51148,889,52018,115,16
2026-08-31,SR,东证期货,51764,-465,45669,78,17
2026-08-31,SR,中信期货,50709,1041,45491,-654,18
2026-08-31,SR,国泰君安,51968,112,41726,61,19
2026-08-31,SR,永安期货,44425,-138,42495,1126,20
2026-09-01,SR,五矿期货,87877,928,80506,-216,1
2026-09-01,SR,新湖期货,85966,-818,76704,-512,2
2026-09-01,SR,国投安信,83948,793,77941,583,3
2026-09-01,SR,宏源期货,83414,271,71805,-671,4
2026-09-01,SR,兴证期货,81815,-169,70196,514,5
2026-09-01,SR,瑞达期货,74682,504,69837,1030,6
2026-09-01,SR,广发期货,71046,-149,68223,540,7
2026-09-01,SR,南华期货,69287,-304,62231,877,8
2026-09-01,SR,招商期货,65202,-834,63477,-577,9
2026-09-01,SR,浙商期货,64893,65,62118,-487,10
2026-09-01,SR,光大期货,64824,-795,60000,-846,11
2026-09-01,SR,方正中期,59472,427,58963,-539,12
2026-09-01,SR,海通期货,60716,754,54879,578,13
2026-09-01,SR,华泰期货,52665,108,53295,986,14
2026-09-01,SR,申银万国,51422,-711,53141,775,15
2026-09-01,SR,银河期货,50385,-763,51555,-463,16
2026-09-01,SR,东证期货,52090,326,45776,107,17
2026-09-01,SR,国泰君安,52818,850,42466,740,18
2026-09-01,SR,中信期货,50097,-612,44889,-602,19
2026-09-01,SR,永安期货,43814,-611,41931,-564,20
2026-09-02,SR,五矿期货,88031,154,79852,-654,1
2026-09-02,SR,新湖期货,86655,689,77287,583,2
2026-09-02,SR,国投安信,83994,46,78332,391,3
2026-09-02,SR,宏源期货,82836,-578,72272,467,4
2026-09-02,SR,兴证期货,82660,845,69878,-318,5
2026-09-02,SR,瑞达期货,74065,-617,69120,-717,6
2026-09-02,SR,广发期货,71400,354,67955,-268,7
2026-09-02,SR,南华期货,68533,-754,63084,853,8
2026-09-02,SR,招商期货,66015,813,63704,227,9
2026-09-02,SR,浙商期货,64589,-304,62528,410,10
2026-09-02,SR,光大期货,64471,-353,60365,365,11
2026-09-02,SR,方正中期,59576,104,58333,-630,12
2026-09-02,SR,海通期货,60616,-100,55716,837,13
2026-09-02,SR,华泰期货,52158,-507,54061,766,14
2026-09-02,SR,申银万国,50870,-552,54128,987,15
2026-09-02,SR,银河期货,50863,478,50785,-770,16
2026-09-02,SR,东证期货,52992,902,46895,1119,17
2026-09-02,SR,中信期货,49396,-701,45312,423,18
2026-09-02,SR,国泰君安,52206,-612,41776,-690,19
2026-09-02,SR,永安期货,43710,-104,41365,-566,20
2026-09-03,SR,五矿期货,87448,-583,79077,-775,1
2026-09-03,SR,新湖期货,86059,-596,77877,590,2
2026-09-03,SR,国投安信,83727,-267,78846,514,3
2026-09-03,SR,宏源期货,82428,-408,72366,94,4
2026-09-03,SR,兴证期货,82428,-232,69459,-419,5
2026-09-03,SR,瑞达期货,74791,726,70004,884,6
2026-09-03,SR,广发期货,72405,1005,67586,-369,7
2026-09-03,SR,南华期货,68489,-44,63886,802,8
2026-09-03,SR,招商期货,66783,768,63675,-29,9
2026-09-03,SR,浙商期货,65027,438,63123,595,10
2026-09-03,SR,光大期货,64198,-273,60116,-249,11
2026-09-03,SR,方正中期,60625,1049,58525,192,12
2026-09-03,SR,海通期货,60642,26,55600,-116,13
2026-09-03,SR,华泰期货,51591,-567,54634,573,14
2026-09-03,SR,申银万国,50938,68,54937,809,15
2026-09-03,SR,银河期货,50888,25,51760,975,16
2026-09-03,SR,东证期货,52905,-87,47486,591,17
2026-09-03,SR,中信期货,49074,-322,45953,641,18
2026-09-03,SR,国泰君安,52007,-199,41071,-705,19
2026-09-03,SR,永安期货,43946,236,41837,472,20
2026-09-04,SR,五矿期货,86617,-831,78972,-105,1
2026-09-04,SR,新湖期货,86128,69,78370,493,2
2026-09-04,SR,国投安信,84030,303,78615,-231,3
2026-09-04,SR,宏源期货,81957,-471,73350,984,4
2026-09-04,SR,兴证期货,83447,1019,70061,602,5
2026-09-04,SR,瑞达期货,75021,230,70647,643,6
2026-09-04,SR,广发期货,72873,468,68111,525,7
2026-09-04,SR,南华期货,69493,1004,64355,469,8
2026-09-04,SR,招商期货,66722,-61,63076,-599,9
2026-09-04,SR,浙商期货,65113,86,63164,41,10
2026-09-04,SR,光大期货,63787,-411,60737,621,11
2026-09-04,SR,方正中期,60380,-245,58861,336,12
2026-09-04,SR,海通期货,60423,-219,56158,558,13
2026-09-04,SR,申银万国,50616,-322,55664,727,14
2026-09-04,SR,华泰期货,52171,580,53934,-700,15
2026-09-04,SR,银河期货,50328,-560,51909,149,16
2026-09-04,SR,东证期货,52383,-522,47021,-465,17
2026-09-04,SR,中信期货,49497,423,46975,1022,18
2026-09-04,SR,国泰君安,51468,-539,40603,-468,19
2026-09-04,SR,永安期货,43328,-618,41187,-650,20
2026-07-27,AP,五矿期货,87768,31,80299,622,1
2026-07-27,AP,新湖期货,87549,738,75287,-770,2
2026-07-27,AP,宏源期货,84373,1045,74986,647,3
2026-07-27,AP,兴证期货,81918,-10,73164,726,4
2026-07-27,AP,国投安信,78636,353,70652,-448,5
2026-07-27,AP,瑞达期货,75226,354,68321,1047,6
2026-07-27,AP,广发期货,73652,182,65365,359,7
2026-07-27,AP,南华期货,69781,-100,65065,971,8
2026-07-27,AP,招商期货,67586,-340,61740,237,9
2026-07-27,AP,浙商期货,64953,623,58356,184,10
2026-07-27,AP,光大期货,63845,856,56611,658,11
2026-07-27,AP,方正中期,60932,493,55127,498,12
2026-07-27,AP,海通期货,57743,-598,50974,-170,13
2026-07-27,AP,申银万国,55041,-487,49207,-418,14
2026-07-27,AP,华泰期货,54126,788,48074,176,15
2026-07-27,AP,东证期货,50503,208,45274,810,16
2026-07-27,AP,银河期货,45453,-775,41876,-556,17
2026-07-27,AP,国泰君安,43753,-17,39220,-80,18
2026-07-27,AP,中信期货,42542,858,38702,489,19
2026-07-27,AP,永安期货,39617,676,36032,-68,20
2026-07-28,AP,五矿期货,87337,-431,80817,518,1
2026-07-28,AP,新湖期货,86728,-821,76109,822,2
2026-07-28,AP,宏源期货,84808,435,75881,895,3
2026-07-28,AP,兴证期货,81632,-286,74139,975,4
2026-07-28,AP,国投安信,78656,20,70344,-308,5
2026-07-28,AP,瑞达期货,75536,310,67927,-394,6
2026-07-28,AP,广发期货,73397,-255,66224,859,7
2026-07-28,AP,南华期货,69353,-428,66105,1040,8
2026-07-28,AP,招商期货,67932,346,62061,321,9
2026-07-28,AP,浙商期货,65925,972,59317,961,10
2026-07-28,AP,光大期货,63799,-46,56710,99,11
2026-07-28,AP,方正中期,61730,798,56075,948,12
2026-07-28,AP,海通期货,56971,-772,51095,121,13
2026-07-28,AP,申银万国,55425,384,49978,771,14
2026-07-28,AP,华泰期货,54060,-66,48430,356,15
2026-07-28,AP,东证期货,50404,-99,44540,-734,16
2026-07-28,AP,银河期货,44764,-689,41688,-188,17
2026-07-28,AP,国泰君安,44520,767,39384,164,18
2026-07-28,AP,中信期货,42356,-186,39035,333,19
2026-07-28,AP,永安期货,40047,430,36382,350,20
2026-07-29,AP,五矿期货,87666,329,81325,508,1
2026-07-29,AP,新湖期货,86455,-273,76833,724,2
2026-07-29,AP,宏源期货,85218,410,76644,763,3
2026-07-29,AP,兴证期货,82359,727,74859,720,4
2026-07-29,AP,国投安信,79534,878,70994,650,5
2026-07-29,AP,瑞达期货,74669,-867,68104,177,6
2026-07-29,AP,广发期货,73616,219,66227,3,7
2026-07-29,AP,南华期货,70120,767,67097,992,8
2026-07-29,AP,招商期货,67592,-340,62307,246,9
2026-07-29,AP,浙商期货,66668,743,60112,795,10
2026-07-29,AP,光大期货,64862,1063,56015,-695,11
2026-07-29,AP,方正中期,61710,-20,55322,-753,12
2026-07-29,AP,海通期货,56884,-87,50249,-846,13
2026-07-29,AP,申银万国,55445,20,49617,-361,14
2026-07-29,AP,华泰期货,55109,1049,49262,832,15
2026-07-29,AP,东证期货,49707,-697,44224,-316,16
2026-07-29,AP,银河期货,45070,306,41387,-301,17
2026-07-29,AP,国泰君安,44283,-237,38622,-762,18
2026-07-29,AP,中信期货,42096,-260,39073,38,19
2026-07-29,AP,永安期货,41119,1072,36798,416,20
2026-07-30,AP,五矿期货,87364,-302,81850,525,1
2026-07-30,AP,新湖期货,85901,-554,77329,496,2
2026-07-30,AP,宏源期货,85815,597,76322,-322,3
2026-07-30,AP,兴证期货,81724,-635,75543,684,4
2026-07-30,AP,国投安信,78676,-858,70347,-647,5
2026-07-30,AP,瑞达期货,75707,1038,68236,132,6
2026-07-30,AP,广发期货,74040,424,65879,-348,7
2026-07-30,AP,南华期货,69383,-737,66920,-177,8
2026-07-30,AP,招商期货,68095,503,62336,29,9
2026-07-30,AP,浙商期货,66178,-490,59291,-821,10
2026-07-30,AP,光大期货,65078,216,56508,493,11
2026-07-30,AP,方正中期,61482,-228,54834,-488,12
2026-07-30,AP,海通期货,57132,248,50885,636,13
2026-07-30,AP,申银万国,56440,995,49563,-54,14
2026-07-30,AP,华泰期货,55960,851,48892,-370,15
2026-07-30,AP,东证期货,50523,816,43691,-533,16
2026-07-30,AP,银河期货,45421,351,41205,-182,17
2026-07-30,AP,国泰君安,44596,313,39206,584,18
2026-07-30,AP,中信期货,42504,408,38740,-333,19
2026-07-30,AP,永安期货,40443,-676,37045,247,20
2026-07-31,AP,五矿期货,86712,-652,82024,174,1
2026-07-31,AP,新湖期货,85925,24,77170,-159,2
2026-07-31,AP,宏源期货,85147,-668,77038,716,3
2026-07-31,AP,兴证期货,82800,1076,75059,-484,4
2026-07-31,AP,国投安信,79329,653,70050,-297,5
2026-07-31,AP,瑞达期货,76384,677,69012,776,6
2026-07-31,AP,广发期货,73275,-765,66623,744,7
2026-07-31,AP,南华期货,70435,1052,66560,-360,8
2026-07-31,AP,招商期货,68942,847,61492,-844,9
2026-07-31,AP,浙商期货,67066,888,58689,-602,10
2026-07-31,AP,光大期货,64334,-744,55976,-532,11
2026-07-31,AP,方正中期,61890,408,54124,-710,12
2026-07-31,AP,海通期货,57648,516,51158,273,13
2026-07-31,AP,申银万国,56173,-267,49823,260,14
2026-07-31,AP,华泰期货,56626,666,48633,-259,15
2026-07-31,AP,东证期货,50483,-40,43120,-571,16
2026-07-31,AP,银河期货,46134,713,40770,-435,17
2026-07-31,AP,国泰君安,44689,93,38853,-353,18
2026-07-31,AP,中信期货,42055,-449,39825,1085,19
2026-07-31,AP,永安期货,40189,-254,37126,81,20
2026-08-03,AP,五矿期货,86140,-572,82243,219,1
2026-08-03,AP,新湖期货,85323,-602,77020,-150,2
2026-08-03,AP,宏源期货,84376,-771,76520,-518,3
2026-08-03,AP,兴证期货,83469,669,74385,-674,4
2026-08-03,AP,国投安信,80414,1085,70824,774,5
2026-08-03,AP,瑞达期货,76754,370,69809,797,6
2026-08-03,AP,广发期货,74240,965,67644,1021,7
2026-08-03,AP,南华期货,71020,585,65747,-813,8
2026-08-03,AP,招商期货,69977,1035,61154,-338,9
2026-08-03,AP,浙商期货,66553,-513,58955,266,10
2026-08-03,AP,光大期货,64228,-106,56777,801,11
2026-08-03,AP,方正中期,61713,-177,53635,-489,12
2026-08-03,AP,海通期货,58363,715,50496,-662,13
2026-08-03,AP,华泰期货,56295,-331,49391,758,14
2026-08-03,AP,申银万国,55443,-730,49702,-121,15
2026-08-03,AP,东证期货,51071,588,43608,488,16
2026-08-03,AP,银河期货,45604,-530,40985,215,17
2026-08-03,AP,国泰君安,44861,172,39129,276,18
2026-08-03,AP,中信期货,42871,816,40149,324,19
2026-08-03,AP,永安期货,40977,788,38066,940,20
2026-08-04,AP,五矿期货,86839,699,82405,162,1
2026-08-04,AP,新湖期货,85768,445,78039,1019,2
2026-08-04,AP,宏源期货,83940,-436,77379,859,3
2026-08-04,AP,兴证期货,82706,-763,75060,675,4
2026-08-04,AP,国投安信,81045,631,71402,578,5
2026-08-04,AP,瑞达期货,77438,684,70159,350,6
2026-08-04,AP,广发期货,74645,405,67784,140,7
2026-08-04,AP,南华期货,70509,-511,66168,421,8
2026-08-04,AP,招商期货,69511,-466,60647,-507,9
2026-08-04,AP,浙商期货,67315,762,58929,-26,10
2026-08-04,AP,光大期货,64377,149,57515,738,11
2026-08-04,AP,方正中期,61025,-688,54438,803,12
2026-08-04,AP,海通期货,59012,649,50531,35,13
2026-08-04,AP,华泰期货,56091,-204,50288,897,14
2026-08-04,AP,申银万国,55340,-103,50475,773,15
2026-08-04,AP,东证期货,51010,-61,42899,-709,16
2026-08-04,AP,银河期货,46374,770,41508,523,17
2026-08-04,AP,国泰君安,45061,200,40252,1123,18
2026-08-04,AP,中信期货,43186,315,39776,-373,19
2026-08-04,AP,永安期货,41866,889,38708,642,20
2026-08-05,AP,五矿期货,86177,-662,82769,364,1
2026-08-05,AP,新湖期货,86017,249,78758,719,2
2026-08-05,AP,宏源期货,84257,317,77595,216,3
2026-08-05,AP,兴证期货,83532,826,74406,-654,4
2026-08-05,AP,国投安信,80319,-726,70826,-576,5
2026-08-05,AP,瑞达期货,78303,865,70258,99,6
2026-08-05,AP,广发期货,75730,1085,67579,-205,7
2026-08-05,AP,南华期货,71324,815,65333,-835,8
2026-08-05,AP,招商期货,69462,-49,61332,685,9
2026-08-05,AP,浙商期货,67743,428,58772,-157,10
2026-08-05,AP,光大期货,65389,1012,57427,-88,11
2026-08-05,AP,方正中期,60160,-865,54949,511,12
2026-08-05,AP,海通期货,59281,269,50408,-123,13
2026-08-05,AP,华泰期货,55265,-826,50365,77,14
2026-08-05,AP,申银万国,54825,-515,49632,-843,15
2026-08-05,AP,东证期货,52073,1063,42214,-685,16
2026-08-05,AP,银河期货,46349,-25,41145,-363,17
2026-08-05,AP,国泰君安,44940,-121,40797,545,18
2026-08-05,AP,中信期货,43343,157,39799,23,19
2026-08-05,AP,永安期货,42227,361,39516,808,20
2026-08-06,AP,五矿期货,86120,-57,82071,-698,1
2026-08-06,AP,新湖期货,85813,-204,79648,890,2
2026-08-06,AP,宏源期货,83670,-587,77319,-276,3
2026-08-06,AP,兴证期货,84302,770,74333,-73,4
2026-08-06,AP,国投安信,80844,525,70504,-322,5
2026-08-06,AP,瑞达期货,78764,461,69688,-570,6
2026-08-06,AP,广发期货,76753,1023,67343,-236,7
2026-08-06,AP,南华期货,70642,-682,64595,-738,8
2026-08-06,AP,招商期货,68641,-821,62240,908,9
2026-08-06,AP,浙商期货,67714,-29,58522,-250,10
2026-08-06,AP,光大期货,65588,199,58260,833,11
2026-08-06,AP,方正中期,59763,-397,54738,-211,12
2026-08-06,AP,海通期货,59687,406,50207,-201,13
2026-08-06,AP,申银万国,55535,710,50492,860,14
2026-08-06,AP,华泰期货,56025,760,49581,-784,15
2026-08-06,AP,东证期货,51538,-535,42723,509,16
2026-08-06,AP,银河期货,47128,779,41072,-73,17
2026-08-06,AP,国泰君安,45289,349,41513,716,18
2026-08-06,AP,中信期货,43575,232,40162,363,19
2026-08-06,AP,永安期货,41725,-502,39715,199,20
2026-08-07,AP,五矿期货,85381,-739,81695,-376,1
2026-08-07,AP,新湖期货,86105,292,80437,789,2
2026-08-07,AP,宏源期货,83950,280,76903,-416,3
2026-08-07,AP,兴证期货,83655,-647,73857,-476,4
2026-08-07,AP,国投安信,80595,-249,71473,969,5
2026-08-07,AP,瑞达期货,79436,672,69521,-167,6
2026-08-07,AP,广发期货,76047,-706,67034,-309,7
2026-08-07,AP,南华期货,70484,-158,63977,-618,8
2026-08-07,AP,招商期货,69485,844,61595,-645,9
2026-08-07,AP,浙商期货,68048,334,58899,377,10
2026-08-07,AP,光大期货,66595,1007,58485,225,11
2026-08-07,AP,方正中期,60643,880,54169,-569,12
2026-08-07,AP,海通期货,60244,557,49547,-660,13
2026-08-07,AP,申银万国,55306,-229,50020,-472,14
2026-08-07,AP,华泰期货,55178,-847,49314,-267,15
2026-08-07,AP,东证期货,51591,53,41999,-724,16
2026-08-07,AP,银河期货,47860,732,40916,-156,17
2026-08-07,AP,国泰君安,45529,240,41374,-139,18
2026-08-07,AP,中信期货,43540,-35,39545,-617,19
2026-08-07,AP,永安期货,42942,1217,40032,317,20
2026-08-10,AP,五矿期货,85998,617,80951,-744,1
2026-08-10,AP,新湖期货,85887,-218,80138,-299,2
2026-08-10,AP,宏源期货,83240,-710,77400,497,3
2026-08-10,AP,兴证期货,84553,898,73867,10,4
2026-08-10,AP,国投安信,80333,-262,72504,1031,5
2026-08-10,AP,瑞达期货,80442,1006,68754,-767,6
2026-08-10,AP,广发期货,75973,-74,67724,690,7
2026-08-10,AP,南华期货,69789,-695,64960,983,8
2026-08-10,AP,招商期货,69932,447,61354,-241,9
2026-08-10,AP,浙商期货,69004,956,59180,281,10
2026-08-10,AP,光大期货,66813,218,58243,-242,11
2026-08-10,AP,方正中期,61525,882,54733,564,12
2026-08-10,AP,海通期货,61259,1015,49879,332,13
2026-08-10,AP,申银万国,55865,559,50294,274,14
2026-08-10,AP,华泰期货,54441,-737,50126,812,15
2026-08-10,AP,东证期货,52680,1089,42988,989,16
2026-08-10,AP,银河期货,48625,765,41254,338,17
2026-08-10,AP,国泰君安,46306,777,41730,356,18
2026-08-10,AP,中信期货,43397,-143,40498,953,19
2026-08-10,AP,永安期货,42262,-680,39828,-204,20
2026-08-11,AP,五矿期货,86590,592,81551,600,1
2026-08-11,AP,新湖期货,85950,63,79735,-403,2
2026-08-11,AP,宏源期货,84003,763,76584,-816,3
2026-08-11,AP,兴证期货,83865,-688,74308,441,4
2026-08-11,AP,国投安信,80868,535,73428,924,5
2026-08-11,AP,瑞达期货,81422,980,69069,315,6
2026-08-11,AP,广发期货,75452,-521,68202,478,7
2026-08-11,AP,南华期货,69573,-216,64454,-506,8
2026-08-11,AP,招商期货,69539,-393,60671,-683,9
2026-08-11,AP,浙商期货,69937,933,59956,776,10
2026-08-11,AP,光大期货,67837,1024,58542,299,11
2026-08-11,AP,方正中期,60950,-575,55093,360,12
2026-08-11,AP,海通期货,60577,-682,49570,-309,13
2026-08-11,AP,申银万国,55796,-69,50553,259,14
2026-08-11,AP,华泰期货,55198,757,50015,-111,15
2026-08-11,AP,东证期货,51987,-693,43178,190,16
2026-08-11,AP,银河期货,49670,1045,41460,206,17
2026-08-11,AP,国泰君安,45534,-772,41178,-552,18
2026-08-11,AP,中信期货,42810,-587,40932,434,19
2026-08-11,AP,永安期货,41762,-500,39198,-630,20
2026-08-12,AP,五矿期货,86532,-58,82566,1015,1
2026-08-12,AP,新湖期货,87044,1094,80094,359,2
2026-08-12,AP,宏源期货,83381,-622,76562,-22,3
2026-08-12,AP,兴证期货,83564,-301,74163,-145,4
2026-08-12,AP,国投安信,81657,789,73658,230,5
2026-08-12,AP,瑞达期货,81317,-105,68613,-456,6
2026-08-12,AP,广发期货,75807,355,68717,515,7
2026-08-12,AP,南华期货,69553,-20,64036,-418,8
2026-08-12,AP,浙商期货,70045,108,60227,271,9
2026-08-12,AP,招商期货,69126,-413,59942,-729,10
2026-08-12,AP,光大期货,68661,824,58076,-466,11
2026-08-12,AP,方正中期,61544,594,55832,739,12
2026-08-12,AP,海通期货,60858,281,50347,777,13
2026-08-12,AP,申银万国,56688,892,50262,-291,14
2026-08-12,AP,华泰期货,55693,495,50236,221,15
2026-08-12,AP,东证期货,52042,55,42418,-760,16
2026-08-12,AP,银河期货,49933,263,41178,-282,17
2026-08-12,AP,国泰君安,46523,989,41805,627,18
2026-08-12,AP,中信期货,43541,731,41845,913,19
2026-08-12,AP,永安期货,41241,-521,38774,-424,20
2026-08-13,AP,五矿期货,87129,597,81863,-703,1
2026-08-13,AP,新湖期货,87669,625,79339,-755,2
2026-08-13,AP,宏源期货,82953,-428,76223,-339,3
2026-08-13,AP,兴证期货,84120,556,73395,-768,4
2026-08-13,AP,国投安信,81266,-391,73079,-579,5
2026-08-13,AP,瑞达期货,80662,-655,69137,524,6
2026-08-13,AP,广发期货,76219,412,69055,338,7
2026-08-13,AP,南华期货,69030,-523,64853,817,8
2026-08-13,AP,浙商期货,69663,-382,60792,565,9
2026-08-13,AP,招商期货,68488,-638,60272,330,10
2026-08-13,AP,光大期货,68152,-509,58755,679,11
2026-08-13,AP,方正中期,61474,-70,56191,359,12
2026-08-13,AP,海通期货,59960,-898,49731,-616,13
2026-08-13,AP,申银万国,57027,339,50431,169,14
2026-08-13,AP,华泰期货,55315,-378,50713,477,15
2026-08-13,AP,东证期货,52709,667,42508,90,16
2026-08-13,AP,银河期货,50974,1041,40663,-515,17
2026-08-13,AP,国泰君安,47005,482,42788,983,18
2026-08-13,AP,中信期货,43312,-229,41585,-260,19
2026-08-13,AP,永安期货,41645,404,38593,-181,20
2026-08-14,AP,五矿期货,87985,856,82313,450,1
2026-08-14,AP,新湖期货,88127,458,78901,-438,2
2026-08-14,AP,宏源期货,82616,-337,76281,58,3
2026-08-14,AP,兴证期货,84282,162,73938,543,4
2026-08-14,AP,国投安信,81141,-125,73579,500,5
2026-08-14,AP,瑞达期货,80427,-235,69128,-9,6
2026-08-14,AP,广发期货,77098,879,68960,-95,7
2026-08-14,AP,南华期货,69738,708,64255,-598,8
2026-08-14,AP,招商期货,69071,583,60749,477,9
2026-08-14,AP,浙商期货,69058,-605,60243,-549,10
2026-08-14,AP,光大期货,67674,-478,58820,65,11
2026-08-14,AP,方正中期,60793,-681,56040,-151,12
2026-08-14,AP,申银万国,57826,799,51006,575,13
2026-08-14,AP,海通期货,59088,-872,49727,-4,14
2026-08-14,AP,华泰期货,55883,568,50089,-624,15
2026-08-14,AP,东证期货,53263,554,42168,-340,16
2026-08-14,AP,银河期货,51370,396,39898,-765,17
2026-08-14,AP,国泰君安,46791,-214,42248,-540,18
2026-08-14,AP,中信期货,42804,-508,41261,-324,19
2026-08-14,AP,永安期货,42265,620,38631,38,20
2026-08-17,AP,五矿期货,87447,-538,82335,22,1
2026-08-17,AP,新湖期货,87807,-320,78623,-278,2
2026-08-17,AP,兴证期货,83608,-674,74892,954,3
2026-08-17,AP,宏源期货,82304,-312,75719,-562,4
2026-08-17,AP,国投安信,80658,-483,73575,-4,5
2026-08-17,AP,瑞达期货,80600,173,68870,-258,6
2026-08-17,AP,广发期货,77730,632,69049,89,7
2026-08-17,AP,南华期货,70545,807,63527,-728,8
2026-08-17,AP,招商期货,69771,700,61719,970,9
2026-08-17,AP,浙商期货,68482,-576,59518,-725,10
2026-08-17,AP,光大期货,67661,-13,58919,99,11
2026-08-17,AP,方正中期,60409,-384,55196,-844,12
2026-08-17,AP,申银万国,57927,101,50716,-290,13
2026-08-17,AP,海通期货,59083,-5,48977,-750,14
2026-08-17,AP,华泰期货,55480,-403,50242,153,15
2026-08-17,AP,东证期货,54421,1158,42754,586,16
2026-08-17,AP,银河期货,51953,583,40885,987,17
2026-08-17,AP,国泰君安,46396,-395,43259,1011,18
2026-08-17,AP,中信期货,42821,17,41214,-47,19
2026-08-17,AP,永安期货,41783,-482,38284,-347,20
2026-08-18,AP,五矿期货,87590,143,82799,464,1
2026-08-18,AP,新湖期货,88849,1042,78902,279,2
2026-08-18,AP,兴证期货,84029,421,75037,145,3
2026-08-18,AP,宏源期货,82191,-113,75317,-402,4
2026-08-18,AP,国投安信,81357,699,73205,-370,5
2026-08-18,AP,瑞达期货,79973,-627,68055,-815,6
2026-08-18,AP,广发期货,77727,-3,70052,1003,7
2026-08-18,AP,南华期货,70628,83,63128,-399,8
2026-08-18,AP,招商期货,69423,-348,61197,-522,9
2026-08-18,AP,浙商期货,69555,1073,59467,-51,10
2026-08-18,AP,光大期货,68480,819,59045,126,11
2026-08-18,AP,方正中期,61278,869,54910,-286,12
2026-08-18,AP,申银万国,57486,-441,50786,70,13
2026-08-18,AP,海通期货,58594,-489,49536,559,14
2026-08-18,AP,华泰期货,55200,-280,50711,469,15
2026-08-18,AP,东证期货,54571,150,42696,-58,16
2026-08-18,AP,银河期货,51306,-647,41316,431,17
2026-08-18,AP,国泰君安,47177,781,43573,314,18
2026-08-18,AP,中信期货,43010,189,42053,839,19
2026-08-18,AP,永安期货,42578,795,37542,-742,20
2026-08-19,AP,五矿期货,88583,993,83034,235,1
2026-08-19,AP,新湖期货,89125,276,79688,786,2
2026-08-19,AP,兴证期货,85036,1007,75325,288,3
2026-08-19,AP,宏源期货,83043,852,75723,406,4
2026-08-19,AP,国投安信,82418,1061,73723,518,5
2026-08-19,AP,瑞达期货,79573,-400,68756,701,6
2026-08-19,AP,广发期货,77343,-384,70860,808,7
2026-08-19,AP,南华期货,71568,940,62857,-271,8
2026-08-19,AP,浙商期货,69816,261,60429,962,9
2026-08-19,AP,招商期货,68742,-681,60841,-356,10
2026-08-19,AP,光大期货,67621,-859,58323,-722,11
2026-08-19,AP,方正中期,61906,628,54886,-24,12
2026-08-19,AP,申银万国,57934,448,50993,207,13
2026-08-19,AP,海通期货,59331,737,49321,-215,14
2026-08-19,AP,华泰期货,54856,-344,51626,915,15
2026-08-19,AP,东证期货,55203,632,42128,-568,16
2026-08-19,AP,银河期货,51595,289,41067,-249,17
2026-08-19,AP,国泰君安,47874,697,43562,-11,18
2026-08-19,AP,中信期货,42454,-556,41831,-222,19
2026-08-19,AP,永安期货,43710,1132,37068,-474,20
2026-08-20,AP,五矿期货,88840,257,83339,305,1
2026-08-20,AP,新湖期货,90192,1067,80070,382,2
2026-08-20,AP,兴证期货,85423,387,75298,-27,3
2026-08-20,AP,宏源期货,83514,471,76597,874,4
2026-08-20,AP,国投安信,82718,300,73281,-442,5
2026-08-20,AP,瑞达期货,80320,747,68462,-294,6
2026-08-20,AP,广发期货,76957,-386,71435,575,7
2026-08-20,AP,南华期货,72233,665,62877,20,8
2026-08-20,AP,浙商期货,69138,-678,61079,650,9
2026-08-20,AP,招商期货,68469,-273,61467,626,10
2026-08-20,AP,光大期货,67117,-504,57856,-467,11
2026-08-20,AP,方正中期,61008,-898,55021,135,12
2026-08-20,AP,申银万国,58168,234,51002,9,13
2026-08-20,AP,海通期货,59594,263,49169,-152,14
2026-08-20,AP,华泰期货,55368,512,52352,726,15
2026-08-20,AP,东证期货,55093,-110,42931,803,16
2026-08-20,AP,银河期货,51120,-475,40337,-730,17
2026-08-20,AP,国泰君安,48176,302,42798,-764,18
2026-08-20,AP,中信期货,42959,505,42078,247,19
2026-08-20,AP,永安期货,44817,1107,36672,-396,20
2026-08-21,AP,新湖期货,90387,195,80732,662,1
2026-08-21,AP,五矿期货,88088,-752,82699,-640,2
2026-08-21,AP,宏源期货,83570,56,76591,-6,3
2026-08-21,AP,兴证期货,84612,-811,74867,-431,4
2026-08-21,AP,国投安信,82659,-59,74205,924,5
2026-08-21,AP,广发期货,77214,257,72419,984,6
2026-08-21,AP,瑞达期货,79700,-620,68085,-377,7
2026-08-21,AP,南华期货,71489,-744,62238,-639,8
2026-08-21,AP,浙商期货,69120,-18,61380,301,9
2026-08-21,AP,招商期货,67602,-867,62029,562,10
2026-08-21,AP,光大期货,67226,109,57472,-384,11
2026-08-21,AP,方正中期,61198,190,54853,-168,12
2026-08-21,AP,申银万国,57998,-170,51117,115,13
2026-08-21,AP,海通期货,60248,654,48812,-357,14
2026-08-21,AP,华泰期货,56224,856,52190,-162,15
2026-08-21,AP,东证期货,54978,-115,42254,-677,16
2026-08-21,AP,银河期货,52163,1043,40068,-269,17
2026-08-21,AP,国泰君安,48675,499,42429,-369,18
2026-08-21,AP,中信期货,42957,-2,42274,196,19
2026-08-21,AP,永安期货,44767,-50,36098,-574,20
2026-08-24,AP,新湖期货,90586,199,81410,678,1
2026-08-24,AP,五矿期货,88476,388,83407,708,2
2026-08-24,AP,宏源期货,84290,720,76966,375,3
2026-08-24,AP,兴证期货,85361,749,74529,-338,4
2026-08-24,AP,国投安信,82002,-657,73546,-659,5
2026-08-24,AP,广发期货,77011,-203,73460,1041,6
2026-08-24,AP,瑞达期货,79284,-416,68487,402,7
2026-08-24,AP,南华期货,71017,-472,61579,-659,8
2026-08-24,AP,浙商期货,69425,305,62352,972,9
2026-08-24,AP,招商期货,67623,21,63008,979,10
2026-08-24,AP,光大期货,66900,-326,57938,466,11
2026-08-24,AP,方正中期,61135,-63,54249,-604,12
2026-08-24,AP,海通期货,61228,980,49165,353,13
2026-08-24,AP,申银万国,57623,-375,50290,-827,14
2026-08-24,AP,华泰期货,55522,-702,51414,-776,15
2026-08-24,AP,东证期货,54645,-333,42243,-11,16
2026-08-24,AP,银河期货,52894,731,39737,-331,17
2026-08-24,AP,国泰君安,48172,-503,42111,-318,18
2026-08-24,AP,中信期货,43080,123,42975,701,19
2026-08-24,AP,永安期货,45381,614,36451,353,20
2026-08-25,AP,新湖期货,90825,239,81985,575,1
2026-08-25,AP,五矿期货,87912,-564,82612,-795,2
2026-08-25,AP,宏源期货,84932,642,77042,76,3
2026-08-25,AP,兴证期货,85175,-186,74409,-120,4
2026-08-25,AP,国投安信,81976,-26,74122,576,5
2026-08-25,AP,广发期货,78005,994,73788,328,6
2026-08-25,AP,瑞达期货,78952,-332,67637,-850,7
2026-08-25,AP,南华期货,71310,293,61198,-381,8
2026-08-25,AP,浙商期货,69202,-223,61706,-646,9
2026-08-25,AP,招商期货,66904,-719,63189,181,10
2026-08-25,AP,光大期货,66843,-57,58905,967,11
2026-08-25,AP,方正中期,60678,-457,55028,779,12
2026-08-25,AP,海通期货,61330,102,49988,823,13
2026-08-25,AP,申银万国,58619,996,51164,874,14
2026-08-25,AP,华泰期货,56114,592,50577,-837,15
2026-08-25,AP,东证期货,55416,771,42898,655,16
2026-08-25,AP,银河期货,52456,-438,40313,576,17
2026-08-25,AP,国泰君安,47959,-213,42449,338,18
2026-08-25,AP,中信期货,43274,194,43616,641,19
2026-08-25,AP,永安期货,45094,-287,35771,-680,20
2026-08-26,AP,新湖期货,91209,384,82684,699,1
2026-08-26,AP,五矿期货,88814,902,83320,708,2
2026-08-26,AP,宏源期货,84450,-482,76942,-100,3
2026-08-26,AP,兴证期货,86143,968,75041,632,4
2026-08-26,AP,国投安信,81317,-659,74758,636,5
2026-08-26,AP,广发期货,77567,-438,74204,416,6
2026-08-26,AP,瑞达期货,78327,-625,66851,-786,7
2026-08-26,AP,南华期货,71765,455,61268,70,8
2026-08-26,AP,浙商期货,68573,-629,61460,-246,9
2026-08-26,AP,招商期货,66947,43,62464,-725,10
2026-08-26,AP,光大期货,66371,-472,58459,-446,11
2026-08-26,AP,方正中期,60179,-499,55872,844,12
2026-08-26,AP,海通期货,61930,600,49505,-483,13
2026-08-26,AP,申银万国,59229,610,50406,-758,14
2026-08-26,AP,华泰期货,55535,-579,50206,-371,15
2026-08-26,AP,东证期货,54988,-428,43812,914,16
2026-08-26,AP,银河期货,52239,-217,39937,-376,17
2026-08-26,AP,国泰君安,47222,-737,43045,596,18
2026-08-26,AP,中信期货,43778,504,44016,400,19
2026-08-26,AP,永安期货,45827,733,35200,-571,20
2026-08-27,AP,新湖期货,90854,-355,83295,611,1
2026-08-27,AP,五矿期货,88979,165,83931,611,2
2026-08-27,AP,宏源期货,85214,764,76432,-510,3
2026-08-27,AP,兴证期货,85712,-431,75623,582,4
2026-08-27,AP,国投安信,80639,-678,74798,40,5
2026-08-27,AP,广发期货,77100,-467,73503,-701,6
2026-08-27,AP,瑞达期货,77741,-586,66851,0,7
2026-08-27,AP,南华期货,72430,665,60740,-528,8
2026-08-27,AP,浙商期货,69501,928,61470,10,9
2026-08-27,AP,招商期货,66269,-678,61787,-677,10
2026-08-27,AP,光大期货,66872,501,59335,876,11
2026-08-27,AP,方正中期,60370,191,55380,-492,12
2026-08-27,AP,海通期货,61797,-133,48726,-779,13
2026-08-27,AP,申银万国,58344,-885,49906,-500,14
2026-08-27,AP,华泰期货,55605,70,50130,-76,15
2026-08-27,AP,东证期货,56053,1065,43367,-445,16
2026-08-27,AP,银河期货,51588,-651,40874,937,17
2026-08-27,AP,国泰君安,46757,-465,43683,638,18
2026-08-27,AP,中信期货,44404,626,44130,114,19
2026-08-27,AP,永安期货,45660,-167,36139,939,20
2026-08-28,AP,新湖期货,91534,680,84156,861,1
2026-08-28,AP,五矿期货,88120,-859,83482,-449,2
2026-08-28,AP,宏源期货,85816,602,77216,784,3
2026-08-28,AP,兴证期货,85250,-462,76669,1046,4
2026-08-28,AP,国投安信,80271,-368,75189,391,5
2026-08-28,AP,广发期货,77827,727,73564,61,6
2026-08-28,AP,瑞达期货,77412,-329,66647,-204,7
2026-08-28,AP,南华期货,72781,351,61603,863,8
2026-08-28,AP,浙商期货,69042,-459,61539,69,9
2026-08-28,AP,招商期货,66239,-30,61289,-498,10
2026-08-28,AP,光大期货,67324,452,59646,311,11
2026-08-28,AP,方正中期,60687,317,55621,241,12
2026-08-28,AP,海通期货,61219,-578,49573,847,13
2026-08-28,AP,申银万国,59259,915,49983,77,14
2026-08-28,AP,华泰期货,55904,299,49955,-175,15
2026-08-28,AP,东证期货,57114,1061,44475,1108,16
2026-08-28,AP,银河期货,52716,1128,41315,441,17
2026-08-28,AP,国泰君安,47922,1165,44758,1075,18
2026-08-28,AP,中信期货,45010,606,44447,317,19
2026-08-28,AP,永安期货,46016,356,37179,1040,20
2026-08-31,AP,新湖期货,91737,203,85099,943,1
2026-08-31,AP,五矿期货,87694,-426,84268,786,2
2026-08-31,AP,宏源期货,85976,160,76734,-482,3
2026-08-31,AP,兴证期货,84626,-624,75927,-742,4
2026-08-31,AP,国投安信,80881,610,76011,822,5
2026-08-31,AP,广发期货,78789,962,74044,480,6
2026-08-31,AP,瑞达期货,77701,289,67256,609,7
2026-08-31,AP,南华期货,72862,81,61561,-42,8
2026-08-31,AP,浙商期货,70086,1044,62444,905,9
2026-08-31,AP,光大期货,67858,534,59888,242,10
2026-08-31,AP,招商期货,65570,-669,61586,297,11
2026-08-31,AP,方正中期,60257,-430,56280,659,12
2026-08-31,AP,海通期货,62163,944,48833,-740,13
2026-08-31,AP,申银万国,59781,522,49392,-591,14
2026-08-31,AP,华泰期货,55240,-664,50736,781,15
2026-08-31,AP,东证期货,58125,1011,44895,420,16
2026-08-31,AP,银河期货,53835,1119,40731,-584,17
2026-08-31,AP,国泰君安,48238,316,44940,182,18
2026-08-31,AP,中信期货,44999,-11,45259,812,19
2026-08-31,AP,永安期货,46067,51,37014,-165,20
2026-09-01,AP,新湖期货,92140,403,84432,-667,1
2026-09-01,AP,五矿期货,87854,160,83720,-548,2
2026-09-01,AP,宏源期货,85527,-449,77315,581,3
2026-09-01,AP,兴证期货,85370,744,76694,767,4
2026-09-01,AP,国投安信,80401,-480,75447,-564,5
2026-09-01,AP,广发期货,78764,-25,74198,154,6
2026-09-01,AP,瑞达期货,78542,841,68122,866,7
2026-09-01,AP,南华期货,72327,-535,60801,-760,8
2026-09-01,AP,浙商期货,69866,-220,62718,274,9
2026-09-01,AP,招商期货,64948,-622,62431,845,10
2026-09-01,AP,光大期货,67489,-369,59572,-316,11
2026-09-01,AP,方正中期,60457,200,55621,-659,12
2026-09-01,AP,海通期货,61957,-206,49058,225,13
2026-09-01,AP,申银万国,60012,231,48713,-679,14
2026-09-01,AP,华泰期货,54834,-406,50989,253,15
2026-09-01,AP,东证期货,59156,1031,44276,-619,16
2026-09-01,AP,银河期货,54297,462,41074,343,17
2026-09-01,AP,国泰君安,48499,261,45927,987,18
2026-09-01,AP,中信期货,46078,1079,44592,-667,19
2026-09-01,AP,永安期货,45545,-522,36736,-278,20
2026-09-02,AP,新湖期货,92894,754,84886,454,1
2026-09-02,AP,五矿期货,88153,299,83036,-684,2
2026-09-02,AP,宏源期货,86178,651,77985,670,3
2026-09-02,AP,兴证期货,85130,-240,76181,-513,4
2026-09-02,AP,国投安信,79563,-838,74768,-679,5
2026-09-02,AP,广发期货,77913,-851,75115,917,6
2026-09-02,AP,瑞达期货,79300,758,68752,630,7
2026-09-02,AP,南华期货,72788,461,61365,564,8
2026-09-02,AP,浙商期货,68989,-877,63465,747,9
2026-09-02,AP,招商期货,64103,-845,63168,737,10
2026-09-02,AP,光大期货,66656,-833,60289,717,11
2026-09-02,AP,方正中期,60248,-209,54832,-789,12
2026-09-02,AP,海通期货,61622,-335,49943,885,13
2026-09-02,AP,申银万国,59449,-563,49258,545,14
2026-09-02,AP,华泰期货,54593,-241,51082,93,15
2026-09-02,AP,东证期货,59886,730,45062,786,16
2026-09-02,AP,国泰君安,49195,696,46455,528,17
2026-09-02,AP,银河期货,54636,339,40468,-606,18
2026-09-02,AP,中信期货,45444,-634,44686,94,19
2026-09-02,AP,永安期货,46044,499,36871,135,20
2026-09-03,AP,新湖期货,93111,217,85700,814,1
2026-09-03,AP,五矿期货,87555,-598,83415,379,2
2026-09-03,AP,宏源期货,85604,-574,77309,-676,3
2026-09-03,AP,兴证期货,84828,-302,75865,-316,4
2026-09-03,AP,广发期货,78640,727,76137,1022,5
2026-09-03,AP,国投安信,79256,-307,75459,691,6
2026-09-03,AP,瑞达期货,79432,132,69224,472,7
2026-09-03,AP,南华期货,73264,476,60750,-615,8
2026-09-03,AP,浙商期货,68395,-594,63338,-127,9
2026-09-03,AP,招商期货,63843,-260,63094,-74,10
2026-09-03,AP,光大期货,65808,-848,60911,622,11
2026-09-03,AP,方正中期,60880,632,55220,388,12
2026-09-03,AP,海通期货,62334,712,50384,441,13
2026-09-03,AP,申银万国,59309,-140,48525,-733,14
2026-09-03,AP,东证期货,60710,824,46123,1061,15
2026-09-03,AP,华泰期货,54796,203,51558,476,16
2026-09-03,AP,国泰君安,50366,1171,47334,879,17
2026-09-03,AP,银河期货,54057,-579,40597,129,18
2026-09-03,AP,中信期货,45053,-391,44900,214,19
2026-09-03,AP,永安期货,45433,-611,37509,638,20
2026-09-04,AP,新湖期货,92918,-193,86153,453,1
2026-09-04,AP,五矿期货,87354,-201,82746,-669,2
2026-09-04,AP,宏源期货,85207,-397,77232,-77,3
2026-09-04,AP,兴证期货,84463,-365,76829,964,4
2026-09-04,AP,国投安信,78361,-895,75964,505,5
2026-09-04,AP,广发期货,77793,-847,75377,-760,6
2026-09-04,AP,瑞达期货,79759,327,68474,-750,7
2026-09-04,AP,南华期货,73254,-10,60857,107,8
2026-09-04,AP,浙商期货,68272,-123,63448,110,9
2026-09-04,AP,招商期货,63025,-818,63282,188,10
2026-09-04,AP,光大期货,64994,-814,60704,-207,11
2026-09-04,AP,方正中期,61253,373,55984,764,12
2026-09-04,AP,海通期货,62025,-309,50560,176,13
2026-09-04,AP,申银万国,60097,788,49238,713,14
2026-09-04,AP,东证期货,61502,792,45509,-614,15
2026-09-04,AP,华泰期货,54204,-592,51067,-491,16
2026-09-04,AP,国泰君安,50174,-192,47569,235,17
2026-09-04,AP,银河期货,54346,289,41691,1094,18
2026-09-04,AP,中信期货,45378,325,45106,206,19
2026-09-04,AP,永安期货,46021,588,37919,410,20
2026-07-27,PK,五矿期货,88079,-769,80064,-32,1
2026-07-27,PK,新湖期货,86697,182,77440,476,2
2026-07-27,PK,宏源期货,86217,664,74690,-466,3
2026-07-27,PK,兴证期货,82128,-126,72789,620,4
2026-07-27,PK,国投安信,80642,156,71231,-453,5
2026-07-27,PK,瑞达期货,77590,1006,68839,-341,6
2026-07-27,PK,广发期货,74785,120,67004,953,7
2026-07-27,PK,南华期货,72545,221,63237,120,8
2026-07-27,PK,浙商期货,68632,1070,60742,905,9
2026-07-27,PK,招商期货,68389,418,60274,-487,10
2026-07-27,PK,光大期货,64471,601,56376,-321,11
2026-07-27,PK,方正中期,59835,-365,55630,431,12
2026-07-27,PK,海通期货,59329,612,52073,-840,13
2026-07-27,PK,申银万国,57869,974,50266,233,14
2026-07-27,PK,华泰期货,53734,923,48191,288,15
2026-07-27,PK,东证期货,50867,302,45675,-516,16
2026-07-27,PK,银河期货,48284,-263,43642,939,17
2026-07-27,PK,国泰君安,46006,992,41591,32,18
2026-07-27,PK,中信期货,44046,1120,39251,-520,19
2026-07-27,PK,永安期货,41542,862,36739,-674,20
2026-07-28,PK,五矿期货,87813,-266,80807,743,1
2026-07-28,PK,新湖期货,86235,-462,76803,-637,2
2026-07-28,PK,宏源期货,86399,182,74722,32,3
2026-07-28,PK,兴证期货,82713,585,73669,880,4
2026-07-28,PK,国投安信,80496,-146,71860,629,5
2026-07-28,PK,瑞达期货,78158,568,68256,-583,6
2026-07-28,PK,广发期货,74744,-41,67703,699,7
2026-07-28,PK,南华期货,72142,-403,64188,951,8
2026-07-28,PK,浙商期货,68566,-66,60501,-241,9
2026-07-28,PK,招商期货,67813,-576,59466,-808,10
2026-07-28,PK,光大期货,65067,596,56155,-221,11
2026-07-28,PK,方正中期,60306,471,56145,515,12
2026-07-28,PK,海通期货,59599,270,52544,471,13
2026-07-28,PK,申银万国,57318,-551,50484,218,14
2026-07-28,PK,华泰期货,53438,-296,48827,636,15
2026-07-28,PK,东证期货,51354,487,46293,618,16
2026-07-28,PK,银河期货,48930,646,43691,49,17
2026-07-28,PK,国泰君安,45360,-646,41110,-481,18
2026-07-28,PK,中信期货,43583,-463,39859,608,19
2026-07-28,PK,永安期货,41310,-232,36465,-274,20
2026-07-29,PK,五矿期货,87086,-727,80919,112,1
2026-07-29,PK,宏源期货,87365,966,75365,643,2
2026-07-29,PK,新湖期货,85382,-853,77322,519,3
2026-07-29,PK,兴证期货,82205,-508,74591,922,4
2026-07-29,PK,国投安信,79978,-518,71611,-249,5
2026-07-29,PK,瑞达期货,78371,213,68805,549,6
2026-07-29,PK,广发期货,74599,-145,67549,-154,7
2026-07-29,PK,南华期货,72718,576,64721,533,8
2026-07-29,PK,浙商期货,68048,-518,60476,-25,9
2026-07-29,PK,招商期货,68528,715,59085,-381,10
2026-07-29,PK,光大期货,65955,888,55391,-764,11
2026-07-29,PK,方正中期,60001,-305,57069,924,12
2026-07-29,PK,海通期货,59464,-135,53245,701,13
2026-07-29,PK,申银万国,57144,-174,51170,686,14
2026-07-29,PK,华泰期货,53336,-102,48297,-530,15
2026-07-29,PK,东证期货,52510,1156,46816,523,16
2026-07-29,PK,银河期货,48949,19,43518,-173,17
2026-07-29,PK,国泰君安,44663,-697,42023,913,18
2026-07-29,PK,中信期货,43749,166,40877,1018,19
2026-07-29,PK,永安期货,41045,-265,35863,-602,20
2026-07-30,PK,五矿期货,87595,509,80765,-154,1
2026-07-30,PK,宏源期货,88168,803,75942,577,2
2026-07-30,PK,新湖期货,84608,-774,77851,529,3
2026-07-30,PK,兴证期货,82258,53,74990,399,4
2026-07-30,PK,国投安信,81069,1091,71035,-576,5
2026-07-30,PK,瑞达期货,78150,-221,69440,635,6
2026-07-30,PK,广发期货,75399,800,67263,-286,7
2026-07-30,PK,南华期货,72880,162,64236,-485,8
2026-07-30,PK,浙商期货,67642,-406,60764,288,9
2026-07-30,PK,招商期货,69056,528,59260,175,10
2026-07-30,PK,光大期货,65278,-677,55295,-96,11
2026-07-30,PK,方正中期,59563,-438,57715,646,12
2026-07-30,PK,海通期货,58610,-854,53976,731,13
2026-07-30,PK,申银万国,58120,976,52200,1030,14
2026-07-30,PK,华泰期货,53522,186,48481,184,15
2026-07-30,PK,东证期货,52909,399,47714,898,16
2026-07-30,PK,银河期货,48764,-185,43798,280,17
2026-07-30,PK,国泰君安,44456,-207,43020,997,18
2026-07-30,PK,中信期货,43811,62,41729,852,19
2026-07-30,PK,永安期货,41037,-8,35723,-140,20
2026-07-31,PK,五矿期货,87650,55,81392,627,1
2026-07-31,PK,宏源期货,88724,556,76320,378,2
2026-07-31,PK,新湖期货,84639,31,78078,227,3
2026-07-31,PK,兴证期货,81542,-716,74333,-657,4
2026-07-31,PK,国投安信,81819,750,70394,-641,5
2026-07-31,PK,瑞达期货,78902,752,68879,-561,6
2026-07-31,PK,广发期货,75990,591,66867,-396,7
2026-07-31,PK,南华期货,72230,-650,64194,-42,8
2026-07-31,PK,招商期货,69965,909,59861,601,9
2026-07-31,PK,浙商期货,67944,302,60559,-205,10
2026-07-31,PK,光大期货,65455,177,54972,-323,11
2026-07-31,PK,方正中期,59060,-503,58561,846,12
2026-07-31,PK,海通期货,59397,787,53853,-123,13
2026-07-31,PK,申银万国,59206,1086,52916,716,14
2026-07-31,PK,东证期货,52548,-361,48820,1106,15
2026-07-31,PK,华泰期货,53064,-458,48058,-423,16
2026-07-31,PK,银河期货,48580,-184,43517,-281,17
2026-07-31,PK,国泰君安,43793,-663,43996,976,18
2026-07-31,PK,中信期货,44437,626,42267,538,19
2026-07-31,PK,永安期货,40333,-704,35546,-177,20
2026-08-03,PK,五矿期货,87547,-103,80737,-655,1
2026-08-03,PK,宏源期货,88858,134,76487,167,2
2026-08-03,PK,新湖期货,85292,653,77898,-180,3
2026-08-03,PK,兴证期货,81895,353,75042,709,4
2026-08-03,PK,国投安信,82799,980,71080,686,5
2026-08-03,PK,瑞达期货,79960,1058,68200,-679,6
2026-08-03,PK,广发期货,76571,581,66174,-693,7
2026-08-03,PK,南华期货,73080,850,63415,-779,8
2026-08-03,PK,招商期货,70872,907,59843,-18,9
2026-08-03,PK,浙商期货,67506,-438,59789,-770,10
2026-08-03,PK,光大期货,65873,418,54783,-189,11
2026-08-03,PK,方正中期,58435,-625,58540,-21,12
2026-08-03,PK,海通期货,59505,108,53446,-407,13
2026-08-03,PK,申银万国,59696,490,52471,-445,14
2026-08-03,PK,东证期货,52261,-287,49265,445,15
2026-08-03,PK,华泰期货,52351,-713,48500,442,16
2026-08-03,PK,银河期货,49798,1218,43153,-364,17
2026-08-03,PK,国泰君安,43111,-682,44468,472,18
2026-08-03,PK,中信期货,43910,-527,42611,344,19
2026-08-03,PK,永安期货,41352,1019,36388,842,20
2026-08-04,PK,五矿期货,88086,539,80905,168,1
2026-08-04,PK,宏源期货,88730,-128,76320,-167,2
2026-08-04,PK,新湖期货,85359,67,78352,454,3
2026-08-04,PK,兴证期货,81495,-400,75601,559,4
2026-08-04,PK,国投安信,83792,993,70256,-824,5
2026-08-04,PK,瑞达期货,80283,323,68422,222,6
2026-08-04,PK,广发期货,75932,-639,67039,865,7
2026-08-04,PK,南华期货,72409,-671,63690,275,8
2026-08-04,PK,招商期货,71566,694,59842,-1,9
2026-08-04,PK,浙商期货,66824,-682,59624,-165,10
2026-08-04,PK,光大期货,65033,-840,55133,350,11
2026-08-04,PK,方正中期,57589,-846,59350,810,12
2026-08-04,PK,海通期货,59032,-473,54276,830,13
2026-08-04,PK,申银万国,60662,966,51999,-472,14
2026-08-04,PK,东证期货,52555,294,50321,1056,15
2026-08-04,PK,华泰期货,51468,-883,47671,-829,16
2026-08-04,PK,银河期货,50493,695,44152,999,17
2026-08-04,PK,国泰君安,43926,815,44829,361,18
2026-08-04,PK,中信期货,44887,977,42674,63,19
2026-08-04,PK,永安期货,41517,165,36643,255,20
2026-08-05,PK,五矿期货,87784,-302,80517,-388,1
2026-08-05,PK,宏源期货,89007,277,76057,-263,2
2026-08-05,PK,新湖期货,84681,-678,78606,254,3
2026-08-05,PK,兴证期货,81904,409,76331,730,4
2026-08-05,PK,国投安信,84675,883,70483,227,5
2026-08-05,PK,瑞达期货,81038,755,67824,-598,6
2026-08-05,PK,广发期货,76268,336,66334,-705,7
2026-08-05,PK,南华期货,71665,-744,63477,-213,8
2026-08-05,PK,招商期货,72480,914,59110,-732,9
2026-08-05,PK,浙商期货,66632,-192,59048,-576,10
2026-08-05,PK,光大期货,65381,348,55905,772,11
2026-08-05,PK,方正中期,57491,-98,59253,-97,12
2026-08-05,PK,申银万国,61568,906,52420,421,13
2026-08-05,PK,海通期货,59524,492,53863,-413,14
2026-08-05,PK,东证期货,53634,1079,50401,80,15
2026-08-05,PK,华泰期货,52445,977,46827,-844,16
2026-08-05,PK,银河期货,51679,1186,44866,714,17
2026-08-05,PK,国泰君安,44366,440,44304,-525,18
2026-08-05,PK,中信期货,44687,-200,43589,915,19
2026-08-05,PK,永安期货,41277,-240,37366,723,20
2026-08-06,PK,五矿期货,87486,-298,79933,-584,1
2026-08-06,PK,宏源期货,89531,524,76734,677,2
2026-08-06,PK,新湖期货,85536,855,79252,646,3
2026-08-06,PK,兴证期货,82916,1012,75555,-776,4
2026-08-06,PK,国投安信,83963,-712,70155,-328,5
2026-08-06,PK,瑞达期货,80994,-44,67131,-693,6
2026-08-06,PK,广发期货,76054,-214,66175,-159,7
2026-08-06,PK,南华期货,71689,24,63190,-287,8
2026-08-06,PK,招商期货,71730,-750,58751,-359,9
2026-08-06,PK,浙商期货,66767,135,58500,-548,10
2026-08-06,PK,光大期货,65723,342,56287,382,11
2026-08-06,PK,方正中期,58519,1028,58844,-409,12
2026-08-06,PK,申银万国,61017,-551,53239,819,13
2026-08-06,PK,海通期货,60104,580,53335,-528,14
2026-08-06,PK,东证期货,53139,-495,51180,779,15
2026-08-06,PK,华泰期货,52379,-66,46375,-452,16
2026-08-06,PK,银河期货,50953,-726,45297,431,17
2026-08-06,PK,国泰君安,44288,-78,45250,946,18
2026-08-06,PK,中信期货,44992,305,43796,207,19
2026-08-06,PK,永安期货,40970,-307,37409,43,20
2026-08-07,PK,五矿期货,87651,165,80895,962,1
2026-08-07,PK,宏源期货,90564,1033,76279,-455,2
2026-08-07,PK,新湖期货,86427,891,78515,-737,3
2026-08-07,PK,兴证期货,83938,1022,74791,-764,4
2026-08-07,PK,国投安信,84796,833,69341,-814,5
2026-08-07,PK,瑞达期货,80967,-27,67879,748,6
2026-08-07,PK,广发期货,76682,628,65588,-587,7
2026-08-07,PK,南华期货,70985,-704,62578,-612,8
2026-08-07,PK,招商期货,71893,163,59321,570,9
2026-08-07,PK,浙商期货,67390,623,57744,-756,10
2026-08-07,PK,光大期货,66801,1078,57056,769,11
2026-08-07,PK,方正中期,58496,-23,58885,41,12
2026-08-07,PK,海通期货,61120,1016,53294,-41,13
2026-08-07,PK,申银万国,60603,-414,53397,158,14
2026-08-07,PK,东证期货,52402,-737,52003,823,15
2026-08-07,PK,华泰期货,53101,722,46216,-159,16
2026-08-07,PK,银河期货,50924,-29,45818,521,17
2026-08-07,PK,国泰君安,43595,-693,46178,928,18
2026-08-07,PK,中信期货,45046,54,44556,760,19
2026-08-07,PK,永安期货,41254,284,37736,327,20
2026-08-10,PK,五矿期货,88033,382,81780,885,1
2026-08-10,PK,宏源期货,90557,-7,76600,321,2
2026-08-10,PK,新湖期货,85749,-678,78659,144,3
2026-08-10,PK,兴证期货,84164,226,74316,-475,4
2026-08-10,PK,国投安信,84776,-20,69533,192,5
2026-08-10,PK,瑞达期货,80173,-794,68703,824,6
2026-08-10,PK,广发期货,76479,-203,65466,-122,7
2026-08-10,PK,南华期货,70605,-380,63566,988,8
2026-08-10,PK,招商期货,72565,672,58918,-403,9
2026-08-10,PK,浙商期货,68441,1051,57253,-491,10
2026-08-10,PK,光大期货,66336,-465,56410,-646,11
2026-08-10,PK,方正中期,58252,-244,59561,676,12
2026-08-10,PK,申银万国,60018,-585,53949,552,13
2026-08-10,PK,海通期货,61153,33,52592,-702,14
2026-08-10,PK,东证期货,53406,1004,52795,792,15
2026-08-10,PK,华泰期货,52256,-845,46157,-59,16
2026-08-10,PK,银河期货,50325,-599,46723,905,17
2026-08-10,PK,国泰君安,44626,1031,46652,474,18
2026-08-10,PK,中信期货,45065,19,44600,44,19
2026-08-10,PK,永安期货,40890,-364,37705,-31,20
2026-08-11,PK,五矿期货,87412,-621,81764,-16,1
2026-08-11,PK,宏源期货,90783,226,77258,658,2
2026-08-11,PK,新湖期货,86679,930,78891,232,3
2026-08-11,PK,兴证期货,84630,466,75335,1019,4
2026-08-11,PK,国投安信,84852,76,70450,917,5
2026-08-11,PK,瑞达期货,79884,-289,68339,-364,6
2026-08-11,PK,广发期货,75976,-503,65317,-149,7
2026-08-11,PK,南华期货,70621,16,64313,747,8
2026-08-11,PK,招商期货,73290,725,59148,230,9
2026-08-11,PK,浙商期货,68676,235,56413,-840,10
2026-08-11,PK,光大期货,66058,-278,57395,985,11
2026-08-11,PK,方正中期,57589,-663,59206,-355,12
2026-08-11,PK,申银万国,59712,-306,54634,685,13
2026-08-11,PK,海通期货,62225,1072,51824,-768,14
2026-08-11,PK,东证期货,53057,-349,53099,304,15
2026-08-11,PK,华泰期货,53058,802,45847,-310,16
2026-08-11,PK,银河期货,49837,-488,47225,502,17
2026-08-11,PK,国泰君安,45165,539,47730,1078,18
2026-08-11,PK,中信期货,45847,782,44979,379,19
2026-08-11,PK,永安期货,41103,213,37804,99,20
2026-08-12,PK,五矿期货,87337,-75,82462,698,1
2026-08-12,PK,宏源期货,90405,-378,77601,343,2
2026-08-12,PK,新湖期货,87432,753,78380,-511,3
2026-08-12,PK,兴证期货,85193,563,75412,77,4
2026-08-12,PK,国投安信,85866,1014,69632,-818,5
2026-08-12,PK,瑞达期货,80159,275,67861,-478,6
2026-08-12,PK,广发期货,75668,-308,65052,-265,7
2026-08-12,PK,南华期货,69853,-768,65108,795,8
2026-08-12,PK,招商期货,73579,289,59747,599,9
2026-08-12,PK,浙商期货,68530,-146,56719,306,10
2026-08-12,PK,光大期货,65255,-803,57584,189,11
2026-08-12,PK,方正中期,57929,340,60039,833,12
2026-08-12,PK,申银万国,59736,24,55199,565,13
2026-08-12,PK,海通期货,62746,521,51010,-814,14
2026-08-12,PK,东证期货,52386,-671,52538,-561,15
2026-08-12,PK,华泰期货,53524,466,45755,-92,16
2026-08-12,PK,银河期货,50539,702,46709,-516,17
2026-08-12,PK,国泰君安,45151,-14,48218,488,18
2026-08-12,PK,中信期货,45545,-302,45530,551,19
2026-08-12,PK,永安期货,40417,-686,37468,-336,20
2026-08-13,PK,五矿期货,87223,-114,82916,454,1
2026-08-13,PK,宏源期货,90601,196,78355,754,2
2026-08-13,PK,新湖期货,87281,-151,78716,336,3
2026-08-13,PK,兴证期货,84898,-295,74859,-553,4
2026-08-13,PK,国投安信,86786,920,69851,219,5
2026-08-13,PK,瑞达期货,80193,34,67194,-667,6
2026-08-13,PK,广发期货,76326,658,65951,899,7
2026-08-13,PK,南华期货,70337,484,65647,539,8
2026-08-13,PK,招商期货,74206,627,60391,644,9
2026-08-13,PK,浙商期货,69185,655,57098,379,10
2026-08-13,PK,光大期货,65669,414,57972,388,11
2026-08-13,PK,方正中期,58729,800,60320,281,12
2026-08-13,PK,申银万国,60616,880,55947,748,13
2026-08-13,PK,海通期货,63191,445,50767,-243,14
2026-08-13,PK,东证期货,52884,498,52940,402,15
2026-08-13,PK,华泰期货,54278,754,45674,-81,16
2026-08-13,PK,银河期货,50620,81,47509,800,17
2026-08-13,PK,国泰君安,46301,1150,48729,511,18
2026-08-13,PK,中信期货,45938,393,46037,507,19
2026-08-13,PK,永安期货,40861,444,38144,676,20
2026-08-14,PK,五矿期货,87158,-65,83340,424,1
2026-08-14,PK,宏源期货,90528,-73,78659,304,2
2026-08-14,PK,新湖期货,87527,246,77978,-738,3
2026-08-14,PK,兴证期货,85587,689,74889,30,4
2026-08-14,PK,国投安信,87484,698,69290,-561,5
2026-08-14,PK,瑞达期货,79749,-444,66946,-248,6
2026-08-14,PK,广发期货,77078,752,66779,828,7
2026-08-14,PK,南华期货,71155,818,66395,748,8
2026-08-14,PK,招商期货,73527,-679,59919,-472,9
2026-08-14,PK,浙商期货,70108,923,56637,-461,10
2026-08-14,PK,光大期货,65167,-502,57480,-492,11
2026-08-14,PK,方正中期,59825,1096,61224,904,12
2026-08-14,PK,申银万国,60350,-266,56263,316,13
2026-08-14,PK,海通期货,63558,367,51539,772,14
2026-08-14,PK,东证期货,52147,-737,53751,811,15
2026-08-14,PK,华泰期货,54402,124,46641,967,16
2026-08-14,PK,银河期货,50050,-570,47341,-168,17
2026-08-14,PK,国泰君安,46197,-104,49116,387,18
2026-08-14,PK,中信期货,45666,-272,45567,-470,19
2026-08-14,PK,永安期货,42030,1169,38538,394,20
2026-08-17,PK,五矿期货,88095,937,83639,299,1
2026-08-17,PK,宏源期货,91468,940,78874,215,2
2026-08-17,PK,新湖期货,86910,-617,78474,496,3
2026-08-17,PK,兴证期货,86018,431,74538,-351,4
2026-08-17,PK,国投安信,88443,959,69180,-110,5
2026-08-17,PK,瑞达期货,80205,456,67329,383,6
2026-08-17,PK,广发期货,76845,-233,67301,522,7
2026-08-17,PK,南华期货,71497,342,65996,-399,8
2026-08-17,PK,招商期货,73094,-433,60133,214,9
2026-08-17,PK,浙商期货,71139,1031,57270,633,10
2026-08-17,PK,光大期货,64900,-267,57780,300,11
2026-08-17,PK,方正中期,60459,634,60816,-408,12
2026-08-17,PK,申银万国,59512,-838,56727,464,13
2026-08-17,PK,海通期货,63563,5,51045,-494,14
2026-08-17,PK,东证期货,52303,156,54545,794,15
2026-08-17,PK,华泰期货,54357,-45,47617,976,16
2026-08-17,PK,银河期货,50581,531,46812,-529,17
2026-08-17,PK,国泰君安,45734,-463,49161,45,18
2026-08-17,PK,中信期货,46028,362,45765,198,19
2026-08-17,PK,永安期货,42682,652,37815,-723,20
2026-08-18,PK,五矿期货,88322,227,83572,-67,1
2026-08-18,PK,宏源期货,91921,453,78568,-306,2
2026-08-18,PK,新湖期货,86201,-709,79228,754,3
2026-08-18,PK,兴证期货,85418,-600,74577,39,4
2026-08-18,PK,国投安信,88658,215,69715,535,5
2026-08-18,PK,瑞达期货,80867,662,67213,-116,6
2026-08-18,PK,广发期货,76776,-69,67660,359,7
2026-08-18,PK,南华期货,72202,705,65447,-549,8
2026-08-18,PK,招商期货,73841,747,61021,888,9
2026-08-18,PK,浙商期货,70300,-839,57544,274,10
2026-08-18,PK,光大期货,64889,-11,57629,-151,11
2026-08-18,PK,方正中期,60718,259,61215,399,12
2026-08-18,PK,海通期货,64510,947,51618,573,13
2026-08-18,PK,申银万国,58853,-659,56168,-559,14
2026-08-18,PK,东证期货,52228,-75,54609,64,15
2026-08-18,PK,华泰期货,55274,917,48126,509,16
2026-08-18,PK,银河期货,49807,-774,47879,1067,17
2026-08-18,PK,国泰君安,45537,-197,50086,925,18
2026-08-18,PK,中信期货,46960,932,46671,906,19
2026-08-18,PK,永安期货,43452,770,37080,-735,20
2026-08-19,PK,五矿期货,87914,-408,83925,353,1
2026-08-19,PK,宏源期货,91567,-354,78534,-34,2
2026-08-19,PK,新湖期货,86409,208,78683,-545,3
2026-08-19,PK,兴证期货,84911,-507,75318,741,4
2026-08-19,PK,国投安信,88273,-385,70592,877,5
2026-08-19,PK,瑞达期货,81503,636,66609,-604,6
2026-08-19,PK,广发期货,76565,-211,68701,1041,7
2026-08-19,PK,南华期货,71944,-258,65767,320,8
2026-08-19,PK,招商期货,74594,753,61253,232,9
2026-08-19,PK,浙商期货,70969,669,57083,-461,10
2026-08-19,PK,方正中期,61519,801,61769,554,11
2026-08-19,PK,光大期货,65795,906,57077,-552,12
2026-08-19,PK,海通期货,63811,-699,52144,526,13
2026-08-19,PK,申银万国,59609,756,56190,22,14
2026-08-19,PK,东证期货,51891,-337,53869,-740,15
2026-08-19,PK,华泰期货,55524,250,48262,136,16
2026-08-19,PK,银河期货,50918,1111,48807,928,17
2026-08-19,PK,国泰君安,46047,510,49465,-621,18
2026-08-19,PK,中信期货,46885,-75,46734,63,19
2026-08-19,PK,永安期货,43845,393,37084,4,20
2026-08-20,PK,五矿期货,88382,468,83470,-455,1
2026-08-20,PK,宏源期货,91698,131,78097,-437,2
2026-08-20,PK,新湖期货,85662,-747,77999,-684,3
2026-08-20,PK,兴证期货,85574,663,75260,-58,4
2026-08-20,PK,国投安信,87612,-661,71449,857,5
2026-08-20,PK,瑞达期货,80731,-772,65871,-738,6
2026-08-20,PK,广发期货,77477,912,68648,-53,7
2026-08-20,PK,南华期货,71844,-100,66775,1008,8
2026-08-20,PK,招商期货,74583,-11,61632,379,9
2026-08-20,PK,浙商期货,71814,845,57285,202,10
2026-08-20,PK,光大期货,64908,-887,57594,517,11
2026-08-20,PK,方正中期,61077,-442,60921,-848,12
2026-08-20,PK,海通期货,63890,79,52834,690,13
2026-08-20,PK,申银万国,60673,1064,55676,-514,14
2026-08-20,PK,东证期货,51194,-697,54849,980,15
2026-08-20,PK,华泰期货,54684,-840,49117,855,16
2026-08-20,PK,银河期货,51420,502,49878,1071,17
2026-08-20,PK,国泰君安,46309,262,49251,-214,18
2026-08-20,PK,中信期货,46741,-144,47704,970,19
2026-08-20,PK,永安期货,44695,850,37897,813,20
2026-08-21,PK,五矿期货,88766,384,82914,-556,1
2026-08-21,PK,宏源期货,91990,292,78154,57,2
2026-08-21,PK,新湖期货,86076,414,77991,-8,3
2026-08-21,PK,兴证期货,85075,-499,76195,935,4
2026-08-21,PK,国投安信,88001,389,71667,218,5
2026-08-21,PK,瑞达期货,80193,-538,66788,917,6
2026-08-21,PK,广发期货,77412,-65,69382,734,7
2026-08-21,PK,南华期货,71055,-789,66853,78,8
2026-08-21,PK,招商期货,75193,610,61440,-192,9
2026-08-21,PK,浙商期货,71063,-751,58191,906,10
2026-08-21,PK,光大期货,65297,389,57986,392,11
2026-08-21,PK,方正中期,60341,-736,60671,-250,12
2026-08-21,PK,海通期货,64317,427,52555,-279,13
2026-08-21,PK,申银万国,59887,-786,56079,403,14
2026-08-21,PK,东证期货,50512,-682,54214,-635,15
2026-08-21,PK,华泰期货,54552,-132,49347,230,16
2026-08-21,PK,银河期货,52389,969,49160,-718,17
2026-08-21,PK,国泰君安,47514,1205,50167,916,18
2026-08-21,PK,中信期货,46646,-95,48620,916,19
2026-08-21,PK,永安期货,45582,887,38380,483,20
2026-08-24,PK,五矿期货,88873,107,83548,634,1
2026-08-24,PK,宏源期货,92725,735,77492,-662,2
2026-08-24,PK,新湖期货,86703,627,78927,936,3
2026-08-24,PK,兴证期货,84214,-861,76482,287,4
2026-08-24,PK,国投安信,87381,-620,71522,-145,5
2026-08-24,PK,广发期货,77355,-57,69907,525,6
2026-08-24,PK,瑞达期货,79559,-634,67159,371,7
2026-08-24,PK,南华期货,71717,662,67770,917,8
2026-08-24,PK,招商期货,75779,586,61415,-25,9
2026-08-24,PK,浙商期货,71976,913,57627,-564,10
2026-08-24,PK,光大期货,66328,1031,58055,69,11
2026-08-24,PK,方正中期,59560,-781,61283,612,12
2026-08-24,PK,海通期货,64217,-100,52037,-518,13
2026-08-24,PK,申银万国,60213,326,55805,-274,14
2026-08-24,PK,东证期货,51566,1054,54458,244,15
2026-08-24,PK,华泰期货,54554,2,49403,56,16
2026-08-24,PK,银河期货,52162,-227,48424,-736,17
2026-08-24,PK,国泰君安,48039,525,49970,-197,18
2026-08-24,PK,中信期货,46620,-26,48301,-319,19
2026-08-24,PK,永安期货,44905,-677,39104,724,20
2026-08-25,PK,五矿期货,88387,-486,83404,-144,1
2026-08-25,PK,宏源期货,92557,-168,78106,614,2
2026-08-25,PK,新湖期货,87708,1005,78427,-500,3
2026-08-25,PK,兴证期货,85268,1054,76275,-207,4
2026-08-25,PK,国投安信,86663,-718,70943,-579,5
2026-08-25,PK,瑞达期货,79588,29,66784,-375,6
2026-08-25,PK,广发期货,76861,-494,69472,-435,7
2026-08-25,PK,南华期货,72804,1087,67319,-451,8
2026-08-25,PK,招商期货,75417,-362,60702,-713,9
2026-08-25,PK,浙商期货,72457,481,57869,242,10
2026-08-25,PK,光大期货,67346,1018,58278,223,11
2026-08-25,PK,方正中期,58706,-854,61246,-37,12
2026-08-25,PK,海通期货,64909,692,51726,-311,13
2026-08-25,PK,申银万国,59449,-764,56530,725,14
2026-08-25,PK,东证期货,51943,377,55120,662,15
2026-08-25,PK,华泰期货,55563,1009,49785,382,16
2026-08-25,PK,银河期货,51479,-683,47983,-441,17
2026-08-25,PK,国泰君安,48046,7,51090,1120,18
2026-08-25,PK,中信期货,46811,191,49420,1119,19
2026-08-25,PK,永安期货,45405,500,40025,921,20
2026-08-26,PK,五矿期货,87876,-511,83000,-404,1
2026-08-26,PK,宏源期货,92831,274,77962,-144,2
2026-08-26,PK,新湖期货,87578,-130,77825,-602,3
2026-08-26,PK,兴证期货,85383,115,76543,268,4
2026-08-26,PK,国投安信,86034,-629,71050,107,5
2026-08-26,PK,广发期货,77650,789,69673,201,6
2026-08-26,PK,瑞达期货,80059,471,66584,-200,7
2026-08-26,PK,南华期货,72768,-36,66956,-363,8
2026-08-26,PK,招商期货,74965,-452,61388,686,9
2026-08-26,PK,浙商期货,72334,-123,57249,-620,10
2026-08-26,PK,光大期货,66780,-566,57428,-850,11
2026-08-26,PK,方正中期,57966,-740,61630,384,12
2026-08-26,PK,海通期货,65397,488,51084,-642,13
2026-08-26,PK,申银万国,60407,958,56016,-514,14
2026-08-26,PK,华泰期货,56402,839,50776,991,15
2026-08-26,PK,东证期货,51184,-759,54769,-351,16
2026-08-26,PK,国泰君安,48381,335,52218,1128,17
2026-08-26,PK,银河期货,50861,-618,48163,180,18
2026-08-26,PK,中信期货,46253,-558,49606,186,19
2026-08-26,PK,永安期货,46500,1095,40076,51,20
2026-08-27,PK,宏源期货,93634,803,77320,-642,1
2026-08-27,PK,五矿期货,88070,194,82371,-629,2
2026-08-27,PK,新湖期货,87493,-85,77938,113,3
2026-08-27,PK,兴证期货,85879,496,76205,-338,4
2026-08-27,PK,国投安信,86059,25,70619,-431,5
2026-08-27,PK,广发期货,77314,-336,69406,-267,6
2026-08-27,PK,瑞达期货,79267,-792,66218,-366,7
2026-08-27,PK,南华期货,72061,-707,66989,33,8
2026-08-27,PK,招商期货,76057,1092,62212,824,9
2026-08-27,PK,浙商期货,72479,145,56487,-762,10
2026-08-27,PK,光大期货,66690,-90,57180,-248,11
2026-08-27,PK,方正中期,57354,-612,62549,919,12
2026-08-27,PK,申银万国,61277,870,56351,335,13
2026-08-27,PK,海通期货,65158,-239,50331,-753,14
2026-08-27,PK,华泰期货,56988,586,50271,-505,15
2026-08-27,PK,东证期货,51617,433,54099,-670,16
2026-08-27,PK,国泰君安,48717,336,52055,-163,17
2026-08-27,PK,银河期货,50709,-152,47934,-229,18
2026-08-27,PK,中信期货,47298,1045,50203,597,19
2026-08-27,PK,永安期货,46636,136,39458,-618,20
2026-08-28,PK,五矿期货,88176,106,83127,756,1
2026-08-28,PK,宏源期货,93852,218,77166,-154,2
2026-08-28,PK,新湖期货,88097,604,78787,849,3
2026-08-28,PK,兴证期货,85330,-549,76527,322,4
2026-08-28,PK,国投安信,86222,163,70628,9,5
2026-08-28,PK,广发期货,76623,-691,69842,436,6
2026-08-28,PK,瑞达期货,78763,-504,65902,-316,7
2026-08-28,PK,南华期货,72855,794,66512,-477,8
2026-08-28,PK,招商期货,76363,306,62460,248,9
2026-08-28,PK,浙商期货,73410,931,57317,830,10
2026-08-28,PK,光大期货,67588,898,57336,156,11
2026-08-28,PK,方正中期,57762,408,61887,-662,12
2026-08-28,PK,申银万国,60530,-747,55529,-822,13
2026-08-28,PK,海通期货,65965,807,49811,-520,14
2026-08-28,PK,华泰期货,57962,974,49803,-468,15
2026-08-28,PK,东证期货,51888,271,53677,-422,16
2026-08-28,PK,国泰君安,49454,737,52904,849,17
2026-08-28,PK,银河期货,50952,243,48530,596,18
2026-08-28,PK,中信期货,48371,1073,50381,178,19
2026-08-28,PK,永安期货,47755,1119,38978,-480,20
2026-08-31,PK,宏源期货,94157,305,77431,265,1
2026-08-31,PK,五矿期货,88153,-23,83101,-26,2
2026-08-31,PK,新湖期货,88669,572,79240,453,3
2026-08-31,PK,兴证期货,86038,708,77116,589,4
2026-08-31,PK,国投安信,85368,-854,70787,159,5
2026-08-31,PK,广发期货,76895,272,70528,686,6
2026-08-31,PK,瑞达期货,78783,20,66565,663,7
2026-08-31,PK,南华期货,72648,-207,66130,-382,8
2026-08-31,PK,招商期货,76299,-64,61669,-791,9
2026-08-31,PK,浙商期货,73905,495,57119,-198,10
2026-08-31,PK,光大期货,67050,-538,57599,263,11
2026-08-31,PK,方正中期,58598,836,62092,205,12
2026-08-31,PK,海通期货,66860,895,49196,-615,13
2026-08-31,PK,申银万国,60734,204,55176,-353,14
2026-08-31,PK,华泰期货,58853,891,50637,834,15
2026-08-31,PK,东证期货,52800,912,53381,-296,16
2026-08-31,PK,国泰君安,49152,-302,53686,782,17
2026-08-31,PK,银河期货,51044,92,49534,1004,18
2026-08-31,PK,中信期货,48833,462,50507,126,19
2026-08-31,PK,永安期货,48472,717,39614,636,20
2026-09-01,PK,宏源期货,93928,-229,77961,530,1
2026-09-01,PK,五矿期货,88058,-95,83641,540,2
2026-09-01,PK,新湖期货,88095,-574,78566,-674,3
2026-09-01,PK,兴证期货,86426,388,76981,-135,4
2026-09-01,PK,国投安信,84837,-531,70395,-392,5
2026-09-01,PK,广发期货,76167,-728,71027,499,6
2026-09-01,PK,瑞达期货,79604,821,66065,-500,7
2026-09-01,PK,南华期货,72855,207,65574,-556,8
2026-09-01,PK,招商期货,75403,-896,61589,-80,9
2026-09-01,PK,浙商期货,73752,-153,57834,715,10
2026-09-01,PK,光大期货,67772,722,56780,-819,11
2026-09-01,PK,方正中期,57998,-600,63003,911,12
2026-09-01,PK,海通期货,67557,697,49999,803,13
2026-09-01,PK,申银万国,60663,-71,55387,211,14
2026-09-01,PK,华泰期货,58436,-417,51630,993,15
2026-09-01,PK,东证期货,53783,983,53627,246,16
2026-09-01,PK,国泰君安,49351,199,54349,663,17
2026-09-01,PK,银河期货,50389,-655,49588,54,18
2026-09-01,PK,中信期货,48296,-537,50665,158,19
2026-09-01,PK,永安期货,49086,614,40742,1128,20
2026-09-02,PK,宏源期货,94169,241,78320,359,1
2026-09-02,PK,五矿期货,88554,496,83340,-301,2
2026-09-02,PK,新湖期货,88289,194,79298,732,3
2026-09-02,PK,兴证期货,87481,1055,76211,-770,4
2026-09-02,PK,国投安信,85483,646,70761,366,5
2026-09-02,PK,广发期货,76429,262,70991,-36,6
2026-09-02,PK,瑞达期货,80688,1084,66150,85,7
2026-09-02,PK,南华期货,72239,-616,65394,-180,8
2026-09-02,PK,招商期货,74651,-752,61907,318,9
2026-09-02,PK,浙商期货,74771,1019,57340,-494,10
2026-09-02,PK,光大期货,68205,433,57507,727,11
2026-09-02,PK,方正中期,57247,-751,63223,220,12
2026-09-02,PK,海通期货,66964,-593,50649,650,13
2026-09-02,PK,申银万国,60592,-71,55703,316,14
2026-09-02,PK,华泰期货,58942,506,51322,-308,15
2026-09-02,PK,东证期货,54922,1139,53071,-556,16
2026-09-02,PK,国泰君安,50162,811,54265,-84,17
2026-09-02,PK,银河期货,50713,324,49734,146,18
2026-09-02,PK,中信期货,48265,-31,49925,-740,19
2026-09-02,PK,永安期货,50094,1008,41322,580,20
2026-09-03,PK,五矿期货,88264,-290,84297,957,1
2026-09-03,PK,宏源期货,94308,139,78067,-253,2
2026-09-03,PK,新湖期货,88716,427,78714,-584,3
2026-09-03,PK,兴证期货,87997,516,75874,-337,4
2026-09-03,PK,国投安信,85808,325,71378,617,5
2026-09-03,PK,广发期货,77252,823,71251,260,6
2026-09-03,PK,瑞达期货,80675,-13,66772,622,7
2026-09-03,PK,招商期货,75167,516,62551,644,8
2026-09-03,PK,南华期货,71809,-430,65900,506,9
2026-09-03,PK,浙商期货,75819,1048,57729,389,10
2026-09-03,PK,光大期货,68940,735,56726,-781,11
2026-09-03,PK,方正中期,58089,842,63050,-173,12
2026-09-03,PK,海通期货,67945,981,49876,-773,13
2026-09-03,PK,申银万国,59951,-641,56680,977,14
2026-09-03,PK,华泰期货,59993,1051,50796,-526,15
2026-09-03,PK,东证期货,55919,997,52334,-737,16
2026-09-03,PK,国泰君安,50491,329,54086,-179,17
2026-09-03,PK,银河期货,51537,824,50083,349,18
2026-09-03,PK,中信期货,48761,496,50402,477,19
2026-09-03,PK,永安期货,49795,-299,41432,110,20
2026-09-04,PK,五矿期货,88468,204,85022,725,1
2026-09-04,PK,宏源期货,94324,16,78016,-51,2
2026-09-04,PK,新湖期货,88794,78,78265,-449,3
2026-09-04,PK,兴证期货,88211,214,75846,-28,4
2026-09-04,PK,国投安信,85389,-419,72361,983,5
2026-09-04,PK,瑞达期货,81666,991,66288,-484,6
2026-09-04,PK,广发期货,76539,-713,71132,-119,7
2026-09-04,PK,南华期货,72250,441,65953,53,8
2026-09-04,PK,招商期货,74340,-827,63124,573,9
2026-09-04,PK,浙商期货,76457,638,58748,1019,10
2026-09-04,PK,光大期货,70011,1071,57535,809,11
2026-09-04,PK,方正中期,58228,139,63137,87,12
2026-09-04,PK,海通期货,68327,382,50143,267,13
2026-09-04,PK,申银万国,59761,-190,56755,75,14
2026-09-04,PK,华泰期货,59265,-728,50526,-270,15
2026-09-04,PK,东证期货,55274,-645,52889,555,16
2026-09-04,PK,国泰君安,50959,468,54364,278,17
2026-09-04,PK,银河期货,51890,353,50602,519,18
2026-09-04,PK,中信期货,49713,952,51138,736,19
2026-09-04,PK,永安期货,50255,460,41353,-79,20
2026-07-27,Y,五矿期货,91606,508,80692,-668,1
2026-07-27,Y,新湖期货,87539,517,78541,-435,2
2026-07-27,Y,宏源期货,84324,-188,75743,-560,3
2026-07-27,Y,兴证期货,83551,879,74722,312,4
2026-07-27,Y,国投安信,80664,-68,72114,752,5
2026-07-27,Y,瑞达期货,78258,-389,67649,-653,6
2026-07-27,Y,广发期货,76504,425,67170,-133,7
2026-07-27,Y,南华期货,73338,15,63859,3,8
2026-07-27,Y,招商期货,70645,-417,62335,132,9
2026-07-27,Y,浙商期货,67170,-241,60788,-426,10
2026-07-27,Y,光大期货,65085,955,57157,-173,11
2026-07-27,Y,方正中期,63709,738,56297,-239,12
2026-07-27,Y,海通期货,60223,-430,54641,654,13
2026-07-27,Y,申银万国,58971,1052,50683,169,14
2026-07-27,Y,华泰期货,54670,-447,48806,-368,15
2026-07-27,Y,东证期货,53235,708,46874,-605,16
2026-07-27,Y,银河期货,47568,-592,44091,-798,17
2026-07-27,Y,国泰君安,47123,265,41324,305,18
2026-07-27,Y,中信期货,44560,9,40069,544,19
2026-07-27,Y,永安期货,41684,820,36615,408,20
2026-07-28,Y,五矿期货,92751,1145,80455,-237,1
2026-07-28,Y,新湖期货,87113,-426,79472,931,2
2026-07-28,Y,宏源期货,85443,1119,75792,49,3
2026-07-28,Y,兴证期货,83452,-99,75261,539,4
2026-07-28,Y,国投安信,80965,301,72733,619,5
2026-07-28,Y,瑞达期货,78139,-119,67091,-558,6
2026-07-28,Y,广发期货,77107,603,68105,935,7
2026-07-28,Y,南华期货,72711,-627,64320,461,8
2026-07-28,Y,招商期货,70191,-454,61928,-407,9
2026-07-28,Y,浙商期货,67076,-94,60677,-111,10
2026-07-28,Y,光大期货,66208,1123,56428,-729,11
2026-07-28,Y,方正中期,64810,1101,56529,232,12
2026-07-28,Y,海通期货,60551,328,55547,906,13
2026-07-28,Y,申银万国,60107,1136,50141,-542,14
2026-07-28,Y,华泰期货,54335,-335,49640,834,15
2026-07-28,Y,东证期货,54265,1030,47788,914,16
2026-07-28,Y,银河期货,48514,946,44032,-59,17
2026-07-28,Y,国泰君安,48187,1064,41015,-309,18
2026-07-28,Y,中信期货,45404,844,40388,319,19
2026-07-28,Y,永安期货,42413,729,36845,230,20
2026-07-29,Y,五矿期货,91993,-758,80764,309,1
2026-07-29,Y,新湖期货,87467,354,79196,-276,2
2026-07-29,Y,宏源期货,86597,1154,76593,801,3
2026-07-29,Y,兴证期货,83200,-252,75112,-149,4
2026-07-29,Y,国投安信,81177,212,72855,122,5
2026-07-29,Y,广发期货,77073,-34,67914,-191,6
2026-07-29,Y,瑞达期货,77401,-738,67473,382,7
2026-07-29,Y,南华期货,73376,665,64181,-139,8
2026-07-29,Y,招商期货,69618,-573,62134,206,9
2026-07-29,Y,浙商期货,68048,972,60770,93,10
2026-07-29,Y,方正中期,65425,615,56346,-183,11
2026-07-29,Y,光大期货,65627,-581,55945,-483,12
2026-07-29,Y,海通期货,61006,455,56207,660,13
2026-07-29,Y,申银万国,60020,-87,50285,144,14
2026-07-29,Y,华泰期货,54967,632,49155,-485,15
2026-07-29,Y,东证期货,54048,-217,48706,918,16
2026-07-29,Y,银河期货,49781,1267,44378,346,17
2026-07-29,Y,国泰君安,47868,-319,40981,-34,18
2026-07-29,Y,中信期货,46717,1313,40706,318,19
2026-07-29,Y,永安期货,42539,126,36328,-517,20
2026-07-30,Y,五矿期货,91754,-239,81448,684,1
2026-07-30,Y,新湖期货,87868,401,78739,-457,2
2026-07-30,Y,宏源期货,87250,653,76336,-257,3
2026-07-30,Y,兴证期货,83478,278,75878,766,4
2026-07-30,Y,国投安信,80483,-694,72322,-533,5
2026-07-30,Y,广发期货,77268,195,68200,286,6
2026-07-30,Y,瑞达期货,77602,201,66870,-603,7
2026-07-30,Y,南华期货,72817,-559,65112,931,8
2026-07-30,Y,招商期货,70725,1107,62898,764,9
2026-07-30,Y,浙商期货,68439,391,59982,-788,10
2026-07-30,Y,方正中期,66018,593,57236,890,11
2026-07-30,Y,光大期货,65886,259,56693,748,12
2026-07-30,Y,海通期货,60461,-545,57064,857,13
2026-07-30,Y,申银万国,60516,496,50621,336,14
2026-07-30,Y,华泰期货,54574,-393,48842,-313,15
2026-07-30,Y,东证期货,53837,-211,47861,-845,16
2026-07-30,Y,银河期货,50800,1019,44053,-325,17
2026-07-30,Y,国泰君安,48590,722,40709,-272,18
2026-07-30,Y,中信期货,47045,328,41429,723,19
2026-07-30,Y,永安期货,42525,-14,37016,688,20
2026-07-31,Y,五矿期货,90996,-758,81779,331,1
2026-07-31,Y,新湖期货,87727,-141,77892,-847,2
2026-07-31,Y,宏源期货,87376,126,77139,803,3
2026-07-31,Y,兴证期货,84323,845,75810,-68,4
2026-07-31,Y,国投安信,79892,-591,71869,-453,5
2026-07-31,Y,广发期货,77452,184,68750,550,6
2026-07-31,Y,瑞达期货,78544,942,67004,134,7
2026-07-31,Y,南华期货,73701,884,65031,-81,8
2026-07-31,Y,招商期货,71749,1024,62397,-501,9
2026-07-31,Y,浙商期货,68398,-41,60310,328,10
2026-07-31,Y,光大期货,66588,702,56108,-585,11
2026-07-31,Y,方正中期,65447,-571,56739,-497,12
2026-07-31,Y,海通期货,60342,-119,56538,-526,13
2026-07-31,Y,申银万国,60395,-121,51375,754,14
2026-07-31,Y,华泰期货,54713,139,48122,-720,15
2026-07-31,Y,东证期货,53833,-4,47602,-259,16
2026-07-31,Y,银河期货,50759,-41,43373,-680,17
2026-07-31,Y,中信期货,48092,1047,41314,-115,18
2026-07-31,Y,国泰君安,48350,-240,40656,-53,19
2026-07-31,Y,永安期货,41932,-593,36332,-684,20
2026-08-03,Y,五矿期货,90687,-309,82568,789,1
2026-08-03,Y,新湖期货,87676,-51,77217,-675,2
2026-08-03,Y,宏源期货,86599,-777,76755,-384,3
2026-08-03,Y,兴证期货,85084,761,75848,38,4
2026-08-03,Y,国投安信,80811,919,71198,-671,5
2026-08-03,Y,瑞达期货,78993,449,67564,560,6
2026-08-03,Y,广发期货,77811,359,67933,-817,7
2026-08-03,Y,南华期货,73983,282,65059,28,8
2026-08-03,Y,招商期货,72384,635,62668,271,9
2026-08-03,Y,浙商期货,69549,1151,59619,-691,10
2026-08-03,Y,光大期货,67058,470,56251,143,11
2026-08-03,Y,方正中期,65592,145,56583,-156,12
2026-08-03,Y,海通期货,60276,-66,55961,-577,13
2026-08-03,Y,申银万国,59677,-718,52024,649,14
2026-08-03,Y,华泰期货,55545,832,47360,-762,15
2026-08-03,Y,东证期货,53743,-90,48318,716,16
2026-08-03,Y,银河期货,51732,973,42736,-637,17
2026-08-03,Y,国泰君安,49450,1100,41113,457,18
2026-08-03,Y,中信期货,47728,-364,41881,567,19
2026-08-03,Y,永安期货,41806,-126,37205,873,20
2026-08-04,Y,五矿期货,91343,656,82319,-249,1
2026-08-04,Y,新湖期货,87169,-507,77286,69,2
2026-08-04,Y,宏源期货,87575,976,76158,-597,3
2026-08-04,Y,兴证期货,84866,-218,75519,-329,4
2026-08-04,Y,国投安信,81124,313,71163,-35,5
2026-08-04,Y,瑞达期货,79747,754,67545,-19,6
2026-08-04,Y,广发期货,77871,60,68615,682,7
2026-08-04,Y,南华期货,74388,405,65156,97,8
2026-08-04,Y,招商期货,73363,979,63310,642,9
2026-08-04,Y,浙商期货,70715,1166,59343,-276,10
2026-08-04,Y,方正中期,66390,798,56519,-64,11
2026-08-04,Y,光大期货,67120,62,55430,-821,12
2026-08-04,Y,海通期货,61355,1079,56678,717,13
2026-08-04,Y,申银万国,60028,351,52741,717,14
2026-08-04,Y,华泰期货,56670,1125,47097,-263,15
2026-08-04,Y,东证期货,54896,1153,47738,-580,16
2026-08-04,Y,银河期货,51885,153,42209,-527,17
2026-08-04,Y,国泰君安,50350,900,40966,-147,18
2026-08-04,Y,中信期货,48200,472,42775,894,19
2026-08-04,Y,永安期货,42189,383,37423,218,20
2026-08-05,Y,五矿期货,92462,1119,83121,802,1
2026-08-05,Y,宏源期货,87661,86,75898,-260,2
2026-08-05,Y,新湖期货,86431,-738,76624,-662,3
2026-08-05,Y,兴证期货,85739,873,75998,479,4
2026-08-05,Y,国投安信,82315,1191,70392,-771,5
2026-08-05,Y,广发期货,79042,1171,68933,318,6
2026-08-05,Y,瑞达期货,80821,1074,66848,-697,7
2026-08-05,Y,南华期货,73861,-527,64839,-317,8
2026-08-05,Y,招商期货,72937,-426,63398,88,9
2026-08-05,Y,浙商期货,71181,466,58992,-351,10
2026-08-05,Y,光大期货,67789,669,56213,783,11
2026-08-05,Y,方正中期,66249,-141,57192,673,12
2026-08-05,Y,海通期货,62196,841,57513,835,13
2026-08-05,Y,申银万国,61213,1185,52545,-196,14
2026-08-05,Y,华泰期货,57084,414,47021,-76,15
2026-08-05,Y,东证期货,54921,25,48378,640,16
2026-08-05,Y,银河期货,52323,438,42643,434,17
2026-08-05,Y,中信期货,49047,847,43744,969,18
2026-08-05,Y,国泰君安,51050,700,40678,-288,19
2026-08-05,Y,永安期货,42563,374,37253,-170,20
2026-08-06,Y,五矿期货,92543,81,83318,197,1
2026-08-06,Y,新湖期货,86938,507,76980,356,2
2026-08-06,Y,宏源期货,87939,278,75375,-523,3
2026-08-06,Y,兴证期货,85933,194,75127,-871,4
2026-08-06,Y,国投安信,82188,-127,70148,-244,5
2026-08-06,Y,广发期货,78901,-141,68134,-799,6
2026-08-06,Y,瑞达期货,80457,-364,65919,-929,7
2026-08-06,Y,南华期货,73738,-123,65677,838,8
2026-08-06,Y,招商期货,72384,-553,64094,696,9
2026-08-06,Y,浙商期货,72199,1018,59745,753,10
2026-08-06,Y,光大期货,68795,1006,56964,751,11
2026-08-06,Y,方正中期,65727,-522,57568,376,12
2026-08-06,Y,海通期货,61554,-642,57057,-456,13
2026-08-06,Y,申银万国,62221,1008,52080,-465,14
2026-08-06,Y,华泰期货,57494,410,47406,385,15
2026-08-06,Y,东证期货,55560,639,47988,-390,16
2026-08-06,Y,银河期货,52281,-42,42545,-98,17
2026-08-06,Y,国泰君安,50699,-351,41459,781,18
2026-08-06,Y,中信期货,48457,-590,42971,-773,19
2026-08-06,Y,永安期货,41905,-658,38200,947,20
2026-08-07,Y,五矿期货,92808,265,83890,572,1
2026-08-07,Y,新湖期货,86898,-40,77772,792,2
2026-08-07,Y,宏源期货,87162,-777,74700,-675,3
2026-08-07,Y,兴证期货,85449,-484,75716,589,4
2026-08-07,Y,国投安信,82715,527,70054,-94,5
2026-08-07,Y,广发期货,79726,825,68097,-37,6
2026-08-07,Y,瑞达期货,81140,683,65578,-341,7
2026-08-07,Y,南华期货,74788,1050,66042,365,8
2026-08-07,Y,招商期货,72460,76,64073,-21,9
2026-08-07,Y,浙商期货,72822,623,59259,-486,10
2026-08-07,Y,光大期货,69028,233,57765,801,11
2026-08-07,Y,方正中期,65941,214,56923,-645,12
2026-08-07,Y,海通期货,62033,479,57584,527,13
2026-08-07,Y,申银万国,62221,0,52341,261,14
2026-08-07,Y,华泰期货,57967,473,47250,-156,15
2026-08-07,Y,东证期货,55954,394,48202,214,16
2026-08-07,Y,银河期货,52193,-88,43428,883,17
2026-08-07,Y,国泰君安,50610,-89,41220,-239,18
2026-08-07,Y,中信期货,49183,726,42316,-655,19
2026-08-07,Y,永安期货,42746,841,37713,-487,20
2026-08-10,Y,五矿期货,92034,-774,84763,873,1
2026-08-10,Y,新湖期货,86880,-18,78344,572,2
2026-08-10,Y,兴证期货,85283,-166,76054,338,3
2026-08-10,Y,宏源期货,86561,-601,73880,-820,4
2026-08-10,Y,国投安信,81939,-776,70397,343,5
2026-08-10,Y,广发期货,79229,-497,68956,859,6
2026-08-10,Y,瑞达期货,82072,932,65959,381,7
2026-08-10,Y,南华期货,74407,-381,66344,302,8
2026-08-10,Y,招商期货,71798,-662,63391,-682,9
2026-08-10,Y,浙商期货,72421,-401,60031,772,10
2026-08-10,Y,光大期货,69747,719,57098,-667,11
2026-08-10,Y,方正中期,66822,881,56199,-724,12
2026-08-10,Y,海通期货,62355,322,58298,714,13
2026-08-10,Y,申银万国,61785,-436,52850,509,14
2026-08-10,Y,华泰期货,58826,859,47976,726,15
2026-08-10,Y,东证期货,56360,406,47789,-413,16
2026-08-10,Y,银河期货,53467,1274,42710,-718,17
2026-08-10,Y,中信期货,50395,1212,42211,-105,18
2026-08-10,Y,国泰君安,50529,-81,40788,-432,19
2026-08-10,Y,永安期货,43517,771,37196,-517,20
2026-08-11,Y,五矿期货,91521,-513,84599,-164,1
2026-08-11,Y,新湖期货,86634,-246,78394,50,2
2026-08-11,Y,兴证期货,86022,739,75857,-197,3
2026-08-11,Y,宏源期货,86922,361,74225,345,4
2026-08-11,Y,国投安信,81806,-133,69990,-407,5
2026-08-11,Y,广发期货,80281,1052,68732,-224,6
2026-08-11,Y,瑞达期货,82265,193,65969,10,7
2026-08-11,Y,南华期货,75228,821,65774,-570,8
2026-08-11,Y,招商期货,71941,143,62813,-578,9
2026-08-11,Y,浙商期货,71809,-612,60453,422,10
2026-08-11,Y,光大期货,70019,272,57604,506,11
2026-08-11,Y,方正中期,66997,175,56086,-113,12
2026-08-11,Y,海通期货,61903,-452,58928,630,13
2026-08-11,Y,申银万国,61044,-741,53000,150,14
2026-08-11,Y,华泰期货,58984,158,47742,-234,15
2026-08-11,Y,东证期货,57159,799,48061,272,16
2026-08-11,Y,银河期货,53124,-343,42267,-443,17
2026-08-11,Y,中信期货,50226,-169,42201,-10,18
2026-08-11,Y,国泰君安,50396,-133,40930,142,19
2026-08-11,Y,永安期货,43031,-486,37400,204,20
2026-08-12,Y,五矿期货,91638,117,85271,672,1
2026-08-12,Y,新湖期货,86284,-350,77860,-534,2
2026-08-12,Y,宏源期货,87068,146,74692,467,3
2026-08-12,Y,兴证期货,85591,-431,75046,-811,4
2026-08-12,Y,国投安信,82337,531,70010,20,5
2026-08-12,Y,广发期货,79863,-418,69263,531,6
2026-08-12,Y,瑞达期货,82375,110,65276,-693,7
2026-08-12,Y,南华期货,75563,335,66613,839,8
2026-08-12,Y,招商期货,71954,13,61981,-832,9
2026-08-12,Y,浙商期货,72513,704,59722,-731,10
2026-08-12,Y,光大期货,70363,344,57157,-447,11
2026-08-12,Y,方正中期,68049,1052,56492,406,12
2026-08-12,Y,海通期货,62041,138,58771,-157,13
2026-08-12,Y,申银万国,61625,581,53579,579,14
2026-08-12,Y,华泰期货,59782,798,48552,810,15
2026-08-12,Y,东证期货,57535,376,48873,812,16
2026-08-12,Y,银河期货,53720,596,41591,-676,17
2026-08-12,Y,中信期货,50725,499,41407,-794,18
2026-08-12,Y,国泰君安,50392,-4,40361,-569,19
2026-08-12,Y,永安期货,42677,-354,38306,906,20
2026-08-13,Y,五矿期货,91975,337,84625,-646,1
2026-08-13,Y,新湖期货,85977,-307,78052,192,2
2026-08-13,Y,宏源期货,87589,521,74372,-320,3
2026-08-13,Y,兴证期货,85999,408,74260,-786,4
2026-08-13,Y,国投安信,82893,556,70818,808,5
2026-08-13,Y,广发期货,80573,710,69197,-66,6
2026-08-13,Y,瑞达期货,83222,847,65005,-271,7
2026-08-13,Y,南华期货,75123,-440,65879,-734,8
2026-08-13,Y,招商期货,72007,53,62846,865,9
2026-08-13,Y,浙商期货,72161,-352,60299,577,10
2026-08-13,Y,光大期货,71435,1072,57476,319,11
2026-08-13,Y,方正中期,68439,390,56712,220,12
2026-08-13,Y,海通期货,61604,-437,58148,-623,13
2026-08-13,Y,申银万国,61502,-123,53011,-568,14
2026-08-13,Y,华泰期货,60888,1106,47671,-881,15
2026-08-13,Y,东证期货,58824,1289,49728,855,16
2026-08-13,Y,银河期货,54243,523,41112,-479,17
2026-08-13,Y,中信期货,50499,-226,42443,1036,18
2026-08-13,Y,国泰君安,50878,486,40843,482,19
2026-08-13,Y,永安期货,43475,798,38937,631,20
2026-08-14,Y,五矿期货,91719,-256,85457,832,1
2026-08-14,Y,新湖期货,86356,379,77793,-259,2
2026-08-14,Y,宏源期货,87305,-284,73472,-900,3
2026-08-14,Y,兴证期货,86014,15,73913,-347,4
2026-08-14,Y,国投安信,82433,-460,71533,715,5
2026-08-14,Y,广发期货,81306,733,70064,867,6
2026-08-14,Y,瑞达期货,83441,219,64513,-492,7
2026-08-14,Y,南华期货,75281,158,66448,569,8
2026-08-14,Y,招商期货,72701,694,63226,380,9
2026-08-14,Y,浙商期货,71621,-540,60360,61,10
2026-08-14,Y,光大期货,71191,-244,57391,-85,11
2026-08-14,Y,方正中期,69573,1134,56402,-310,12
2026-08-14,Y,海通期货,61469,-135,58346,198,13
2026-08-14,Y,申银万国,61818,316,52487,-524,14
2026-08-14,Y,华泰期货,61850,962,48562,891,15
2026-08-14,Y,东证期货,59770,946,50050,322,16
2026-08-14,Y,银河期货,55011,768,40752,-360,17
2026-08-14,Y,中信期货,50170,-329,42248,-195,18
2026-08-14,Y,国泰君安,51545,667,40727,-116,19
2026-08-14,Y,永安期货,43289,-186,39913,976,20
2026-08-17,Y,五矿期货,91367,-352,85521,64,1
2026-08-17,Y,新湖期货,87038,682,77083,-710,2
2026-08-17,Y,宏源期货,88380,1075,73551,79,3
2026-08-17,Y,兴证期货,86779,765,74052,139,4
2026-08-17,Y,国投安信,82863,430,71552,19,5
2026-08-17,Y,广发期货,81194,-112,69628,-436,6
2026-08-17,Y,瑞达期货,84016,575,65418,905,7
2026-08-17,Y,南华期货,74822,-459,65621,-827,8
2026-08-17,Y,招商期货,72812,111,62429,-797,9
2026-08-17,Y,浙商期货,72000,379,59777,-583,10
2026-08-17,Y,光大期货,70406,-785,56833,-558,11
2026-08-17,Y,方正中期,69975,402,56360,-42,12
2026-08-17,Y,海通期货,62415,946,59168,822,13
2026-08-17,Y,申银万国,62264,446,53236,749,14
2026-08-17,Y,华泰期货,62889,1039,48537,-25,15
2026-08-17,Y,东证期货,59338,-432,49559,-491,16
2026-08-17,Y,银河期货,55806,795,41376,624,17
2026-08-17,Y,中信期货,51160,990,42975,727,18
2026-08-17,Y,国泰君安,51895,350,41118,391,19
2026-08-17,Y,永安期货,43138,-151,40235,322,20
2026-08-18,Y,五矿期货,91578,211,85823,302,1
2026-08-18,Y,新湖期货,87806,768,77278,195,2
2026-08-18,Y,兴证期货,86066,-713,74921,869,3
2026-08-18,Y,宏源期货,87681,-699,73154,-397,4
2026-08-18,Y,国投安信,82458,-405,70966,-586,5
2026-08-18,Y,广发期货,81891,697,70455,827,6
2026-08-18,Y,瑞达期货,83337,-679,65600,182,7
2026-08-18,Y,南华期货,75525,703,66300,679,8
2026-08-18,Y,招商期货,72768,-44,62302,-127,9
2026-08-18,Y,浙商期货,71485,-515,60461,684,10
2026-08-18,Y,光大期货,71606,1200,56094,-739,11
2026-08-18,Y,方正中期,70567,592,56961,601,12
2026-08-18,Y,海通期货,61682,-733,59891,723,13
2026-08-18,Y,申银万国,61741,-523,52601,-635,14
2026-08-18,Y,华泰期货,63161,272,48094,-443,15
2026-08-18,Y,东证期货,60605,1267,50572,1013,16
2026-08-18,Y,银河期货,57084,1278,41659,283,17
2026-08-18,Y,中信期货,52164,1004,42784,-191,18
2026-08-18,Y,国泰君安,51508,-387,41444,326,19
2026-08-18,Y,永安期货,43917,779,41208,973,20
2026-08-19,Y,五矿期货,90823,-755,85452,-371,1
2026-08-19,Y,新湖期货,87098,-708,76751,-527,2
2026-08-19,Y,兴证期货,86813,747,75599,678,3
2026-08-19,Y,宏源期货,88557,876,73788,634,4
2026-08-19,Y,国投安信,83383,925,71915,949,5
2026-08-19,Y,广发期货,81908,17,71407,952,6
2026-08-19,Y,瑞达期货,82671,-666,66295,695,7
2026-08-19,Y,南华期货,76040,515,66455,155,8
2026-08-19,Y,招商期货,72356,-412,61846,-456,9
2026-08-19,Y,浙商期货,71748,263,60252,-209,10
2026-08-19,Y,方正中期,71220,653,57820,859,11
2026-08-19,Y,光大期货,71578,-28,56520,426,12
2026-08-19,Y,海通期货,62407,725,60429,538,13
2026-08-19,Y,申银万国,61382,-359,53080,479,14
2026-08-19,Y,东证期货,61100,495,50609,37,15
2026-08-19,Y,华泰期货,63086,-75,48554,460,16
2026-08-19,Y,银河期货,57450,366,42567,908,17
2026-08-19,Y,中信期货,53306,1142,42877,93,18
2026-08-19,Y,国泰君安,51900,392,41615,171,19
2026-08-19,Y,永安期货,44907,990,41752,544,20
2026-08-20,Y,五矿期货,91567,744,85225,-227,1
2026-08-20,Y,新湖期货,88236,1138,77012,261,2
2026-08-20,Y,宏源期货,89665,1108,74342,554,3
2026-08-20,Y,兴证期货,86365,-448,76254,655,4
2026-08-20,Y,国投安信,83909,526,72157,242,5
2026-08-20,Y,广发期货,81309,-599,70513,-894,6
2026-08-20,Y,瑞达期货,83476,805,65660,-635,7
2026-08-20,Y,南华期货,77151,1111,67291,836,8
2026-08-20,Y,招商期货,72734,378,62746,900,9
2026-08-20,Y,浙商期货,72743,995,60802,550,10
2026-08-20,Y,方正中期,72140,920,58665,845,11
2026-08-20,Y,光大期货,71121,-457,56010,-510,12
2026-08-20,Y,海通期货,61753,-654,60199,-230,13
2026-08-20,Y,申银万国,60816,-566,53082,2,14
2026-08-20,Y,东证期货,62181,1081,51375,766,15
2026-08-20,Y,华泰期货,63471,385,48270,-284,16
2026-08-20,Y,银河期货,58448,998,42879,312,17
2026-08-20,Y,中信期货,54525,1219,42811,-66,18
2026-08-20,Y,国泰君安,52551,651,40922,-693,19
2026-08-20,Y,永安期货,44855,-52,41375,-377,20
2026-08-21,Y,五矿期货,91201,-366,84607,-618,1
2026-08-21,Y,宏源期货,89184,-481,74900,558,2
2026-08-21,Y,新湖期货,87756,-480,76308,-704,3
2026-08-21,Y,兴证期货,85674,-691,76610,356,4
2026-08-21,Y,国投安信,83416,-493,72031,-126,5
2026-08-21,Y,广发期货,80709,-600,70819,306,6
2026-08-21,Y,瑞达期货,84667,1191,64955,-705,7
2026-08-21,Y,南华期货,77576,425,67374,83,8
2026-08-21,Y,招商期货,72374,-360,63212,466,9
2026-08-21,Y,浙商期货,72915,172,60031,-771,10
2026-08-21,Y,方正中期,73217,1077,57735,-930,11
2026-08-21,Y,光大期货,71511,390,55921,-89,12
2026-08-21,Y,海通期货,62649,896,59661,-538,13
2026-08-21,Y,东证期货,63288,1107,52020,645,14
2026-08-21,Y,申银万国,60142,-674,53395,313,15
2026-08-21,Y,华泰期货,63728,257,47724,-546,16
2026-08-21,Y,银河期货,58345,-103,43357,478,17
2026-08-21,Y,中信期货,54044,-481,42571,-240,18
2026-08-21,Y,国泰君安,52288,-263,41040,118,19
2026-08-21,Y,永安期货,45544,689,40564,-811,20
2026-08-24,Y,五矿期货,91494,293,85223,616,1
2026-08-24,Y,新湖期货,88486,730,77263,955,2
2026-08-24,Y,宏源期货,89096,-88,75315,415,3
2026-08-24,Y,兴证期货,85162,-512,77150,540,4
2026-08-24,Y,国投安信,82691,-725,72005,-26,5
2026-08-24,Y,瑞达期货,85141,474,65492,537,6
2026-08-24,Y,广发期货,80004,-705,70126,-693,7
2026-08-24,Y,南华期货,78656,1080,66804,-570,8
2026-08-24,Y,招商期货,71798,-576,62537,-675,9
2026-08-24,Y,浙商期货,72908,-7,59915,-116,10
2026-08-24,Y,方正中期,73806,589,56977,-758,11
2026-08-24,Y,光大期货,70958,-553,55211,-710,12
2026-08-24,Y,海通期货,63438,789,60248,587,13
2026-08-24,Y,东证期货,64159,871,52512,492,14
2026-08-24,Y,申银万国,59587,-555,53695,300,15
2026-08-24,Y,华泰期货,63223,-505,46893,-831,16
2026-08-24,Y,银河期货,58514,169,43452,95,17
2026-08-24,Y,中信期货,54780,736,43603,1032,18
2026-08-24,Y,国泰君安,53052,764,41122,82,19
2026-08-24,Y,永安期货,45115,-429,41479,915,20
2026-08-25,Y,五矿期货,92321,827,85426,203,1
2026-08-25,Y,新湖期货,88278,-208,76369,-894,2
2026-08-25,Y,宏源期货,88511,-585,74559,-756,3
2026-08-25,Y,兴证期货,84949,-213,76570,-580,4
2026-08-25,Y,国投安信,83466,775,72672,667,5
2026-08-25,Y,广发期货,80804,800,70252,126,6
2026-08-25,Y,瑞达期货,84563,-578,64858,-634,7
2026-08-25,Y,南华期货,79527,871,66481,-323,8
2026-08-25,Y,招商期货,72803,1005,62959,422,9
2026-08-25,Y,浙商期货,73050,142,60307,392,10
2026-08-25,Y,方正中期,74114,308,56064,-913,11
2026-08-25,Y,光大期货,71520,562,54637,-574,12
2026-08-25,Y,海通期货,63338,-100,59734,-514,13
2026-08-25,Y,东证期货,63564,-595,52253,-259,14
2026-08-25,Y,申银万国,59680,93,53533,-162,15
2026-08-25,Y,华泰期货,63604,381,46347,-546,16
2026-08-25,Y,银河期货,59338,824,43030,-422,17
2026-08-25,Y,中信期货,54515,-265,44638,1035,18
2026-08-25,Y,国泰君安,53657,605,41791,669,19
2026-08-25,Y,永安期货,45341,226,41128,-351,20
2026-08-26,Y,五矿期货,93180,859,84925,-501,1
2026-08-26,Y,宏源期货,89240,729,75126,567,2
2026-08-26,Y,新湖期货,88829,551,75431,-938,3
2026-08-26,Y,兴证期货,84294,-655,77289,719,4
2026-08-26,Y,国投安信,84395,929,73351,679,5
2026-08-26,Y,广发期货,81995,1191,70028,-224,6
2026-08-26,Y,瑞达期货,85250,687,64697,-161,7
2026-08-26,Y,南华期货,80471,944,66292,-189,8
2026-08-26,Y,招商期货,72409,-394,63453,494,9
2026-08-26,Y,浙商期货,73945,895,60578,271,10
2026-08-26,Y,方正中期,74093,-21,55387,-677,11
2026-08-26,Y,光大期货,70765,-755,55417,780,12
2026-08-26,Y,海通期货,63769,431,59381,-353,13
2026-08-26,Y,东证期货,62911,-653,52573,320,14
2026-08-26,Y,申银万国,59165,-515,52900,-633,15
2026-08-26,Y,华泰期货,64175,571,46075,-272,16
2026-08-26,Y,银河期货,59358,20,43930,900,17
2026-08-26,Y,中信期货,55125,610,44852,214,18
2026-08-26,Y,国泰君安,53274,-383,42819,1028,19
2026-08-26,Y,永安期货,46069,728,41076,-52,20
2026-08-27,Y,五矿期货,93984,804,84304,-621,1
2026-08-27,Y,新湖期货,89857,1028,76011,580,2
2026-08-27,Y,宏源期货,88981,-259,74339,-787,3
2026-08-27,Y,兴证期货,85237,943,76404,-885,4
2026-08-27,Y,国投安信,83871,-524,72845,-506,5
2026-08-27,Y,广发期货,81998,3,69716,-312,6
2026-08-27,Y,瑞达期货,86021,771,65649,952,7
2026-08-27,Y,南华期货,80786,315,66102,-190,8
2026-08-27,Y,招商期货,72744,335,63181,-272,9
2026-08-27,Y,浙商期货,74023,78,60373,-205,10
2026-08-27,Y,方正中期,73545,-548,54737,-650,11
2026-08-27,Y,光大期货,70539,-226,54867,-550,12
2026-08-27,Y,海通期货,63447,-322,59370,-11,13
2026-08-27,Y,东证期货,63435,524,52729,156,14
2026-08-27,Y,申银万国,59964,799,52159,-741,15
2026-08-27,Y,华泰期货,65071,896,45169,-906,16
2026-08-27,Y,银河期货,60283,925,44492,562,17
2026-08-27,Y,中信期货,55620,495,45213,361,18
2026-08-27,Y,国泰君安,53311,37,42221,-598,19
2026-08-27,Y,永安期货,46864,795,41581,505,20
2026-08-28,Y,五矿期货,93413,-571,84065,-239,1
2026-08-28,Y,新湖期货,90398,541,76916,905,2
2026-08-28,Y,宏源期货,88767,-214,74486,147,3
2026-08-28,Y,兴证期货,84706,-531,77225,821,4
2026-08-28,Y,国投安信,83548,-323,72171,-674,5
2026-08-28,Y,广发期货,82973,975,69985,269,6
2026-08-28,Y,瑞达期货,85276,-745,65553,-96,7
2026-08-28,Y,南华期货,80879,93,66034,-68,8
2026-08-28,Y,招商期货,73928,1184,62415,-766,9
2026-08-28,Y,浙商期货,74705,682,60910,537,10
2026-08-28,Y,方正中期,73981,436,55065,328,11
2026-08-28,Y,光大期货,69874,-665,54834,-33,12
2026-08-28,Y,海通期货,62780,-667,58770,-600,13
2026-08-28,Y,东证期货,63096,-339,52850,121,14
2026-08-28,Y,申银万国,60187,223,51788,-371,15
2026-08-28,Y,华泰期货,64753,-318,45370,201,16
2026-08-28,Y,银河期货,60354,71,44889,397,17
2026-08-28,Y,中信期货,55936,316,44463,-750,18
2026-08-28,Y,国泰君安,53506,195,41613,-608,19
2026-08-28,Y,永安期货,46246,-618,41009,-572,20
2026-08-31,Y,五矿期货,93898,485,83257,-808,1
2026-08-31,Y,新湖期货,91219,821,76607,-309,2
2026-08-31,Y,宏源期货,88843,76,75374,888,3
2026-08-31,Y,兴证期货,84840,134,77039,-186,4
2026-08-31,Y,国投安信,84331,783,72541,370,5
2026-08-31,Y,广发期货,84142,1169,70061,76,6
2026-08-31,Y,瑞达期货,85641,365,66485,932,7
2026-08-31,Y,南华期货,81942,1063,65924,-110,8
2026-08-31,Y,招商期货,73881,-47,63334,919,9
2026-08-31,Y,浙商期货,73949,-756,61231,321,10
2026-08-31,Y,方正中期,73257,-724,54636,-429,11
2026-08-31,Y,光大期货,69204,-670,54149,-685,12
2026-08-31,Y,海通期货,63764,984,58414,-356,13
2026-08-31,Y,东证期货,63719,623,53304,454,14
2026-08-31,Y,申银万国,60833,646,52302,514,15
2026-08-31,Y,华泰期货,63978,-775,44884,-486,16
2026-08-31,Y,银河期货,61483,1129,45430,541,17
2026-08-31,Y,中信期货,57217,1281,45372,909,18
2026-08-31,Y,国泰君安,53160,-346,42448,835,19
2026-08-31,Y,永安期货,46230,-16,40683,-326,20
2026-09-01,Y,五矿期货,94616,718,83940,683,1
2026-09-01,Y,新湖期货,92079,860,77533,926,2
2026-09-01,Y,宏源期货,88477,-366,74488,-886,3
2026-09-01,Y,兴证期货,84301,-539,76178,-861,4
2026-09-01,Y,国投安信,85145,814,72654,113,5
2026-09-01,Y,广发期货,83473,-669,70696,635,6
2026-09-01,Y,瑞达期货,85093,-548,67177,692,7
2026-09-01,Y,南华期货,81242,-700,66120,196,8
2026-09-01,Y,招商期货,73096,-785,62620,-714,9
2026-09-01,Y,浙商期货,74104,155,61180,-51,10
2026-09-01,Y,方正中期,72747,-510,55409,773,11
2026-09-01,Y,光大期货,70073,869,53723,-426,12
2026-09-01,Y,海通期货,64697,933,57691,-723,13
2026-09-01,Y,东证期货,63919,200,54171,867,14
2026-09-01,Y,申银万国,60557,-276,52344,42,15
2026-09-01,Y,华泰期货,63541,-437,44448,-436,16
2026-09-01,Y,银河期货,61574,91,45153,-277,17
2026-09-01,Y,中信期货,57755,538,45898,526,18
2026-09-01,Y,国泰君安,54084,924,42300,-148,19
2026-09-01,Y,永安期货,46319,89,40729,46,20
2026-09-02,Y,五矿期货,93912,-704,83836,-104,1
2026-09-02,Y,新湖期货,91689,-390,77634,101,2
2026-09-02,Y,宏源期货,88636,159,73720,-768,3
2026-09-02,Y,兴证期货,84953,652,75362,-816,4
2026-09-02,Y,国投安信,84576,-569,72415,-239,5
2026-09-02,Y,瑞达期货,86081,988,67711,534,6
2026-09-02,Y,广发期货,83896,423,69818,-878,7
2026-09-02,Y,南华期货,80671,-571,65483,-637,8
2026-09-02,Y,浙商期货,74802,698,61612,432,9
2026-09-02,Y,招商期货,73056,-40,62597,-23,10
2026-09-02,Y,方正中期,71983,-764,55527,118,11
2026-09-02,Y,光大期货,69482,-591,54446,723,12
2026-09-02,Y,海通期货,63994,-703,57865,174,13
2026-09-02,Y,东证期货,65180,1261,53495,-676,14
2026-09-02,Y,申银万国,60634,77,52461,117,15
2026-09-02,Y,华泰期货,63752,211,43839,-609,16
2026-09-02,Y,银河期货,61469,-105,45856,703,17
2026-09-02,Y,中信期货,57555,-200,45243,-655,18
2026-09-02,Y,国泰君安,54334,250,42256,-44,19
2026-09-02,Y,永安期货,46493,174,41003,274,20
2026-09-03,Y,五矿期货,94037,125,83768,-68,1
2026-09-03,Y,新湖期货,92284,595,77421,-213,2
2026-09-03,Y,宏源期货,89606,970,73861,141,3
2026-09-03,Y,兴证期货,84877,-76,75510,148,4
2026-09-03,Y,国投安信,84677,101,71847,-568,5
2026-09-03,Y,瑞达期货,85326,-755,67928,217,6
2026-09-03,Y,广发期货,83508,-388,68928,-890,7
2026-09-03,Y,南华期货,80114,-557,65984,501,8
2026-09-03,Y,浙商期货,74420,-382,62312,700,9
2026-09-03,Y,招商期货,73086,30,62015,-582,10
2026-09-03,Y,方正中期,73146,1163,55151,-376,11
2026-09-03,Y,光大期货,69699,217,54120,-326,12
2026-09-03,Y,海通期货,65190,1196,58011,146,13
2026-09-03,Y,东证期货,64673,-507,52732,-763,14
2026-09-03,Y,申银万国,60433,-201,52260,-201,15
2026-09-03,Y,华泰期货,64627,875,44681,842,16
2026-09-03,Y,银河期货,61268,-201,45676,-180,17
2026-09-03,Y,中信期货,57389,-166,44493,-750,18
2026-09-03,Y,国泰君安,54610,276,42855,599,19
2026-09-03,Y,永安期货,46750,257,40351,-652,20
2026-09-04,Y,五矿期货,93739,-298,84529,761,1
2026-09-04,Y,新湖期货,91625,-659,77555,134,2
2026-09-04,Y,宏源期货,89539,-67,74119,258,3
2026-09-04,Y,兴证期货,84391,-486,74731,-779,4
2026-09-04,Y,国投安信,84781,104,72592,745,5
2026-09-04,Y,瑞达期货,86357,1031,67794,-134,6
2026-09-04,Y,广发期货,84434,926,68883,-45,7
2026-09-04,Y,南华期货,81212,1098,65564,-420,8
2026-09-04,Y,浙商期货,75314,894,63030,718,9
2026-09-04,Y,招商期货,74179,1093,61975,-40,10
2026-09-04,Y,方正中期,72766,-380,55454,303,11
2026-09-04,Y,海通期货,66186,996,58662,651,12
2026-09-04,Y,光大期货,69733,34,53500,-620,13
2026-09-04,Y,东证期货,65152,479,51883,-849,14
2026-09-04,Y,申银万国,61017,584,52965,705,15
2026-09-04,Y,华泰期货,64520,-107,44148,-533,16
2026-09-04,Y,银河期货,61016,-252,45062,-614,17
2026-09-04,Y,中信期货,57939,550,44152,-341,18
2026-09-04,Y,国泰君安,54956,346,42055,-800,19
2026-09-04,Y,永安期货,47520,770,40370,19,20
2026-07-27,P,五矿期货,90850,-596,82247,-408,1
2026-07-27,P,新湖期货,89561,1056,77826,-647,2
2026-07-27,P,宏源期货,86428,959,77229,-68,3
2026-07-27,P,兴证期货,83199,-691,74712,-9,4
2026-07-27,P,国投安信,82986,635,71161,-251,5
2026-07-27,P,瑞达期货,80039,334,70493,289,6
2026-07-27,P,广发期货,76976,-51,67010,-68,7
2026-07-27,P,南华期货,73944,-654,66282,816,8
2026-07-27,P,招商期货,69679,-1,63828,553,9
2026-07-27,P,浙商期货,68081,48,60410,358,10
2026-07-27,P,光大期货,65547,-767,57665,-444,11
2026-07-27,P,方正中期,63188,-442,57766,477,12
2026-07-27,P,海通期货,59786,109,53665,458,13
2026-07-27,P,申银万国,57043,341,51210,233,14
2026-07-27,P,华泰期货,55180,-92,50507,754,15
2026-07-27,P,东证期货,53380,237,47608,1098,16
2026-07-27,P,银河期货,50894,444,46411,912,17
2026-07-27,P,国泰君安,46979,544,43519,930,18
2026-07-27,P,中信期货,44104,427,39170,-161,19
2026-07-27,P,永安期货,40863,-703,39729,884,20
2026-07-28,P,五矿期货,91759,909,82279,32,1
2026-07-28,P,新湖期货,89201,-360,77314,-512,2
2026-07-28,P,宏源期货,87212,784,78244,1015,3
2026-07-28,P,兴证期货,82436,-763,75319,607,4
2026-07-28,P,国投安信,83738,752,70341,-820,5
2026-07-28,P,瑞达期货,80389,350,70556,63,6
2026-07-28,P,广发期货,77943,967,66393,-617,7
2026-07-28,P,南华期货,74237,293,66596,314,8
2026-07-28,P,招商期货,69997,318,63570,-258,9
2026-07-28,P,浙商期货,68552,471,60770,360,10
2026-07-28,P,光大期货,66057,510,57870,205,11
2026-07-28,P,方正中期,62719,-469,58425,659,12
2026-07-28,P,海通期货,59780,-6,53189,-476,13
2026-07-28,P,申银万国,57703,660,51020,-190,14
2026-07-28,P,华泰期货,55981,801,50013,-494,15
2026-07-28,P,东证期货,53108,-272,47315,-293,16
2026-07-28,P,银河期货,51283,389,46186,-225,17
2026-07-28,P,国泰君安,47192,213,43731,212,18
2026-07-28,P,中信期货,45274,1170,38500,-670,19
2026-07-28,P,永安期货,41076,213,39546,-183,20
2026-07-29,P,五矿期货,91615,-144,82830,551,1
2026-07-29,P,宏源期货,88244,1032,79030,786,2
2026-07-29,P,新湖期货,88472,-729,76945,-369,3
2026-07-29,P,兴证期货,83453,1017,75586,267,4
2026-07-29,P,国投安信,84578,840,71338,997,5
2026-07-29,P,瑞达期货,80020,-369,69900,-656,6
2026-07-29,P,广发期货,78395,452,66828,435,7
2026-07-29,P,南华期货,74628,391,67391,795,8
2026-07-29,P,招商期货,70447,450,62776,-794,9
2026-07-29,P,浙商期货,69005,453,61282,512,10
2026-07-29,P,光大期货,66879,822,57344,-526,11
2026-07-29,P,方正中期,62660,-59,57687,-738,12
2026-07-29,P,海通期货,59096,-684,52521,-668,13
2026-07-29,P,申银万国,58532,829,50521,-499,14
2026-07-29,P,华泰期货,56932,951,50270,257,15
2026-07-29,P,东证期货,53271,163,48223,908,16
2026-07-29,P,银河期货,50607,-676,46471,285,17
2026-07-29,P,国泰君安,46850,-342,43917,186,18
2026-07-29,P,中信期货,44779,-495,37783,-717,19
2026-07-29,P,永安期货,42032,956,40128,582,20
2026-07-30,P,五矿期货,92615,1000,82797,-33,1
2026-07-30,P,宏源期货,89087,843,78324,-706,2
2026-07-30,P,新湖期货,89559,1087,77214,269,3
2026-07-30,P,兴证期货,84222,769,76416,830,4
2026-07-30,P,国投安信,84718,140,70550,-788,5
2026-07-30,P,瑞达期货,81020,1000,70404,504,6
2026-07-30,P,广发期货,79470,1075,66571,-257,7
2026-07-30,P,南华期货,75009,381,67744,353,8
2026-07-30,P,招商期货,70647,200,62957,181,9
2026-07-30,P,浙商期货,69601,596,62144,862,10
2026-07-30,P,光大期货,67950,1071,56539,-805,11
2026-07-30,P,方正中期,63758,1098,57747,60,12
2026-07-30,P,海通期货,58425,-671,51842,-679,13
2026-07-30,P,申银万国,57932,-600,51508,987,14
2026-07-30,P,华泰期货,56950,18,51264,994,15
2026-07-30,P,东证期货,54088,817,48650,427,16
2026-07-30,P,银河期货,50860,253,47513,1042,17
2026-07-30,P,国泰君安,47120,270,44366,449,18
2026-07-30,P,永安期货,42689,657,40895,767,19
2026-07-30,P,中信期货,45258,479,38183,400,20
2026-07-31,P,五矿期货,93412,797,83672,875,1
2026-07-31,P,宏源期货,88842,-245,78443,119,2
2026-07-31,P,新湖期货,90024,465,76555,-659,3
2026-07-31,P,兴证期货,84179,-43,76537,121,4
2026-07-31,P,国投安信,84924,206,69795,-755,5
2026-07-31,P,瑞达期货,80172,-848,70085,-319,6
2026-07-31,P,广发期货,78696,-774,67383,812,7
2026-07-31,P,南华期货,75213,204,67247,-497,8
2026-07-31,P,招商期货,71656,1009,62130,-827,9
2026-07-31,P,浙商期货,69466,-135,62190,46,10
2026-07-31,P,光大期货,67951,1,56727,188,11
2026-07-31,P,方正中期,63335,-423,58066,319,12
2026-07-31,P,海通期货,59035,610,52890,1048,13
2026-07-31,P,申银万国,58100,168,51708,200,14
2026-07-31,P,华泰期货,57859,909,51143,-121,15
2026-07-31,P,东证期货,54232,144,49682,1032,16
2026-07-31,P,银河期货,51632,772,46989,-524,17
2026-07-31,P,国泰君安,46623,-497,43925,-441,18
2026-07-31,P,永安期货,43740,1051,40657,-238,19
2026-07-31,P,中信期货,45100,-158,38508,325,20
2026-08-03,P,五矿期货,94417,1005,84558,886,1
2026-08-03,P,宏源期货,89482,640,78396,-47,2
2026-08-03,P,新湖期货,90308,284,77077,522,3
2026-08-03,P,兴证期货,84227,48,77174,637,4
2026-08-03,P,国投安信,85057,133,69253,-542,5
2026-08-03,P,瑞达期货,80418,246,71086,1001,6
2026-08-03,P,广发期货,79169,473,67400,17,7
2026-08-03,P,南华期货,74651,-562,67625,378,8
2026-08-03,P,招商期货,71309,-347,62900,770,9
2026-08-03,P,浙商期货,70239,773,62549,359,10
2026-08-03,P,光大期货,68074,123,57258,531,11
2026-08-03,P,方正中期,63481,146,59040,974,12
2026-08-03,P,海通期货,60048,1013,52363,-527,13
2026-08-03,P,华泰期货,58524,665,51620,477,14
2026-08-03,P,申银万国,58568,468,51030,-678,15
2026-08-03,P,东证期货,54277,45,49099,-583,16
2026-08-03,P,银河期货,51465,-167,47438,449,17
2026-08-03,P,国泰君安,46996,373,43329,-596,18
2026-08-03,P,永安期货,43328,-412,41611,954,19
2026-08-03,P,中信期货,44706,-394,38516,8,20
2026-08-04,P,五矿期货,94997,580,84480,-78,1
2026-08-04,P,宏源期货,89714,232,78689,293,2
2026-08-04,P,新湖期货,89867,-441,76909,-168,3
2026-08-04,P,兴证期货,84982,755,77739,565,4
2026-08-04,P,国投安信,85537,480,70233,980,5
2026-08-04,P,瑞达期货,80516,98,70817,-269,6
2026-08-04,P,广发期货,78777,-392,66912,-488,7
2026-08-04,P,南华期货,74881,230,68090,465,8
2026-08-04,P,招商期货,71421,112,63892,992,9
2026-08-04,P,浙商期货,70213,-26,61789,-760,10
2026-08-04,P,光大期货,67404,-670,57134,-124,11
2026-08-04,P,方正中期,63770,289,59057,17,12
2026-08-04,P,海通期货,59329,-719,53131,768,13
2026-08-04,P,申银万国,59520,952,51798,768,14
2026-08-04,P,华泰期货,57865,-659,51299,-321,15
2026-08-04,P,东证期货,53966,-311,49790,691,16
2026-08-04,P,银河期货,51890,425,47394,-44,17
2026-08-04,P,国泰君安,46763,-233,42647,-682,18
2026-08-04,P,永安期货,43525,197,42202,591,19
2026-08-04,P,中信期货,45227,521,37848,-668,20
2026-08-05,P,五矿期货,94407,-590,83762,-718,1
2026-08-05,P,宏源期货,89358,-356,78766,77,2
2026-08-05,P,新湖期货,90014,147,76698,-211,3
2026-08-05,P,兴证期货,84961,-21,76941,-798,4
2026-08-05,P,国投安信,85179,-358,70635,402,5
2026-08-05,P,瑞达期货,80125,-391,71442,625,6
2026-08-05,P,广发期货,78662,-115,67181,269,7
2026-08-05,P,南华期货,75229,348,68010,-80,8
2026-08-05,P,招商期货,71100,-321,64752,860,9
2026-08-05,P,浙商期货,70750,537,62249,460,10
2026-08-05,P,光大期货,68400,996,57147,13,11
2026-08-05,P,方正中期,64682,912,59445,388,12
2026-08-05,P,海通期货,59739,410,52373,-758,13
2026-08-05,P,申银万国,58992,-528,51547,-251,14
2026-08-05,P,华泰期货,58278,413,51264,-35,15
2026-08-05,P,东证期货,54534,568,50392,602,16
2026-08-05,P,银河期货,52869,979,48272,878,17
2026-08-05,P,国泰君安,47172,409,43511,864,18
2026-08-05,P,永安期货,43470,-55,41651,-551,19
2026-08-05,P,中信期货,46042,815,38020,172,20
2026-08-06,P,五矿期货,94399,-8,83193,-569,1
2026-08-06,P,宏源期货,88924,-434,79173,407,2
2026-08-06,P,新湖期货,89198,-816,77650,952,3
2026-08-06,P,兴证期货,85487,526,77118,177,4
2026-08-06,P,国投安信,85098,-81,70875,240,5
2026-08-06,P,瑞达期货,79769,-356,71686,244,6
2026-08-06,P,广发期货,79356,694,66785,-396,7
2026-08-06,P,南华期货,76295,1066,68776,766,8
2026-08-06,P,招商期货,72181,1081,65077,325,9
2026-08-06,P,浙商期货,69850,-900,62428,179,10
2026-08-06,P,光大期货,68619,219,56553,-594,11
2026-08-06,P,方正中期,64345,-337,59706,261,12
2026-08-06,P,海通期货,60129,390,52355,-18,13
2026-08-06,P,申银万国,58589,-403,52387,840,14
2026-08-06,P,华泰期货,58565,287,51970,706,15
2026-08-06,P,东证期货,54081,-453,50350,-42,16
2026-08-06,P,银河期货,52879,10,47793,-479,17
2026-08-06,P,国泰君安,47084,-88,42950,-561,18
2026-08-06,P,永安期货,43599,129,40904,-747,19
2026-08-06,P,中信期货,45575,-467,38398,378,20
2026-08-07,P,五矿期货,93720,-679,82819,-374,1
2026-08-07,P,宏源期货,89812,888,78741,-432,2
2026-08-07,P,新湖期货,89761,563,77634,-16,3
2026-08-07,P,兴证期货,84921,-566,77948,830,4
2026-08-07,P,国投安信,85508,410,71693,818,5
2026-08-07,P,瑞达期货,80416,647,72064,378,6
2026-08-07,P,广发期货,79188,-168,67289,504,7
2026-08-07,P,南华期货,76879,584,68434,-342,8
2026-08-07,P,招商期货,73116,935,65776,699,9
2026-08-07,P,浙商期货,69181,-669,62779,351,10
2026-08-07,P,光大期货,68158,-461,57402,849,11
2026-08-07,P,方正中期,64059,-286,59007,-699,12
2026-08-07,P,申银万国,58965,376,53243,856,13
2026-08-07,P,海通期货,59358,-771,51687,-668,14
2026-08-07,P,华泰期货,58535,-30,51165,-805,15
2026-08-07,P,东证期货,54480,399,49719,-631,16
2026-08-07,P,银河期货,53010,131,48255,462,17
2026-08-07,P,国泰君安,47845,761,43259,309,18
2026-08-07,P,永安期货,43348,-251,40943,39,19
2026-08-07,P,中信期货,45777,202,37937,-461,20
2026-08-10,P,五矿期货,94151,431,82033,-786,1
2026-08-10,P,宏源期货,90174,362,78090,-651,2
2026-08-10,P,新湖期货,89739,-22,77435,-199,3
2026-08-10,P,兴证期货,84557,-364,77353,-595,4
2026-08-10,P,国投安信,85622,114,71139,-554,5
2026-08-10,P,瑞达期货,81052,636,71832,-232,6
2026-08-10,P,广发期货,80246,1058,67009,-280,7
2026-08-10,P,南华期货,76716,-163,69440,1006,8
2026-08-10,P,招商期货,74079,963,65265,-511,9
2026-08-10,P,浙商期货,69715,534,61973,-806,10
2026-08-10,P,光大期货,68854,696,58251,849,11
2026-08-10,P,方正中期,63979,-80,58837,-170,12
2026-08-10,P,申银万国,58722,-243,53532,289,13
2026-08-10,P,海通期货,59504,146,51030,-657,14
2026-08-10,P,华泰期货,59515,980,50836,-329,15
2026-08-10,P,东证期货,54209,-271,49038,-681,16
2026-08-10,P,银河期货,52929,-81,47867,-388,17
2026-08-10,P,国泰君安,48896,1051,42489,-770,18
2026-08-10,P,中信期货,46470,693,38001,64,19
2026-08-10,P,永安期货,43004,-344,41146,203,20
2026-08-11,P,五矿期货,95025,874,82003,-30,1
2026-08-11,P,宏源期货,90382,208,79098,1008,2
2026-08-11,P,新湖期货,90332,593,76590,-845,3
2026-08-11,P,兴证期货,83742,-815,77622,269,4
2026-08-11,P,国投安信,85841,219,71580,441,5
2026-08-11,P,瑞达期货,81325,273,72524,692,6
2026-08-11,P,广发期货,80563,317,67261,252,7
2026-08-11,P,南华期货,77249,533,69119,-321,8
2026-08-11,P,招商期货,74235,156,64674,-591,9
2026-08-11,P,浙商期货,68948,-767,62704,731,10
2026-08-11,P,光大期货,69861,1007,58931,680,11
2026-08-11,P,方正中期,64915,936,59853,1016,12
2026-08-11,P,申银万国,58784,62,54229,697,13
2026-08-11,P,海通期货,60120,616,51171,141,14
2026-08-11,P,华泰期货,60345,830,50115,-721,15
2026-08-11,P,东证期货,54281,72,49091,53,16
2026-08-11,P,银河期货,53762,833,48258,391,17
2026-08-11,P,国泰君安,48676,-220,41776,-713,18
2026-08-11,P,中信期货,47117,647,37823,-178,19
2026-08-11,P,永安期货,44011,1007,40771,-375,20
2026-08-12,P,五矿期货,95391,366,82278,275,1
2026-08-12,P,宏源期货,91479,1097,79439,341,2
2026-08-12,P,新湖期货,90242,-90,77166,576,3
2026-08-12,P,兴证期货,83351,-391,78203,581,4
2026-08-12,P,国投安信,86589,748,72604,1024,5
2026-08-12,P,瑞达期货,81527,202,72938,414,6
2026-08-12,P,广发期货,80925,362,67769,508,7
2026-08-12,P,南华期货,77467,218,69133,14,8
2026-08-12,P,招商期货,74106,-129,64366,-308,9
2026-08-12,P,浙商期货,68855,-93,63137,433,10
2026-08-12,P,光大期货,69339,-522,59963,1032,11
2026-08-12,P,方正中期,64683,-232,60277,424,12
2026-08-12,P,申银万国,58098,-686,54991,762,13
2026-08-12,P,海通期货,59683,-437,52040,869,14
2026-08-12,P,华泰期货,60503,158,51001,886,15
2026-08-12,P,东证期货,54055,-226,49168,77,16
2026-08-12,P,银河期货,53145,-617,48394,136,17
2026-08-12,P,国泰君安,48094,-582,41562,-214,18
2026-08-12,P,永安期货,44176,165,41707,936,19
2026-08-12,P,中信期货,47465,348,37350,-473,20
2026-08-13,P,五矿期货,94582,-809,82147,-131,1
2026-08-13,P,宏源期货,92006,527,79370,-69,2
2026-08-13,P,新湖期货,91162,920,77738,572,3
2026-08-13,P,兴证期货,83190,-161,77857,-346,4
2026-08-13,P,国投安信,87288,699,72732,128,5
2026-08-13,P,瑞达期货,82357,830,73495,557,6
2026-08-13,P,南华期货,77793,326,69674,541,7
2026-08-13,P,广发期货,80394,-531,67038,-731,8
2026-08-13,P,招商期货,73482,-624,64995,629,9
2026-08-13,P,浙商期货,68209,-646,63543,406,10
2026-08-13,P,光大期货,68539,-800,59339,-624,11
2026-08-13,P,方正中期,65428,745,60778,501,12
2026-08-13,P,申银万国,57894,-204,55345,354,13
2026-08-13,P,海通期货,59317,-366,51832,-208,14
2026-08-13,P,华泰期货,59787,-716,50821,-180,15
2026-08-13,P,东证期货,55102,1047,50173,1005,16
2026-08-13,P,银河期货,53004,-141,49034,640,17
2026-08-13,P,国泰君安,48094,0,41953,391,18
2026-08-13,P,中信期货,48590,1125,37617,267,19
2026-08-13,P,永安期货,44297,121,41575,-132,20
2026-08-14,P,五矿期货,93732,-850,82513,366,1
2026-08-14,P,宏源期货,91882,-124,79514,144,2
2026-08-14,P,新湖期货,90277,-885,76988,-750,3
2026-08-14,P,兴证期货,83517,327,77121,-736,4
2026-08-14,P,国投安信,87059,-229,72644,-88,5
2026-08-14,P,瑞达期货,82643,286,73177,-318,6
2026-08-14,P,南华期货,78219,426,69081,-593,7
2026-08-14,P,广发期货,79698,-696,67242,204,8
2026-08-14,P,招商期货,74580,1098,65597,602,9
2026-08-14,P,浙商期货,67818,-391,63534,-9,10
2026-08-14,P,光大期货,68501,-38,59132,-207,11
2026-08-14,P,方正中期,65336,-92,60352,-426,12
2026-08-14,P,申银万国,58535,641,56074,729,13
2026-08-14,P,海通期货,59554,237,52635,803,14
2026-08-14,P,华泰期货,60107,320,51072,251,15
2026-08-14,P,东证期货,54787,-315,51108,935,16
2026-08-14,P,银河期货,53715,711,48390,-644,17
2026-08-14,P,国泰君安,48179,85,42581,628,18
2026-08-14,P,中信期货,48781,191,37007,-610,19
2026-08-14,P,永安期货,43749,-548,40949,-626,20
2026-08-17,P,五矿期货,94450,718,82299,-214,1
2026-08-17,P,宏源期货,91518,-364,78995,-519,2
2026-08-17,P,新湖期货,89406,-871,77817,829,3
2026-08-17,P,兴证期货,84233,716,77163,42,4
2026-08-17,P,国投安信,86261,-798,72463,-181,5
2026-08-17,P,瑞达期货,82761,118,73167,-10,6
2026-08-17,P,南华期货,78459,240,69487,406,7
2026-08-17,P,广发期货,79688,-10,67275,33,8
2026-08-17,P,招商期货,75196,616,66511,914,9
2026-08-17,P,浙商期货,68526,708,64533,999,10
2026-08-17,P,光大期货,69372,871,58843,-289,11
2026-08-17,P,方正中期,65204,-132,60899,547,12
2026-08-17,P,申银万国,57731,-804,55824,-250,13
2026-08-17,P,海通期货,60539,985,52555,-80,14
2026-08-17,P,华泰期货,59719,-388,50588,-484,15
2026-08-17,P,东证期货,55996,1209,51526,418,16
2026-08-17,P,银河期货,53546,-169,48706,316,17
2026-08-17,P,国泰君安,49051,872,42089,-492,18
2026-08-17,P,中信期货,49173,392,36853,-154,19
2026-08-17,P,永安期货,44312,563,41512,563,20
2026-08-18,P,五矿期货,93817,-633,83198,899,1
2026-08-18,P,宏源期货,91446,-72,79938,943,2
2026-08-18,P,新湖期货,89286,-120,78571,754,3
2026-08-18,P,兴证期货,83861,-372,77949,786,4
2026-08-18,P,国投安信,86963,702,72369,-94,5
2026-08-18,P,瑞达期货,82357,-404,74072,905,6
2026-08-18,P,南华期货,78805,346,68696,-791,7
2026-08-18,P,广发期货,79658,-30,66692,-583,8
2026-08-18,P,招商期货,75333,137,67310,799,9
2026-08-18,P,浙商期货,68019,-507,65283,750,10
2026-08-18,P,光大期货,70447,1075,58445,-398,11
2026-08-18,P,方正中期,65876,672,60702,-197,12
2026-08-18,P,申银万国,57753,22,56576,752,13
2026-08-18,P,海通期货,61590,1051,52336,-219,14
2026-08-18,P,华泰期货,58878,-841,50907,319,15
2026-08-18,P,东证期货,56316,320,52583,1057,16
2026-08-18,P,银河期货,53673,127,48632,-74,17
2026-08-18,P,国泰君安,49274,223,42867,778,18
2026-08-18,P,中信期货,50164,991,36828,-25,19
2026-08-18,P,永安期货,44176,-136,41609,97,20
2026-08-19,P,五矿期货,94261,444,83318,120,1
2026-08-19,P,宏源期货,91422,-24,80893,955,2
2026-08-19,P,新湖期货,89365,79,79142,571,3
2026-08-19,P,兴证期货,84595,734,78024,75,4
2026-08-19,P,国投安信,86433,-530,73079,710,5
2026-08-19,P,瑞达期货,81768,-589,73824,-248,6
2026-08-19,P,南华期货,79657,852,68228,-468,7
2026-08-19,P,广发期货,79000,-658,66200,-492,8
2026-08-19,P,招商期货,75304,-29,66788,-522,9
2026-08-19,P,浙商期货,69027,1008,65815,532,10
2026-08-19,P,光大期货,69565,-882,59017,572,11
2026-08-19,P,方正中期,66871,995,59961,-741,12
2026-08-19,P,申银万国,58089,336,56971,395,13
2026-08-19,P,海通期货,61400,-190,51954,-382,14
2026-08-19,P,华泰期货,59273,395,50741,-166,15
2026-08-19,P,东证期货,55758,-558,52625,42,16
2026-08-19,P,银河期货,53485,-188,47972,-660,17
2026-08-19,P,国泰君安,49183,-91,43531,664,18
2026-08-19,P,中信期货,50961,797,36915,87,19
2026-08-19,P,永安期货,44693,517,41216,-393,20
2026-08-20,P,五矿期货,94418,157,83279,-39,1
2026-08-20,P,宏源期货,90552,-870,80264,-629,2
2026-08-20,P,新湖期货,89436,71,79497,355,3
2026-08-20,P,兴证期货,85547,952,78273,249,4
2026-08-20,P,国投安信,85545,-888,73786,707,5
2026-08-20,P,瑞达期货,81663,-105,73096,-728,6
2026-08-20,P,南华期货,79849,192,69010,782,7
2026-08-20,P,广发期货,79158,158,66659,459,8
2026-08-20,P,招商期货,76363,1059,66452,-336,9
2026-08-20,P,浙商期货,69157,130,66634,819,10
2026-08-20,P,光大期货,70656,1091,59911,894,11
2026-08-20,P,方正中期,66733,-138,60976,1015,12
2026-08-20,P,申银万国,57764,-325,57573,602,13
2026-08-20,P,海通期货,60704,-696,51293,-661,14
2026-08-20,P,华泰期货,58534,-739,50253,-488,15
2026-08-20,P,东证期货,55034,-724,52067,-558,16
2026-08-20,P,银河期货,52842,-643,48001,29,17
2026-08-20,P,国泰君安,49050,-133,44016,485,18
2026-08-20,P,中信期货,50456,-505,37709,794,19
2026-08-20,P,永安期货,44549,-144,41267,51,20
2026-08-21,P,五矿期货,93627,-791,82846,-433,1
2026-08-21,P,宏源期货,91147,595,79641,-623,2
2026-08-21,P,新湖期货,90419,983,78984,-513,3
2026-08-21,P,兴证期货,84802,-745,77724,-549,4
2026-08-21,P,国投安信,86307,762,73806,20,5
2026-08-21,P,瑞达期货,81099,-564,73553,457,6
2026-08-21,P,南华期货,79785,-64,69783,773,7
2026-08-21,P,广发期货,78796,-362,67555,896,8
2026-08-21,P,招商期货,75739,-624,67073,621,9
2026-08-21,P,浙商期货,68816,-341,66697,63,10
2026-08-21,P,光大期货,71662,1006,60703,792,11
2026-08-21,P,方正中期,67670,937,60153,-823,12
2026-08-21,P,申银万国,58792,1028,57456,-117,13
2026-08-21,P,海通期货,60713,9,52051,758,14
2026-08-21,P,华泰期货,58853,319,51210,957,15
2026-08-21,P,东证期货,54608,-426,52480,413,16
2026-08-21,P,银河期货,53853,1011,47393,-608,17
2026-08-21,P,国泰君安,48531,-519,43647,-369,18
2026-08-21,P,中信期货,50688,232,38083,374,19
2026-08-21,P,永安期货,44754,205,41953,686,20
2026-08-24,P,五矿期货,93203,-424,83027,181,1
2026-08-24,P,宏源期货,91622,475,79932,291,2
2026-08-24,P,新湖期货,90941,522,79672,688,3
2026-08-24,P,兴证期货,84163,-639,77126,-598,4
2026-08-24,P,国投安信,85765,-542,73590,-216,5
2026-08-24,P,瑞达期货,82140,1041,73755,202,6
2026-08-24,P,南华期货,80186,401,69278,-505,7
2026-08-24,P,广发期货,78650,-146,67247,-308,8
2026-08-24,P,招商期货,76833,1094,67900,827,9
2026-08-24,P,浙商期货,69050,234,66564,-133,10
2026-08-24,P,光大期货,70860,-802,60797,94,11
2026-08-24,P,方正中期,68311,641,60393,240,12
2026-08-24,P,申银万国,59097,305,58100,644,13
2026-08-24,P,海通期货,60603,-110,52975,924,14
2026-08-24,P,华泰期货,58661,-192,51786,576,15
2026-08-24,P,东证期货,54294,-314,52590,110,16
2026-08-24,P,银河期货,54053,200,47323,-70,17
2026-08-24,P,国泰君安,49306,775,44688,1041,18
2026-08-24,P,中信期货,50376,-312,38819,736,19
2026-08-24,P,永安期货,45056,302,41697,-256,20
2026-08-25,P,五矿期货,93811,608,83674,647,1
2026-08-25,P,宏源期货,92298,676,80182,250,2
2026-08-25,P,新湖期货,91300,359,80389,717,3
2026-08-25,P,兴证期货,84179,16,76860,-266,4
2026-08-25,P,国投安信,85180,-585,74200,610,5
2026-08-25,P,瑞达期货,81526,-614,73301,-454,6
2026-08-25,P,南华期货,81017,831,70230,952,7
2026-08-25,P,招商期货,77714,881,67453,-447,8
2026-08-25,P,广发期货,77907,-743,66625,-622,9
2026-08-25,P,浙商期货,69665,615,66012,-552,10
2026-08-25,P,光大期货,70916,56,60640,-157,11
2026-08-25,P,方正中期,67995,-316,60878,485,12
2026-08-25,P,申银万国,58718,-379,57875,-225,13
2026-08-25,P,海通期货,61039,436,52877,-98,14
2026-08-25,P,华泰期货,59145,484,51815,29,15
2026-08-25,P,东证期货,53610,-684,51884,-706,16
2026-08-25,P,银河期货,55218,1165,47102,-221,17
2026-08-25,P,国泰君安,50158,852,45458,770,18
2026-08-25,P,中信期货,50114,-262,38790,-29,19
2026-08-25,P,永安期货,44940,-116,42726,1029,20
2026-08-26,P,五矿期货,94373,562,82849,-825,1
2026-08-26,P,宏源期货,91547,-751,81170,988,2
2026-08-26,P,新湖期货,91372,72,80263,-126,3
2026-08-26,P,兴证期货,83626,-553,77688,828,4
2026-08-26,P,国投安信,85057,-123,74753,553,5
2026-08-26,P,瑞达期货,81762,236,73554,253,6
2026-08-26,P,南华期货,80179,-838,69772,-458,7
2026-08-26,P,广发期货,78783,876,67480,855,8
2026-08-26,P,招商期货,77816,102,66950,-503,9
2026-08-26,P,浙商期货,70285,620,65502,-510,10
2026-08-26,P,光大期货,71329,413,61179,539,11
2026-08-26,P,方正中期,67696,-299,61349,471,12
2026-08-26,P,申银万国,59382,664,57447,-428,13
2026-08-26,P,海通期货,60636,-403,53387,510,14
2026-08-26,P,华泰期货,59829,684,51780,-35,15
2026-08-26,P,东证期货,53727,117,52959,1075,16
2026-08-26,P,银河期货,54611,-607,47255,153,17
2026-08-26,P,国泰君安,50880,722,46358,900,18
2026-08-26,P,中信期货,51259,1145,39291,501,19
2026-08-26,P,永安期货,45166,226,43353,627,20
2026-08-27,P,五矿期货,93546,-827,83755,906,1
2026-08-27,P,宏源期货,91117,-430,82124,954,2
2026-08-27,P,新湖期货,91097,-275,79437,-826,3
2026-08-27,P,兴证期货,83403,-223,78574,886,4
2026-08-27,P,国投安信,85987,930,74372,-381,5
2026-08-27,P,瑞达期货,81408,-354,73982,428,6
2026-08-27,P,南华期货,80395,216,69952,180,7
2026-08-27,P,广发期货,79582,799,66926,-554,8
2026-08-27,P,招商期货,77581,-235,67572,622,9
2026-08-27,P,浙商期货,71008,723,65122,-380,10
2026-08-27,P,光大期货,71220,-109,61575,396,11
2026-08-27,P,方正中期,67194,-502,60566,-783,12
2026-08-27,P,申银万国,59004,-378,57270,-177,13
2026-08-27,P,海通期货,61199,563,53838,451,14
2026-08-27,P,华泰期货,60622,793,51015,-765,15
2026-08-27,P,东证期货,53739,12,52694,-265,16
2026-08-27,P,银河期货,55073,462,48090,835,17
2026-08-27,P,国泰君安,51834,954,45725,-633,18
2026-08-27,P,中信期货,50603,-656,40161,870,19
2026-08-27,P,永安期货,45727,561,43694,341,20
2026-08-28,P,五矿期货,93741,195,84705,950,1
2026-08-28,P,宏源期货,91908,791,82362,238,2
2026-08-28,P,新湖期货,90627,-470,80265,828,3
2026-08-28,P,兴证期货,83378,-25,77833,-741,4
2026-08-28,P,国投安信,85622,-365,74058,-314,5
2026-08-28,P,瑞达期货,82464,1056,73868,-114,6
2026-08-28,P,南华期货,80015,-380,69622,-330,7
2026-08-28,P,广发期货,80559,977,67448,522,8
2026-08-28,P,招商期货,77033,-548,67293,-279,9
2026-08-28,P,浙商期货,70978,-30,64979,-143,10
2026-08-28,P,光大期货,70457,-763,62450,875,11
2026-08-28,P,方正中期,67347,153,61569,1003,12
2026-08-28,P,申银万国,59006,2,57391,121,13
2026-08-28,P,海通期货,61333,134,53574,-264,14
2026-08-28,P,华泰期货,61509,887,50976,-39,15
2026-08-28,P,东证期货,53100,-639,53388,694,16
2026-08-28,P,银河期货,54505,-568,48374,284,17
2026-08-28,P,国泰君安,52353,519,46471,746,18
2026-08-28,P,中信期货,51256,653,41004,843,19
2026-08-28,P,永安期货,46832,1105,44691,997,20
2026-08-31,P,五矿期货,94115,374,85018,313,1
2026-08-31,P,宏源期货,92111,203,83017,655,2
2026-08-31,P,新湖期货,90517,-110,81061,796,3
2026-08-31,P,兴证期货,83001,-377,78773,940,4
2026-08-31,P,国投安信,85771,149,74561,503,5
2026-08-31,P,瑞达期货,82498,34,74046,178,6
2026-08-31,P,南华期货,80335,320,69024,-598,7
2026-08-31,P,广发期货,79960,-599,67697,249,8
2026-08-31,P,招商期货,76626,-407,67761,468,9
2026-08-31,P,浙商期货,71449,471,64785,-194,10
2026-08-31,P,光大期货,71196,739,63086,636,11
2026-08-31,P,方正中期,67994,647,62583,1014,12
2026-08-31,P,申银万国,58137,-869,57855,464,13
2026-08-31,P,海通期货,61838,505,54057,483,14
2026-08-31,P,华泰期货,61740,231,50345,-631,15
2026-08-31,P,东证期货,53762,662,54224,836,16
2026-08-31,P,银河期货,54170,-335,48526,152,17
2026-08-31,P,国泰君安,52807,454,46969,498,18
2026-08-31,P,永安期货,46792,-40,45330,639,19
2026-08-31,P,中信期货,50611,-645,41207,203,20
2026-09-01,P,五矿期货,95188,1073,84948,-70,1
2026-09-01,P,宏源期货,92703,592,83392,375,2
2026-09-01,P,新湖期货,90723,206,81742,681,3
2026-09-01,P,兴证期货,82284,-717,79688,915,4
2026-09-01,P,国投安信,84945,-826,75370,809,5
2026-09-01,P,瑞达期货,82369,-129,73672,-374,6
2026-09-01,P,南华期货,80355,20,69568,544,7
2026-09-01,P,广发期货,79341,-619,67366,-331,8
2026-09-01,P,招商期货,76287,-339,68630,869,9
2026-09-01,P,浙商期货,71530,81,64149,-636,10
2026-09-01,P,光大期货,70568,-628,63951,865,11
2026-09-01,P,方正中期,68279,285,63172,589,12
2026-09-01,P,海通期货,61582,-256,54192,135,13
2026-09-01,P,申银万国,57361,-776,57631,-224,14
2026-09-01,P,华泰期货,62254,514,50721,376,15
2026-09-01,P,东证期货,54798,1036,55019,795,16
2026-09-01,P,银河期货,53707,-463,49568,1042,17
2026-09-01,P,国泰君安,53080,273,47789,820,18
2026-09-01,P,永安期货,47198,406,45431,101,19
2026-09-01,P,中信期货,51031,420,41517,310,20
2026-09-02,P,五矿期货,96180,992,84199,-749,1
2026-09-02,P,宏源期货,92156,-547,83600,208,2
2026-09-02,P,新湖期货,91598,875,81946,204,3
2026-09-02,P,兴证期货,82544,260,79268,-420,4
2026-09-02,P,国投安信,84366,-579,76325,955,5
2026-09-02,P,瑞达期货,83353,984,74495,823,6
2026-09-02,P,南华期货,80580,225,69741,173,7
2026-09-02,P,招商期货,76710,423,69130,500,8
2026-09-02,P,广发期货,78502,-839,67318,-48,9
2026-09-02,P,光大期货,71290,722,63312,-639,10
2026-09-02,P,浙商期货,70939,-591,63529,-620,11
2026-09-02,P,方正中期,67866,-413,63485,313,12
2026-09-02,P,海通期货,61749,167,53824,-368,13
2026-09-02,P,申银万国,57381,20,57114,-517,14
2026-09-02,P,华泰期货,61817,-437,51084,363,15
2026-09-02,P,东证期货,55158,360,55577,558,16
2026-09-02,P,银河期货,53344,-363,50501,933,17
2026-09-02,P,国泰君安,52570,-510,48871,1082,18
2026-09-02,P,永安期货,47873,675,45178,-253,19
2026-09-02,P,中信期货,50609,-422,41295,-222,20
2026-09-03,P,五矿期货,96665,485,84333,134,1
2026-09-03,P,宏源期货,93033,877,83893,293,2
2026-09-03,P,新湖期货,92581,983,82738,792,3
2026-09-03,P,兴证期货,82866,322,79793,525,4
2026-09-03,P,国投安信,85188,822,76768,443,5
2026-09-03,P,瑞达期货,82514,-839,74685,190,6
2026-09-03,P,南华期货,80457,-123,69125,-616,7
2026-09-03,P,广发期货,77694,-808,68331,1013,8
2026-09-03,P,招商期货,76754,44,69168,38,9
2026-09-03,P,浙商期货,71108,169,63469,-60,10
2026-09-03,P,光大期货,70519,-771,63878,566,11
2026-09-03,P,方正中期,66970,-896,62668,-817,12
2026-09-03,P,海通期货,61208,-541,54794,970,13
2026-09-03,P,申银万国,56860,-521,56735,-379,14
2026-09-03,P,华泰期货,61156,-661,50264,-820,15
2026-09-03,P,东证期货,54469,-689,56478,901,16
2026-09-03,P,银河期货,52862,-482,49979,-522,17
2026-09-03,P,国泰君安,52224,-346,48444,-427,18
2026-09-03,P,永安期货,48550,677,45591,413,19
2026-09-03,P,中信期货,50969,360,42417,1122,20
2026-09-04,P,五矿期货,96892,227,84796,463,1
2026-09-04,P,宏源期货,93736,703,84581,688,2
2026-09-04,P,新湖期货,93250,669,83641,903,3
2026-09-04,P,国投安信,85898,710,76906,138,4
2026-09-04,P,兴证期货,82531,-335,79805,12,5
2026-09-04,P,瑞达期货,83160,646,73932,-753,6
2026-09-04,P,南华期货,80870,413,68449,-676,7
2026-09-04,P,广发期货,78001,307,68526,195,8
2026-09-04,P,招商期货,77184,430,68817,-351,9
2026-09-04,P,光大期货,71457,938,64160,282,10
2026-09-04,P,浙商期货,70800,-308,63272,-197,11
2026-09-04,P,方正中期,67553,583,62299,-369,12
2026-09-04,P,海通期货,60434,-774,55822,1028,13
2026-09-04,P,申银万国,56150,-710,56476,-259,14
2026-09-04,P,华泰期货,61041,-115,51045,781,15
2026-09-04,P,东证期货,54076,-393,56471,-7,16
2026-09-04,P,银河期货,53756,894,49814,-165,17
2026-09-04,P,国泰君安,52565,341,47845,-599,18
2026-09-04,P,永安期货,49234,684,45612,21,19
2026-09-04,P,中信期货,50438,-531,41669,-748,20
2026-07-27,OI,五矿期货,91881,-574,81351,-55,1
2026-07-27,OI,新湖期货,89442,373,79999,-21,2
2026-07-27,OI,宏源期货,87587,262,77460,306,3
2026-07-27,OI,兴证期货,85303,194,76655,636,4
2026-07-27,OI,国投安信,80590,-612,72176,-77,5
2026-07-27,OI,瑞达期货,79102,-298,70560,284,6
2026-07-27,OI,广发期货,77519,222,68892,-436,7
2026-07-27,OI,南华期货,74865,-20,67081,9,8
2026-07-27,OI,招商期货,71236,656,62736,-452,9
2026-07-27,OI,浙商期货,68888,683,62357,300,10
2026-07-27,OI,光大期货,65983,-870,60094,-98,11
2026-07-27,OI,方正中期,64012,170,57858,409,12
2026-07-27,OI,海通期货,60175,61,54550,-765,13
2026-07-27,OI,申银万国,59836,681,52663,416,14
2026-07-27,OI,华泰期货,55280,311,50772,-300,15
2026-07-27,OI,东证期货,53423,1109,48819,1106,16
2026-07-27,OI,银河期货,50577,477,45647,905,17
2026-07-27,OI,国泰君安,48198,-575,43641,46,18
2026-07-27,OI,中信期货,46118,329,41160,-107,19
2026-07-27,OI,永安期货,43340,874,38643,145,20
2026-07-28,OI,五矿期货,91753,-128,80548,-803,1
2026-07-28,OI,新湖期货,89472,30,80985,986,2
2026-07-28,OI,宏源期货,86845,-742,77776,316,3
2026-07-28,OI,兴证期货,85331,28,77533,878,4
2026-07-28,OI,国投安信,80059,-531,72069,-107,5
2026-07-28,OI,瑞达期货,79413,311,70588,28,6
2026-07-28,OI,广发期货,77378,-141,69686,794,7
2026-07-28,OI,南华期货,74710,-155,66293,-788,8
2026-07-28,OI,招商期货,71594,358,62034,-702,9
2026-07-28,OI,浙商期货,68981,93,63107,750,10
2026-07-28,OI,光大期货,66435,452,60556,462,11
2026-07-28,OI,方正中期,64195,183,58404,546,12
2026-07-28,OI,海通期货,59517,-658,54667,117,13
2026-07-28,OI,申银万国,60237,401,52971,308,14
2026-07-28,OI,华泰期货,55445,165,51760,988,15
2026-07-28,OI,东证期货,53785,362,49186,367,16
2026-07-28,OI,银河期货,50902,325,45764,117,17
2026-07-28,OI,国泰君安,48499,301,43350,-291,18
2026-07-28,OI,中信期货,46945,827,40421,-739,19
2026-07-28,OI,永安期货,43802,462,38813,170,20
2026-07-29,OI,五矿期货,92458,705,80642,94,1
2026-07-29,OI,新湖期货,90498,1026,80284,-701,2
2026-07-29,OI,宏源期货,87858,1013,77211,-565,3
2026-07-29,OI,兴证期货,85601,270,77437,-96,4
2026-07-29,OI,国投安信,81091,1032,73056,987,5
2026-07-29,OI,瑞达期货,78524,-889,71296,708,6
2026-07-29,OI,广发期货,77611,233,70586,900,7
2026-07-29,OI,南华期货,74429,-281,65604,-689,8
2026-07-29,OI,招商期货,71472,-122,61214,-820,9
2026-07-29,OI,浙商期货,69868,887,62639,-468,10
2026-07-29,OI,光大期货,66679,244,61407,851,11
2026-07-29,OI,方正中期,64364,169,58736,332,12
2026-07-29,OI,海通期货,60590,1073,55109,442,13
2026-07-29,OI,申银万国,60267,30,53860,889,14
2026-07-29,OI,华泰期货,56109,664,51644,-116,15
2026-07-29,OI,东证期货,54809,1024,49852,666,16
2026-07-29,OI,银河期货,50393,-509,45877,113,17
2026-07-29,OI,国泰君安,47764,-735,42758,-592,18
2026-07-29,OI,中信期货,46649,-296,39910,-511,19
2026-07-29,OI,永安期货,44441,639,39260,447,20
2026-07-30,OI,五矿期货,92450,-8,80337,-305,1
2026-07-30,OI,新湖期货,91523,1025,79716,-568,2
2026-07-30,OI,宏源期货,88170,312,77185,-26,3
2026-07-30,OI,兴证期货,85947,346,78046,609,4
2026-07-30,OI,国投安信,80765,-326,72394,-662,5
2026-07-30,OI,瑞达期货,78753,229,70742,-554,6
2026-07-30,OI,广发期货,78420,809,71056,470,7
2026-07-30,OI,南华期货,74907,478,66386,782,8
2026-07-30,OI,浙商期货,70573,705,61941,-698,9
2026-07-30,OI,招商期货,70769,-703,61473,259,10
2026-07-30,OI,光大期货,67012,333,60935,-472,11
2026-07-30,OI,方正中期,64071,-293,58674,-62,12
2026-07-30,OI,申银万国,60741,474,54541,681,13
2026-07-30,OI,海通期货,59972,-618,55258,149,14
2026-07-30,OI,华泰期货,56655,546,50978,-666,15
2026-07-30,OI,东证期货,54964,155,49677,-175,16
2026-07-30,OI,银河期货,50556,163,46103,226,17
2026-07-30,OI,国泰君安,48973,1209,42229,-529,18
2026-07-30,OI,中信期货,46914,265,39783,-127,19
2026-07-30,OI,永安期货,44400,-41,39177,-83,20
2026-07-31,OI,五矿期货,92585,135,79745,-592,1
2026-07-31,OI,新湖期货,91514,-9,80462,746,2
2026-07-31,OI,兴证期货,86753,806,78906,860,3
2026-07-31,OI,宏源期货,87362,-808,76988,-197,4
2026-07-31,OI,国投安信,80628,-137,72539,145,5
2026-07-31,OI,瑞达期货,79247,494,70493,-249,6
2026-07-31,OI,广发期货,78653,233,70915,-141,7
2026-07-31,OI,南华期货,74222,-685,67222,836,8
2026-07-31,OI,招商期货,71745,976,60893,-580,9
2026-07-31,OI,浙商期货,70423,-150,61636,-305,10
2026-07-31,OI,光大期货,67588,576,61582,647,11
2026-07-31,OI,方正中期,64981,910,58365,-309,12
2026-07-31,OI,海通期货,60877,905,56278,1020,13
2026-07-31,OI,申银万国,61502,761,55139,598,14
2026-07-31,OI,华泰期货,56675,20,50237,-741,15
2026-07-31,OI,东证期货,55387,423,49059,-618,16
2026-07-31,OI,银河期货,50460,-96,46382,279,17
2026-07-31,OI,国泰君安,50124,1151,42436,207,18
2026-07-31,OI,中信期货,46422,-492,40248,465,19
2026-07-31,OI,永安期货,43982,-418,38740,-437,20
2026-08-03,OI,五矿期货,92715,130,79228,-517,1
2026-08-03,OI,新湖期货,91576,62,79975,-487,2
2026-08-03,OI,宏源期货,88197,835,77908,920,3
2026-08-03,OI,兴证期货,86131,-622,78626,-280,4
2026-08-03,OI,国投安信,80160,-468,73383,844,5
2026-08-03,OI,瑞达期货,79287,40,69994,-499,6
2026-08-03,OI,广发期货,78316,-337,70173,-742,7
2026-08-03,OI,南华期货,74022,-200,67211,-11,8
2026-08-03,OI,招商期货,72287,542,61883,990,9
2026-08-03,OI,浙商期货,69972,-451,62681,1045,10
2026-08-03,OI,光大期货,67982,394,61549,-33,11
2026-08-03,OI,方正中期,64182,-799,57644,-721,12
2026-08-03,OI,海通期货,61898,1021,56931,653,13
2026-08-03,OI,申银万国,61778,276,54325,-814,14
2026-08-03,OI,华泰期货,55775,-900,50841,604,15
2026-08-03,OI,东证期货,55624,237,49989,930,16
2026-08-03,OI,银河期货,51461,1001,46363,-19,17
2026-08-03,OI,国泰君安,49602,-522,43395,959,18
2026-08-03,OI,中信期货,46825,403,39767,-481,19
2026-08-03,OI,永安期货,43207,-775,39700,960,20
2026-08-04,OI,新湖期货,90688,-888,80111,136,1
2026-08-04,OI,五矿期货,91949,-766,78498,-730,2
2026-08-04,OI,宏源期货,88878,681,77822,-86,3
2026-08-04,OI,兴证期货,87123,992,79403,777,4
2026-08-04,OI,国投安信,81188,1028,73643,260,5
2026-08-04,OI,瑞达期货,78535,-752,69941,-53,6
2026-08-04,OI,广发期货,77695,-621,70182,9,7
2026-08-04,OI,南华期货,73614,-408,66545,-666,8
2026-08-04,OI,招商期货,72855,568,61959,76,9
2026-08-04,OI,浙商期货,70482,510,62367,-314,10
2026-08-04,OI,光大期货,67456,-526,61028,-521,11
2026-08-04,OI,方正中期,64954,772,57852,208,12
2026-08-04,OI,海通期货,62333,435,57949,1018,13
2026-08-04,OI,申银万国,61872,94,54540,215,14
2026-08-04,OI,华泰期货,54994,-781,50173,-668,15
2026-08-04,OI,东证期货,55417,-207,49229,-760,16
2026-08-04,OI,银河期货,52494,1033,47205,842,17
2026-08-04,OI,国泰君安,50639,1037,44101,706,18
2026-08-04,OI,中信期货,47296,471,39668,-99,19
2026-08-04,OI,永安期货,44310,1103,40076,376,20
2026-08-05,OI,新湖期货,91553,865,80886,775,1
2026-08-05,OI,五矿期货,91951,2,77757,-741,2
2026-08-05,OI,宏源期货,89917,1039,78645,823,3
2026-08-05,OI,兴证期货,86965,-158,79018,-385,4
2026-08-05,OI,国投安信,80377,-811,74316,673,5
2026-08-05,OI,瑞达期货,79165,630,70893,952,6
2026-08-05,OI,广发期货,77670,-25,69497,-685,7
2026-08-05,OI,南华期货,73359,-255,66075,-470,8
2026-08-05,OI,招商期货,73300,445,61285,-674,9
2026-08-05,OI,浙商期货,69805,-677,63188,821,10
2026-08-05,OI,光大期货,68370,914,61831,803,11
2026-08-05,OI,方正中期,65782,828,57951,99,12
2026-08-05,OI,海通期货,62683,350,57463,-486,13
2026-08-05,OI,申银万国,62968,1096,53692,-848,14
2026-08-05,OI,华泰期货,55270,276,50084,-89,15
2026-08-05,OI,东证期货,54824,-593,48696,-533,16
2026-08-05,OI,银河期货,53256,762,46555,-650,17
2026-08-05,OI,国泰君安,51172,533,44760,659,18
2026-08-05,OI,中信期货,48447,1151,40049,381,19
2026-08-05,OI,永安期货,45140,830,40025,-51,20
2026-08-06,OI,新湖期货,92286,733,81198,312,1
2026-08-06,OI,五矿期货,92119,168,77866,109,2
2026-08-06,OI,宏源期货,90339,422,78083,-562,3
2026-08-06,OI,兴证期货,86529,-436,79828,810,4
2026-08-06,OI,国投安信,80908,531,74066,-250,5
2026-08-06,OI,瑞达期货,79721,556,70713,-180,6
2026-08-06,OI,广发期货,77409,-261,69797,300,7
2026-08-06,OI,南华期货,73634,275,66833,758,8
2026-08-06,OI,招商期货,74196,896,61467,182,9
2026-08-06,OI,浙商期货,70243,438,62515,-673,10
2026-08-06,OI,光大期货,68904,534,62680,849,11
2026-08-06,OI,方正中期,65407,-375,58956,1005,12
2026-08-06,OI,海通期货,61792,-891,57603,140,13
2026-08-06,OI,申银万国,63461,493,52872,-820,14
2026-08-06,OI,华泰期货,55585,315,49876,-208,15
2026-08-06,OI,东证期货,55702,878,48807,111,16
2026-08-06,OI,银河期货,53422,166,45930,-625,17
2026-08-06,OI,国泰君安,50481,-691,44057,-703,18
2026-08-06,OI,中信期货,47945,-502,39687,-362,19
2026-08-06,OI,永安期货,46041,901,40421,396,20
2026-08-07,OI,新湖期货,92964,678,81833,635,1
2026-08-07,OI,五矿期货,92803,684,77160,-706,2
2026-08-07,OI,宏源期货,89875,-464,79079,996,3
2026-08-07,OI,兴证期货,86731,202,79147,-681,4
2026-08-07,OI,国投安信,80644,-264,74876,810,5
2026-08-07,OI,瑞达期货,79235,-486,71511,798,6
2026-08-07,OI,广发期货,76798,-611,69918,121,7
2026-08-07,OI,南华期货,73788,154,67878,1045,8
2026-08-07,OI,招商期货,74920,724,62093,626,9
2026-08-07,OI,浙商期货,71307,1064,62943,428,10
2026-08-07,OI,光大期货,69504,600,62010,-670,11
2026-08-07,OI,方正中期,65353,-54,59818,862,12
2026-08-07,OI,海通期货,62460,668,56989,-614,13
2026-08-07,OI,申银万国,63132,-329,52989,117,14
2026-08-07,OI,华泰期货,55903,318,49552,-324,15
2026-08-07,OI,东证期货,55627,-75,48306,-501,16
2026-08-07,OI,银河期货,54398,976,46004,74,17
2026-08-07,OI,国泰君安,50137,-344,45058,1001,18
2026-08-07,OI,中信期货,48302,357,40090,403,19
2026-08-07,OI,永安期货,46107,66,40865,444,20
2026-08-10,OI,新湖期货,93149,185,81106,-727,1
2026-08-10,OI,五矿期货,92733,-70,78075,915,2
2026-08-10,OI,宏源期货,89285,-590,79090,11,3
2026-08-10,OI,兴证期货,87615,884,80177,1030,4
2026-08-10,OI,国投安信,80239,-405,74716,-160,5
2026-08-10,OI,瑞达期货,80139,904,72348,837,6
2026-08-10,OI,广发期货,76971,173,70632,714,7
2026-08-10,OI,南华期货,73784,-4,67552,-326,8
2026-08-10,OI,招商期货,75511,591,61980,-113,9
2026-08-10,OI,浙商期货,72011,704,63712,769,10
2026-08-10,OI,光大期货,69040,-464,62965,955,11
2026-08-10,OI,方正中期,66280,927,59575,-243,12
2026-08-10,OI,海通期货,61700,-760,57098,109,13
2026-08-10,OI,申银万国,63634,502,52514,-475,14
2026-08-10,OI,东证期货,56206,579,48786,480,15
2026-08-10,OI,华泰期货,55828,-75,49156,-396,16
2026-08-10,OI,银河期货,55204,806,46383,379,17
2026-08-10,OI,国泰君安,49671,-466,45008,-50,18
2026-08-10,OI,中信期货,48202,-100,39412,-678,19
2026-08-10,OI,永安期货,45399,-708,40623,-242,20
2026-08-11,OI,新湖期货,93355,206,80353,-753,1
2026-08-11,OI,五矿期货,92510,-223,77909,-166,2
2026-08-11,OI,宏源期货,90258,973,78522,-568,3
2026-08-11,OI,兴证期货,87325,-290,80158,-19,4
2026-08-11,OI,国投安信,81323,1084,75606,890,5
2026-08-11,OI,瑞达期货,81098,959,72789,441,6
2026-08-11,OI,广发期货,77957,986,71415,783,7
2026-08-11,OI,南华期货,73350,-434,67485,-67,8
2026-08-11,OI,招商期货,75262,-249,62768,788,9
2026-08-11,OI,浙商期货,73092,1081,63224,-488,10
2026-08-11,OI,光大期货,69260,220,62736,-229,11
2026-08-11,OI,方正中期,66410,130,59124,-451,12
2026-08-11,OI,海通期货,61413,-287,57357,259,13
2026-08-11,OI,申银万国,63248,-386,53488,974,14
2026-08-11,OI,东证期货,56630,424,49138,352,15
2026-08-11,OI,华泰期货,55376,-452,49775,619,16
2026-08-11,OI,银河期货,55341,137,46009,-374,17
2026-08-11,OI,国泰君安,50417,746,45117,109,18
2026-08-11,OI,中信期货,48313,111,38721,-691,19
2026-08-11,OI,永安期货,45178,-221,40970,347,20
2026-08-12,OI,新湖期货,93743,388,80936,583,1
2026-08-12,OI,五矿期货,92243,-267,78555,646,2
2026-08-12,OI,宏源期货,89445,-813,78682,160,3
2026-08-12,OI,兴证期货,87089,-236,79527,-631,4
2026-08-12,OI,国投安信,82270,947,76324,718,5
2026-08-12,OI,瑞达期货,82116,1018,72621,-168,6
2026-08-12,OI,广发期货,77126,-831,71672,257,7
2026-08-12,OI,南华期货,72469,-881,67851,366,8
2026-08-12,OI,招商期货,75855,593,63606,838,9
2026-08-12,OI,浙商期货,73348,256,62748,-476,10
2026-08-12,OI,光大期货,68686,-574,62307,-429,11
2026-08-12,OI,方正中期,67477,1067,59087,-37,12
2026-08-12,OI,海通期货,60676,-737,57252,-105,13
2026-08-12,OI,申银万国,63035,-213,53359,-129,14
2026-08-12,OI,东证期货,56655,25,49105,-33,15
2026-08-12,OI,华泰期货,55395,19,50194,419,16
2026-08-12,OI,银河期货,56004,663,45341,-668,17
2026-08-12,OI,国泰君安,51535,1118,44913,-204,18
2026-08-12,OI,中信期货,49204,891,38860,139,19
2026-08-12,OI,永安期货,44506,-672,41112,142,20
2026-08-13,OI,新湖期货,93602,-141,81968,1032,1
2026-08-13,OI,五矿期货,91821,-422,78350,-205,2
2026-08-13,OI,宏源期货,90013,568,79103,421,3
2026-08-13,OI,兴证期货,86237,-852,79508,-19,4
2026-08-13,OI,国投安信,81714,-556,76772,448,5
2026-08-13,OI,瑞达期货,82655,539,72133,-488,6
2026-08-13,OI,广发期货,76336,-790,72228,556,7
2026-08-13,OI,南华期货,72965,496,67797,-54,8
2026-08-13,OI,招商期货,76397,542,63667,61,9
2026-08-13,OI,浙商期货,74097,749,62502,-246,10
2026-08-13,OI,光大期货,68077,-609,62129,-178,11
2026-08-13,OI,方正中期,67983,506,58276,-811,12
2026-08-13,OI,海通期货,59970,-706,57632,380,13
2026-08-13,OI,申银万国,64062,1027,53303,-56,14
2026-08-13,OI,华泰期货,56090,695,50383,189,15
2026-08-13,OI,东证期货,56080,-575,49282,177,16
2026-08-13,OI,银河期货,55428,-576,44741,-600,17
2026-08-13,OI,国泰君安,52576,1041,44621,-292,18
2026-08-13,OI,中信期货,49652,448,38298,-562,19
2026-08-13,OI,永安期货,43782,-724,41706,594,20
2026-08-14,OI,新湖期货,93392,-210,81557,-411,1
2026-08-14,OI,五矿期货,92688,867,78973,623,2
2026-08-14,OI,宏源期货,89767,-246,78480,-623,3
2026-08-14,OI,兴证期货,85440,-797,78819,-689,4
2026-08-14,OI,国投安信,82246,532,77804,1032,5
2026-08-14,OI,瑞达期货,83310,655,72946,813,6
2026-08-14,OI,广发期货,77197,861,72233,5,7
2026-08-14,OI,招商期货,77282,885,62938,-729,8
2026-08-14,OI,南华期货,72086,-879,67270,-527,9
2026-08-14,OI,浙商期货,74355,258,62383,-119,10
2026-08-14,OI,光大期货,68802,725,63122,993,11
2026-08-14,OI,方正中期,67725,-258,59033,757,12
2026-08-14,OI,海通期货,59966,-4,58627,995,13
2026-08-14,OI,申银万国,63438,-624,52826,-477,14
2026-08-14,OI,华泰期货,55359,-731,50898,515,15
2026-08-14,OI,东证期货,55301,-779,50340,1058,16
2026-08-14,OI,银河期货,56045,617,44333,-408,17
2026-08-14,OI,国泰君安,53226,650,44021,-600,18
2026-08-14,OI,中信期货,50781,1129,38076,-222,19
2026-08-14,OI,永安期货,44676,894,42819,1113,20
2026-08-17,OI,新湖期货,93942,550,82228,671,1
2026-08-17,OI,五矿期货,92996,308,79503,530,2
2026-08-17,OI,宏源期货,90773,1006,78354,-126,3
2026-08-17,OI,兴证期货,85667,227,78070,-749,4
2026-08-17,OI,国投安信,82295,49,78172,368,5
2026-08-17,OI,瑞达期货,84139,829,72360,-586,6
2026-08-17,OI,广发期货,77739,542,71774,-459,7
2026-08-17,OI,南华期货,72752,666,67327,57,8
2026-08-17,OI,招商期货,77390,108,62292,-646,9
2026-08-17,OI,浙商期货,75412,1057,63242,859,10
2026-08-17,OI,光大期货,68480,-322,62361,-761,11
2026-08-17,OI,方正中期,66890,-835,59080,47,12
2026-08-17,OI,海通期货,60330,364,58472,-155,13
2026-08-17,OI,申银万国,63835,397,53799,973,14
2026-08-17,OI,东证期货,55926,625,50774,434,15
2026-08-17,OI,华泰期货,54990,-369,50949,51,16
2026-08-17,OI,银河期货,56605,560,44968,635,17
2026-08-17,OI,国泰君安,53156,-70,44885,864,18
2026-08-17,OI,中信期货,51857,1076,39105,1029,19
2026-08-17,OI,永安期货,45801,1125,42423,-396,20
2026-08-18,OI,新湖期货,94079,137,82630,402,1
2026-08-18,OI,五矿期货,93526,530,80210,707,2
2026-08-18,OI,宏源期货,90750,-23,77597,-757,3
2026-08-18,OI,兴证期货,86565,898,77659,-411,4
2026-08-18,OI,国投安信,83315,1020,77386,-786,5
2026-08-18,OI,瑞达期货,83952,-187,71768,-592,6
2026-08-18,OI,广发期货,76845,-894,71492,-282,7
2026-08-18,OI,招商期货,77903,513,63279,987,8
2026-08-18,OI,南华期货,73037,285,66719,-608,9
2026-08-18,OI,浙商期货,74536,-876,62808,-434,10
2026-08-18,OI,光大期货,69162,682,62988,627,11
2026-08-18,OI,方正中期,67976,1086,58852,-228,12
2026-08-18,OI,海通期货,60703,373,58064,-408,13
2026-08-18,OI,申银万国,63524,-311,54336,537,14
2026-08-18,OI,东证期货,55280,-646,50102,-672,15
2026-08-18,OI,华泰期货,54109,-881,50903,-46,16
2026-08-18,OI,银河期货,57363,758,45896,928,17
2026-08-18,OI,国泰君安,52848,-308,45479,594,18
2026-08-18,OI,中信期货,51134,-723,40205,1100,19
2026-08-18,OI,永安期货,45770,-31,42971,548,20
2026-08-19,OI,新湖期货,95152,1073,82777,147,1
2026-08-19,OI,五矿期货,93792,266,80542,332,2
2026-08-19,OI,宏源期货,89971,-779,77581,-16,3
2026-08-19,OI,兴证期货,85809,-756,76877,-782,4
2026-08-19,OI,国投安信,83155,-160,77330,-56,5
2026-08-19,OI,瑞达期货,83352,-600,71011,-757,6
2026-08-19,OI,广发期货,77106,261,71339,-153,7
2026-08-19,OI,招商期货,77501,-402,64291,1012,8
2026-08-19,OI,南华期货,72902,-135,67273,554,9
2026-08-19,OI,浙商期货,75192,656,63494,686,10
2026-08-19,OI,光大期货,68997,-165,62846,-142,11
2026-08-19,OI,方正中期,67432,-544,59119,267,12
2026-08-19,OI,海通期货,61065,362,59040,976,13
2026-08-19,OI,申银万国,64427,903,54746,410,14
2026-08-19,OI,华泰期货,54548,439,50742,-161,15
2026-08-19,OI,银河期货,57839,476,46989,1093,16
2026-08-19,OI,东证期货,54692,-588,49785,-317,17
2026-08-19,OI,国泰君安,52682,-166,45992,513,18
2026-08-19,OI,中信期货,50501,-633,40546,341,19
2026-08-19,OI,永安期货,45572,-198,42332,-639,20
2026-08-20,OI,新湖期货,95419,267,83664,887,1
2026-08-20,OI,五矿期货,93483,-309,80320,-222,2
2026-08-20,OI,宏源期货,90427,456,77127,-454,3
2026-08-20,OI,兴证期货,86867,1058,76473,-404,4
2026-08-20,OI,国投安信,83722,567,78302,972,5
2026-08-20,OI,瑞达期货,83845,493,70417,-594,6
2026-08-20,OI,广发期货,76752,-354,71911,572,7
2026-08-20,OI,招商期货,78434,933,63935,-356,8
2026-08-20,OI,南华期货,72982,80,67448,175,9
2026-08-20,OI,浙商期货,75885,693,64068,574,10
2026-08-20,OI,光大期货,68635,-362,62086,-760,11
2026-08-20,OI,方正中期,67431,-1,59246,127,12
2026-08-20,OI,海通期货,60957,-108,59658,618,13
2026-08-20,OI,申银万国,63677,-750,55015,269,14
2026-08-20,OI,银河期货,58990,1151,48090,1101,15
2026-08-20,OI,东证期货,55773,1081,50703,918,16
2026-08-20,OI,华泰期货,54769,221,50012,-730,17
2026-08-20,OI,国泰君安,53071,389,46099,107,18
2026-08-20,OI,中信期货,49760,-741,40590,44,19
2026-08-20,OI,永安期货,44818,-754,42881,549,20
2026-08-21,OI,新湖期货,94735,-684,83754,90,1
2026-08-21,OI,五矿期货,93683,200,79991,-329,2
2026-08-21,OI,宏源期货,89903,-524,76862,-265,3
2026-08-21,OI,兴证期货,87807,940,76424,-49,4
2026-08-21,OI,国投安信,83344,-378,77718,-584,5
2026-08-21,OI,瑞达期货,83722,-123,70208,-209,6
2026-08-21,OI,广发期货,76862,110,71496,-415,7
2026-08-21,OI,招商期货,78246,-188,64781,846,8
2026-08-21,OI,浙商期货,75314,-571,64514,446,9
2026-08-21,OI,南华期货,72104,-878,66747,-701,10
2026-08-21,OI,光大期货,67751,-884,61682,-404,11
2026-08-21,OI,方正中期,67215,-216,59067,-179,12
2026-08-21,OI,海通期货,61790,833,59129,-529,13
2026-08-21,OI,申银万国,64330,653,55901,886,14
2026-08-21,OI,东证期货,55797,24,50938,235,15
2026-08-21,OI,银河期货,58252,-738,47325,-765,16
2026-08-21,OI,华泰期货,54807,38,49934,-78,17
2026-08-21,OI,国泰君安,54056,985,45789,-310,18
2026-08-21,OI,中信期货,50952,1192,40587,-3,19
2026-08-21,OI,永安期货,45227,409,43542,661,20
2026-08-24,OI,新湖期货,95400,665,84011,257,1
2026-08-24,OI,五矿期货,93921,238,81011,1020,2
2026-08-24,OI,宏源期货,89014,-889,77316,454,3
2026-08-24,OI,兴证期货,87636,-171,76074,-350,4
2026-08-24,OI,国投安信,83830,486,76963,-755,5
2026-08-24,OI,瑞达期货,83685,-37,71076,868,6
2026-08-24,OI,广发期货,77795,933,72473,977,7
2026-08-24,OI,招商期货,77411,-835,65101,320,8
2026-08-24,OI,浙商期货,75923,609,65276,762,9
2026-08-24,OI,南华期货,71285,-819,67214,467,10
2026-08-24,OI,光大期货,66993,-758,60863,-819,11
2026-08-24,OI,方正中期,68068,853,58412,-655,12
2026-08-24,OI,申银万国,65046,716,55504,-397,13
2026-08-24,OI,海通期货,61520,-270,58956,-173,14
2026-08-24,OI,东证期货,56455,658,51763,825,15
2026-08-24,OI,银河期货,59411,1159,47727,402,16
2026-08-24,OI,华泰期货,54213,-594,49532,-402,17
2026-08-24,OI,国泰君安,53658,-398,46373,584,18
2026-08-24,OI,中信期货,50297,-655,41102,515,19
2026-08-24,OI,永安期货,44823,-404,43964,422,20
2026-08-25,OI,新湖期货,95658,258,84923,912,1
2026-08-25,OI,五矿期货,93402,-519,80340,-671,2
2026-08-25,OI,宏源期货,88776,-238,78221,905,3
2026-08-25,OI,兴证期货,87848,212,76147,73,4
2026-08-25,OI,国投安信,84069,239,77730,767,5
2026-08-25,OI,瑞达期货,84579,894,71378,302,6
2026-08-25,OI,广发期货,77579,-216,73167,694,7
2026-08-25,OI,招商期货,77196,-215,66142,1041,8
2026-08-25,OI,浙商期货,76858,935,65815,539,9
2026-08-25,OI,南华期货,72252,967,67298,84,10
2026-08-25,OI,方正中期,68430,362,59461,1049,11
2026-08-25,OI,光大期货,66106,-887,60589,-274,12
2026-08-25,OI,海通期货,62247,727,58384,-572,13
2026-08-25,OI,申银万国,65055,9,55104,-400,14
2026-08-25,OI,银河期货,60446,1035,48806,1079,15
2026-08-25,OI,东证期货,55913,-542,51174,-589,16
2026-08-25,OI,华泰期货,54099,-114,49486,-46,17
2026-08-25,OI,国泰君安,52906,-752,45913,-460,18
2026-08-25,OI,中信期货,50035,-262,40829,-273,19
2026-08-25,OI,永安期货,44890,67,44239,275,20
2026-08-26,OI,新湖期货,95016,-642,84075,-848,1
2026-08-26,OI,五矿期货,94360,958,80401,61,2
2026-08-26,OI,宏源期货,89299,523,78591,370,3
2026-08-26,OI,兴证期货,88770,922,75347,-800,4
2026-08-26,OI,国投安信,84115,46,77828,98,5
2026-08-26,OI,瑞达期货,83838,-741,71051,-327,6
2026-08-26,OI,广发期货,77745,166,72699,-468,7
2026-08-26,OI,浙商期货,77769,911,66386,571,8
2026-08-26,OI,招商期货,76585,-611,66229,87,9
2026-08-26,OI,南华期货,72109,-143,67172,-126,10
2026-08-26,OI,方正中期,69336,906,58977,-484,11
2026-08-26,OI,光大期货,66838,732,59756,-833,12
2026-08-26,OI,海通期货,62721,474,59180,796,13
2026-08-26,OI,申银万国,64647,-408,55112,8,14
2026-08-26,OI,银河期货,60304,-142,48379,-427,15
2026-08-26,OI,东证期货,55942,29,50499,-675,16
2026-08-26,OI,华泰期货,53671,-428,50362,876,17
2026-08-26,OI,国泰君安,53705,799,46010,97,18
2026-08-26,OI,中信期货,50764,729,41274,445,19
2026-08-26,OI,永安期货,44460,-430,44684,445,20
2026-08-27,OI,新湖期货,95521,505,83974,-101,1
2026-08-27,OI,五矿期货,94618,258,79744,-657,2
2026-08-27,OI,宏源期货,89879,580,77749,-842,3
2026-08-27,OI,兴证期货,89733,963,75498,151,4
2026-08-27,OI,国投安信,84284,169,78151,323,5
2026-08-27,OI,瑞达期货,84547,709,70455,-596,6
2026-08-27,OI,广发期货,78709,964,72923,224,7
2026-08-27,OI,浙商期货,78354,585,66888,502,8
2026-08-27,OI,招商期货,76035,-550,65517,-712,9
2026-08-27,OI,南华期货,71931,-178,68179,1007,10
2026-08-27,OI,方正中期,68638,-698,59452,475,11
2026-08-27,OI,光大期货,67566,728,60151,395,12
2026-08-27,OI,海通期货,63255,534,58674,-506,13
2026-08-27,OI,申银万国,64134,-513,55145,33,14
2026-08-27,OI,银河期货,59986,-318,49070,691,15
2026-08-27,OI,东证期货,56701,759,50856,357,16
2026-08-27,OI,华泰期货,52783,-888,49882,-480,17
2026-08-27,OI,国泰君安,54649,944,45571,-439,18
2026-08-27,OI,中信期货,51624,860,41209,-65,19
2026-08-27,OI,永安期货,43914,-546,44100,-584,20
2026-08-28,OI,新湖期货,95105,-416,84104,130,1
2026-08-28,OI,五矿期货,94813,195,80461,717,2
2026-08-28,OI,宏源期货,89674,-205,78777,1028,3
2026-08-28,OI,兴证期货,90369,636,76231,733,4
2026-08-28,OI,国投安信,84835,551,77404,-747,5
2026-08-28,OI,瑞达期货,84705,158,69696,-759,6
2026-08-28,OI,广发期货,78590,-119,73211,288,7
2026-08-28,OI,浙商期货,78867,513,67001,113,8
2026-08-28,OI,招商期货,75477,-558,66108,591,9
2026-08-28,OI,南华期货,72445,514,67521,-658,10
2026-08-28,OI,光大期货,68201,635,60250,99,11
2026-08-28,OI,方正中期,68378,-260,59767,315,12
2026-08-28,OI,海通期货,63560,305,59627,953,13
2026-08-28,OI,申银万国,63401,-733,55790,645,14
2026-08-28,OI,银河期货,59639,-347,49396,326,15
2026-08-28,OI,东证期货,56681,-20,50766,-90,16
2026-08-28,OI,华泰期货,53009,226,50159,277,17
2026-08-28,OI,国泰君安,54899,250,45695,124,18
2026-08-28,OI,中信期货,52426,802,40668,-541,19
2026-08-28,OI,永安期货,44022,108,43547,-553,20
2026-08-31,OI,新湖期货,94568,-537,84382,278,1
2026-08-31,OI,五矿期货,94350,-463,80870,409,2
2026-08-31,OI,宏源期货,88776,-898,78037,-740,3
2026-08-31,OI,兴证期货,90445,76,75713,-518,4
2026-08-31,OI,国投安信,85414,579,78098,694,5
2026-08-31,OI,瑞达期货,84087,-618,69190,-506,6
2026-08-31,OI,广发期货,77886,-704,73413,202,7
2026-08-31,OI,浙商期货,79936,1069,67957,956,8
2026-08-31,OI,招商期货,75213,-264,67032,924,9
2026-08-31,OI,南华期货,71654,-791,68017,496,10
2026-08-31,OI,方正中期,69123,745,59959,192,11
2026-08-31,OI,光大期货,67866,-335,60079,-171,12
2026-08-31,OI,海通期货,64501,941,59130,-497,13
2026-08-31,OI,申银万国,63692,291,55922,132,14
2026-08-31,OI,银河期货,59980,341,49394,-2,15
2026-08-31,OI,东证期货,57147,466,50312,-454,16
2026-08-31,OI,华泰期货,53150,141,51169,1010,17
2026-08-31,OI,国泰君安,54561,-338,45062,-633,18
2026-08-31,OI,中信期货,52882,456,41655,987,19
2026-08-31,OI,永安期货,44897,875,44209,662,20
2026-09-01,OI,新湖期货,95046,478,83791,-591,1
2026-09-01,OI,五矿期货,94956,606,81304,434,2
2026-09-01,OI,宏源期货,89311,535,77207,-830,3
2026-09-01,OI,兴证期货,91000,555,75264,-449,4
2026-09-01,OI,国投安信,85696,282,78481,383,5
2026-09-01,OI,瑞达期货,84050,-37,69077,-113,6
2026-09-01,OI,广发期货,77210,-676,72698,-715,7
2026-09-01,OI,浙商期货,79305,-631,69000,1043,8
2026-09-01,OI,招商期货,75847,634,67943,911,9
2026-09-01,OI,南华期货,71828,174,68698,681,10
2026-09-01,OI,方正中期,68793,-330,60450,491,11
2026-09-01,OI,光大期货,67398,-468,60726,647,12
2026-09-01,OI,海通期货,64171,-330,59277,147,13
2026-09-01,OI,申银万国,62973,-719,55640,-282,14
2026-09-01,OI,银河期货,59668,-312,48901,-493,15
2026-09-01,OI,东证期货,57723,576,49860,-452,16
2026-09-01,OI,华泰期货,52371,-779,50835,-334,17
2026-09-01,OI,国泰君安,55678,1117,46009,947,18
2026-09-01,OI,中信期货,52363,-519,42165,510,19
2026-09-01,OI,永安期货,44720,-177,44538,329,20
2026-09-02,OI,新湖期货,95001,-45,83628,-163,1
2026-09-02,OI,五矿期货,95871,915,80550,-754,2
2026-09-02,OI,兴证期货,91655,655,74681,-583,3
2026-09-02,OI,宏源期货,89441,130,76548,-659,4
2026-09-02,OI,国投安信,86636,940,79221,740,5
2026-09-02,OI,瑞达期货,83547,-503,68311,-766,6
2026-09-02,OI,广发期货,77073,-137,73318,620,7
2026-09-02,OI,浙商期货,80146,841,68410,-590,8
2026-09-02,OI,招商期货,76371,524,68886,943,9
2026-09-02,OI,南华期货,71139,-689,68347,-351,10
2026-09-02,OI,方正中期,69361,568,60498,48,11
2026-09-02,OI,光大期货,67517,119,60611,-115,12
2026-09-02,OI,海通期货,63539,-632,58694,-583,13
2026-09-02,OI,申银万国,62521,-452,56535,895,14
2026-09-02,OI,东证期货,58862,1139,50553,693,15
2026-09-02,OI,银河期货,58991,-677,48698,-203,16
2026-09-02,OI,华泰期货,52896,525,50290,-545,17
2026-09-02,OI,国泰君安,56196,518,45664,-345,18
2026-09-02,OI,中信期货,51844,-519,41468,-697,19
2026-09-02,OI,永安期货,45444,724,43794,-744,20
2026-09-03,OI,新湖期货,95910,909,84442,814,1
2026-09-03,OI,五矿期货,96375,504,81220,670,2
2026-09-03,OI,宏源期货,89392,-49,77096,548,3
2026-09-03,OI,兴证期货,91980,325,74014,-667,4
2026-09-03,OI,国投安信,87070,434,78702,-519,5
2026-09-03,OI,瑞达期货,84047,500,67507,-804,6
2026-09-03,OI,广发期货,77745,672,72613,-705,7
2026-09-03,OI,浙商期货,80443,297,67756,-654,8
2026-09-03,OI,招商期货,76722,351,69136,250,9
2026-09-03,OI,南华期货,70698,-441,67767,-580,10
2026-09-03,OI,方正中期,69402,41,60376,-122,11
2026-09-03,OI,光大期货,67431,-86,61610,999,12
2026-09-03,OI,海通期货,63540,1,58779,85,13
2026-09-03,OI,申银万国,62093,-428,57381,846,14
2026-09-03,OI,东证期货,58787,-75,51247,694,15
2026-09-03,OI,银河期货,59900,909,48045,-653,16
2026-09-03,OI,华泰期货,53620,724,50658,368,17
2026-09-03,OI,国泰君安,55421,-775,46291,627,18
2026-09-03,OI,中信期货,51874,30,41101,-367,19
2026-09-03,OI,永安期货,45497,53,43543,-251,20
2026-09-04,OI,新湖期货,96788,878,84007,-435,1
2026-09-04,OI,五矿期货,97397,1022,80612,-608,2
2026-09-04,OI,宏源期货,88658,-734,77887,791,3
2026-09-04,OI,兴证期货,91388,-592,74326,312,4
2026-09-04,OI,国投安信,86972,-98,78184,-518,5
2026-09-04,OI,瑞达期货,84416,369,67449,-58,6
2026-09-04,OI,广发期货,77410,-335,71899,-714,7
2026-09-04,OI,浙商期货,80050,-393,68630,874,8
2026-09-04,OI,招商期货,77799,1077,69805,669,9
2026-09-04,OI,南华期货,70906,208,68598,831,10
2026-09-04,OI,方正中期,70435,1033,61134,758,11
2026-09-04,OI,光大期货,66590,-841,61299,-311,12
2026-09-04,OI,海通期货,63086,-454,58173,-606,13
2026-09-04,OI,申银万国,63150,1057,57618,237,14
2026-09-04,OI,东证期货,59942,1155,50802,-445,15
2026-09-04,OI,银河期货,59203,-697,49037,992,16
2026-09-04,OI,华泰期货,53912,292,51342,684,17
2026-09-04,OI,国泰君安,56412,991,46766,475,18
2026-09-04,OI,中信期货,51705,-169,41105,4,19
2026-09-04,OI,永安期货,44868,-629,43734,191,20
2026-07-27,RM,五矿期货,93589,151,84196,453,1
2026-07-27,RM,新湖期货,91162,154,80825,891,2
2026-07-27,RM,宏源期货,88631,-693,79847,540,3
2026-07-27,RM,兴证期货,85651,479,75679,-541,4
2026-07-27,RM,国投安信,82360,-244,73949,-305,5
2026-07-27,RM,瑞达期货,81203,236,72877,574,6
2026-07-27,RM,广发期货,77774,1026,70696,490,7
2026-07-27,RM,南华期货,75656,613,67183,-147,8
2026-07-27,RM,招商期货,73624,983,65822,847,9
2026-07-27,RM,浙商期货,70743,462,61178,-569,10
2026-07-27,RM,光大期货,68521,709,60673,-9,11
2026-07-27,RM,方正中期,63567,-377,58590,-407,12
2026-07-27,RM,海通期货,63696,1083,54676,-550,13
2026-07-27,RM,申银万国,59250,-719,53012,-245,14
2026-07-27,RM,华泰期货,58494,808,49556,-610,15
2026-07-27,RM,东证期货,55018,108,50346,1036,16
2026-07-27,RM,银河期货,52271,9,46414,-495,17
2026-07-27,RM,国泰君安,49181,953,44177,-425,18
2026-07-27,RM,中信期货,45065,-392,42347,-505,19
2026-07-27,RM,永安期货,44081,-438,40653,159,20
2026-07-28,RM,五矿期货,94666,1077,83922,-274,1
2026-07-28,RM,新湖期货,90536,-626,81449,624,2
2026-07-28,RM,宏源期货,88221,-410,80814,967,3
2026-07-28,RM,兴证期货,85444,-207,76477,798,4
2026-07-28,RM,国投安信,81871,-489,74245,296,5
2026-07-28,RM,瑞达期货,80842,-361,72478,-399,6
2026-07-28,RM,广发期货,78272,498,70624,-72,7
2026-07-28,RM,南华期货,75986,330,67502,319,8
2026-07-28,RM,招商期货,72897,-727,66319,497,9
2026-07-28,RM,浙商期货,71523,780,61784,606,10
2026-07-28,RM,光大期货,68258,-263,61681,1008,11
2026-07-28,RM,方正中期,63158,-409,59223,633,12
2026-07-28,RM,海通期货,63098,-598,55135,459,13
2026-07-28,RM,申银万国,60255,1005,52996,-16,14
2026-07-28,RM,华泰期货,59109,615,49981,425,15
2026-07-28,RM,东证期货,55503,485,49776,-570,16
2026-07-28,RM,银河期货,53437,1166,47051,637,17
2026-07-28,RM,国泰君安,49410,229,44623,446,18
2026-07-28,RM,中信期货,45378,313,43082,735,19
2026-07-28,RM,永安期货,45116,1035,39963,-690,20
2026-07-29,RM,五矿期货,94722,56,84666,744,1
2026-07-29,RM,新湖期货,90393,-143,82367,918,2
2026-07-29,RM,宏源期货,88793,572,80510,-304,3
2026-07-29,RM,兴证期货,84601,-843,76392,-85,4
2026-07-29,RM,国投安信,81993,122,74225,-20,5
2026-07-29,RM,瑞达期货,81311,469,72711,233,6
2026-07-29,RM,广发期货,78121,-151,71511,887,7
2026-07-29,RM,南华期货,76532,546,68360,858,8
2026-07-29,RM,招商期货,72155,-742,65630,-689,9
2026-07-29,RM,浙商期货,72035,512,61427,-357,10
2026-07-29,RM,光大期货,67429,-829,62487,806,11
2026-07-29,RM,方正中期,64202,1044,60042,819,12
2026-07-29,RM,海通期货,64142,1044,54699,-436,13
2026-07-29,RM,申银万国,59857,-398,52679,-317,14
2026-07-29,RM,华泰期货,58692,-417,49591,-390,15
2026-07-29,RM,东证期货,55469,-34,50094,318,16
2026-07-29,RM,银河期货,54022,585,46398,-653,17
2026-07-29,RM,国泰君安,50450,1040,44601,-22,18
2026-07-29,RM,中信期货,46592,1214,42694,-388,19
2026-07-29,RM,永安期货,46275,1159,40136,173,20
2026-07-30,RM,五矿期货,95039,317,85407,741,1
2026-07-30,RM,新湖期货,91400,1007,83008,641,2
2026-07-30,RM,宏源期货,88697,-96,80451,-59,3
2026-07-30,RM,兴证期货,85456,855,76096,-296,4
2026-07-30,RM,国投安信,82248,255,74342,117,5
2026-07-30,RM,瑞达期货,81305,-6,72620,-91,6
2026-07-30,RM,广发期货,77959,-162,71152,-359,7
2026-07-30,RM,南华期货,76319,-213,67918,-442,8
2026-07-30,RM,招商期货,73131,976,66081,451,9
2026-07-30,RM,浙商期货,73065,1030,62423,996,10
2026-07-30,RM,光大期货,68007,578,63218,731,11
2026-07-30,RM,方正中期,64935,733,59741,-301,12
2026-07-30,RM,海通期货,65074,932,55324,625,13
2026-07-30,RM,申银万国,60158,301,53287,608,14
2026-07-30,RM,华泰期货,58720,28,49563,-28,15
2026-07-30,RM,东证期货,55366,-103,50954,860,16
2026-07-30,RM,银河期货,53792,-230,46650,252,17
2026-07-30,RM,国泰君安,50824,374,45213,612,18
2026-07-30,RM,中信期货,47688,1096,43336,642,19
2026-07-30,RM,永安期货,46985,710,40165,29,20
2026-07-31,RM,五矿期货,95749,710,85317,-90,1
2026-07-31,RM,新湖期货,90792,-608,82819,-189,2
2026-07-31,RM,宏源期货,88614,-83,80821,370,3
2026-07-31,RM,兴证期货,84935,-521,76803,707,4
2026-07-31,RM,国投安信,83016,768,74191,-151,5
2026-07-31,RM,瑞达期货,81445,140,71949,-671,6
2026-07-31,RM,广发期货,78937,978,70929,-223,7
2026-07-31,RM,南华期货,77337,1018,68334,416,8
2026-07-31,RM,招商期货,74126,995,66948,867,9
2026-07-31,RM,浙商期货,73337,272,62253,-170,10
2026-07-31,RM,光大期货,68967,960,62384,-834,11
2026-07-31,RM,方正中期,65131,196,60319,578,12
2026-07-31,RM,海通期货,64931,-143,54519,-805,13
2026-07-31,RM,申银万国,59960,-198,53021,-266,14
2026-07-31,RM,华泰期货,57981,-739,49075,-488,15
2026-07-31,RM,东证期货,55160,-206,50443,-511,16
2026-07-31,RM,银河期货,53439,-353,47735,1085,17
2026-07-31,RM,国泰君安,50174,-650,45325,112,18
2026-07-31,RM,中信期货,48878,1190,44218,882,19
2026-07-31,RM,永安期货,47234,249,40177,12,20
2026-08-03,RM,五矿期货,96686,937,84789,-528,1
2026-08-03,RM,新湖期货,90399,-393,83592,773,2
2026-08-03,RM,宏源期货,88909,295,80371,-450,3
2026-08-03,RM,兴证期货,85367,432,77068,265,4
2026-08-03,RM,国投安信,83483,467,73883,-308,5
2026-08-03,RM,瑞达期货,81130,-315,71206,-743,6
2026-08-03,RM,广发期货,79948,1011,71745,816,7
2026-08-03,RM,南华期货,77225,-112,67734,-600,8
2026-08-03,RM,招商期货,73770,-356,66469,-479,9
2026-08-03,RM,浙商期货,73642,305,61646,-607,10
2026-08-03,RM,光大期货,69658,691,63003,619,11
2026-08-03,RM,方正中期,64721,-410,60222,-97,12
2026-08-03,RM,海通期货,64596,-335,53948,-571,13
2026-08-03,RM,申银万国,59988,28,53952,931,14
2026-08-03,RM,东证期货,56127,967,51562,1119,15
2026-08-03,RM,华泰期货,57571,-410,48252,-823,16
2026-08-03,RM,银河期货,53031,-408,47196,-539,17
2026-08-03,RM,国泰君安,51123,949,45469,144,18
2026-08-03,RM,中信期货,48911,33,44066,-152,19
2026-08-03,RM,永安期货,47633,399,40187,10,20
2026-08-04,RM,五矿期货,97669,983,84281,-508,1
2026-08-04,RM,新湖期货,91182,783,83471,-121,2
2026-08-04,RM,宏源期货,89934,1025,80608,237,3
2026-08-04,RM,兴证期货,84716,-651,77233,165,4
2026-08-04,RM,国投安信,83988,505,74529,646,5
2026-08-04,RM,瑞达期货,81323,193,71678,472,6
2026-08-04,RM,广发期货,79085,-863,70956,-789,7
2026-08-04,RM,南华期货,77719,494,68734,1000,8
2026-08-04,RM,招商期货,74838,1068,67477,1008,9
2026-08-04,RM,浙商期货,73204,-438,61009,-637,10
2026-08-04,RM,光大期货,70335,677,63090,87,11
2026-08-04,RM,方正中期,64271,-450,60719,497,12
2026-08-04,RM,海通期货,64856,260,53943,-5,13
2026-08-04,RM,申银万国,59202,-786,54029,77,14
2026-08-04,RM,东证期货,55979,-148,51229,-333,15
2026-08-04,RM,华泰期货,58142,571,49060,808,16
2026-08-04,RM,银河期货,52899,-132,48240,1044,17
2026-08-04,RM,国泰君安,50959,-164,46289,820,18
2026-08-04,RM,中信期货,49803,892,43534,-532,19
2026-08-04,RM,永安期货,48780,1147,40267,80,20
2026-08-05,RM,五矿期货,97787,118,83828,-453,1
2026-08-05,RM,新湖期货,90381,-801,82851,-620,2
2026-08-05,RM,宏源期货,90424,490,80778,170,3
2026-08-05,RM,兴证期货,85148,432,78206,973,4
2026-08-05,RM,国投安信,84816,828,75072,543,5
2026-08-05,RM,瑞达期货,80954,-369,71374,-304,6
2026-08-05,RM,广发期货,79818,733,71049,93,7
2026-08-05,RM,南华期货,78674,955,68919,185,8
2026-08-05,RM,招商期货,74824,-14,68448,971,9
2026-08-05,RM,浙商期货,74139,935,60519,-490,10
2026-08-05,RM,光大期货,70007,-328,63753,663,11
2026-08-05,RM,方正中期,65356,1085,61216,497,12
2026-08-05,RM,海通期货,64698,-158,54763,820,13
2026-08-05,RM,申银万国,58622,-580,53607,-422,14
2026-08-05,RM,东证期货,57075,1096,51599,370,15
2026-08-05,RM,华泰期货,57817,-325,48861,-199,16
2026-08-05,RM,银河期货,53033,134,47659,-581,17
2026-08-05,RM,国泰君安,51673,714,46643,354,18
2026-08-05,RM,中信期货,49185,-618,43518,-16,19
2026-08-05,RM,永安期货,48290,-490,39743,-524,20
2026-08-06,RM,五矿期货,98581,794,83073,-755,1
2026-08-06,RM,新湖期货,89607,-774,83323,472,2
2026-08-06,RM,宏源期货,90094,-330,81793,1015,3
2026-08-06,RM,兴证期货,84254,-894,77584,-622,4
2026-08-06,RM,国投安信,84315,-501,75180,108,5
2026-08-06,RM,瑞达期货,80886,-68,70909,-465,6
2026-08-06,RM,广发期货,80314,496,70862,-187,7
2026-08-06,RM,南华期货,78654,-20,68888,-31,8
2026-08-06,RM,招商期货,74194,-630,68780,332,9
2026-08-06,RM,浙商期货,74186,47,60596,77,10
2026-08-06,RM,光大期货,70960,953,63813,60,11
2026-08-06,RM,方正中期,64758,-598,60821,-395,12
2026-08-06,RM,海通期货,65317,619,55593,830,13
2026-08-06,RM,申银万国,58421,-201,54549,942,14
2026-08-06,RM,东证期货,57711,636,51912,313,15
2026-08-06,RM,华泰期货,57758,-59,49642,781,16
2026-08-06,RM,银河期货,53638,605,46940,-719,17
2026-08-06,RM,国泰君安,52805,1132,47543,900,18
2026-08-06,RM,中信期货,50186,1001,44075,557,19
2026-08-06,RM,永安期货,48826,536,39308,-435,20
2026-08-07,RM,五矿期货,97926,-655,83094,21,1
2026-08-07,RM,新湖期货,90643,1036,82872,-451,2
2026-08-07,RM,宏源期货,90550,456,82677,884,3
2026-08-07,RM,兴证期货,84008,-246,77682,98,4
2026-08-07,RM,国投安信,84048,-267,74711,-469,5
2026-08-07,RM,广发期货,79778,-536,71505,643,6
2026-08-07,RM,瑞达期货,80248,-638,70193,-716,7
2026-08-07,RM,南华期货,79507,853,69435,547,8
2026-08-07,RM,招商期货,73605,-589,68920,140,9
2026-08-07,RM,浙商期货,73337,-849,61631,1035,10
2026-08-07,RM,光大期货,70153,-807,63037,-776,11
2026-08-07,RM,方正中期,64921,163,61319,498,12
2026-08-07,RM,海通期货,65083,-234,56072,479,13
2026-08-07,RM,申银万国,59420,999,54451,-98,14
2026-08-07,RM,东证期货,57830,119,52241,329,15
2026-08-07,RM,华泰期货,56986,-772,48842,-800,16
2026-08-07,RM,国泰君安,52756,-49,48442,899,17
2026-08-07,RM,银河期货,53170,-468,47836,896,18
2026-08-07,RM,中信期货,50694,508,44739,664,19
2026-08-07,RM,永安期货,49940,1114,40101,793,20
2026-08-10,RM,五矿期货,97080,-846,83474,380,1
2026-08-10,RM,新湖期货,91599,956,83498,626,2
2026-08-10,RM,宏源期货,90450,-100,82187,-490,3
2026-08-10,RM,兴证期货,84169,161,78420,738,4
2026-08-10,RM,国投安信,84600,552,74176,-535,5
2026-08-10,RM,广发期货,79652,-126,71929,424,6
2026-08-10,RM,瑞达期货,80056,-192,70061,-132,7
2026-08-10,RM,南华期货,78856,-651,68990,-445,8
2026-08-10,RM,招商期货,72776,-829,68476,-444,9
2026-08-10,RM,浙商期货,72773,-564,62641,1010,10
2026-08-10,RM,光大期货,69430,-723,63199,162,11
2026-08-10,RM,方正中期,65306,385,61890,571,12
2026-08-10,RM,海通期货,65266,183,56872,800,13
2026-08-10,RM,申银万国,60082,662,54416,-35,14
2026-08-10,RM,东证期货,57302,-528,53046,805,15
2026-08-10,RM,华泰期货,57967,981,48437,-405,16
2026-08-10,RM,国泰君安,53957,1201,48846,404,17
2026-08-10,RM,银河期货,53807,637,48687,851,18
2026-08-10,RM,中信期货,50530,-164,44433,-306,19
2026-08-10,RM,永安期货,49214,-726,40568,467,20
2026-08-11,RM,五矿期货,97425,345,82980,-494,1
2026-08-11,RM,新湖期货,91768,169,83883,385,2
2026-08-11,RM,宏源期货,89939,-511,83167,980,3
2026-08-11,RM,兴证期货,84701,532,78831,411,4
2026-08-11,RM,国投安信,84606,6,73790,-386,5
2026-08-11,RM,广发期货,80062,410,72498,569,6
2026-08-11,RM,瑞达期货,80734,678,70879,818,7
2026-08-11,RM,南华期货,78302,-554,68448,-542,8
2026-08-11,RM,招商期货,72356,-420,67929,-547,9
2026-08-11,RM,浙商期货,72309,-464,63653,1012,10
2026-08-11,RM,光大期货,69880,450,63747,548,11
2026-08-11,RM,方正中期,66235,929,62800,910,12
2026-08-11,RM,海通期货,65087,-179,57716,844,13
2026-08-11,RM,申银万国,59946,-136,54826,410,14
2026-08-11,RM,东证期货,57026,-276,52980,-66,15
2026-08-11,RM,华泰期货,57328,-639,49059,622,16
2026-08-11,RM,国泰君安,54469,512,49828,982,17
2026-08-11,RM,银河期货,54019,212,49522,835,18
2026-08-11,RM,中信期货,50928,398,45150,717,19
2026-08-11,RM,永安期货,49754,540,40179,-389,20
2026-08-12,RM,五矿期货,98138,713,82377,-603,1
2026-08-12,RM,新湖期货,92111,343,84052,169,2
2026-08-12,RM,宏源期货,89422,-517,83113,-54,3
2026-08-12,RM,兴证期货,83894,-807,79028,197,4
2026-08-12,RM,国投安信,85705,1099,73880,90,5
2026-08-12,RM,广发期货,79349,-713,73506,1008,6
2026-08-12,RM,瑞达期货,79934,-800,71157,278,7
2026-08-12,RM,南华期货,78363,61,68411,-37,8
2026-08-12,RM,招商期货,73446,1090,67150,-779,9
2026-08-12,RM,浙商期货,72447,138,63519,-134,10
2026-08-12,RM,光大期货,69854,-26,63075,-672,11
2026-08-12,RM,方正中期,65799,-436,62816,16,12
2026-08-12,RM,海通期货,64648,-439,57130,-586,13
2026-08-12,RM,申银万国,60647,701,54701,-125,14
2026-08-12,RM,东证期货,58077,1051,53810,830,15
2026-08-12,RM,华泰期货,58131,803,48663,-396,16
2026-08-12,RM,国泰君安,54659,190,50473,645,17
2026-08-12,RM,银河期货,54659,640,50448,926,18
2026-08-12,RM,中信期货,50892,-36,46126,976,19
2026-08-12,RM,永安期货,48976,-778,39997,-182,20
2026-08-13,RM,五矿期货,99128,990,82975,598,1
2026-08-13,RM,新湖期货,92501,390,84092,40,2
2026-08-13,RM,宏源期货,90147,725,83987,874,3
2026-08-13,RM,兴证期货,84003,109,79542,514,4
2026-08-13,RM,国投安信,86778,1073,74789,909,5
2026-08-13,RM,广发期货,79743,394,73030,-476,6
2026-08-13,RM,瑞达期货,80480,546,70490,-667,7
2026-08-13,RM,南华期货,78851,488,68708,297,8
2026-08-13,RM,招商期货,74374,928,67443,293,9
2026-08-13,RM,浙商期货,72680,233,63124,-395,10
2026-08-13,RM,光大期货,70685,831,63911,836,11
2026-08-13,RM,方正中期,65624,-175,63286,470,12
2026-08-13,RM,海通期货,64559,-89,56484,-646,13
2026-08-13,RM,申银万国,60002,-645,54170,-531,14
2026-08-13,RM,东证期货,57376,-701,53242,-568,15
2026-08-13,RM,国泰君安,55578,919,51451,978,16
2026-08-13,RM,华泰期货,57259,-872,48819,156,17
2026-08-13,RM,银河期货,54288,-371,50458,10,18
2026-08-13,RM,中信期货,51764,872,45680,-446,19
2026-08-13,RM,永安期货,49761,785,40262,265,20
2026-08-14,RM,五矿期货,99387,259,82440,-535,1
2026-08-14,RM,新湖期货,93358,857,84758,666,2
2026-08-14,RM,宏源期货,90394,247,84509,522,3
2026-08-14,RM,兴证期货,83418,-585,79400,-142,4
2026-08-14,RM,国投安信,86476,-302,74458,-331,5
2026-08-14,RM,广发期货,80142,399,72397,-633,6
2026-08-14,RM,瑞达期货,81124,644,70884,394,7
2026-08-14,RM,南华期货,78992,141,67892,-816,8
2026-08-14,RM,招商期货,75357,983,68051,608,9
2026-08-14,RM,浙商期货,72070,-610,62604,-520,10
2026-08-14,RM,光大期货,71199,514,63373,-538,11
2026-08-14,RM,方正中期,66710,1086,62879,-407,12
2026-08-14,RM,海通期货,63956,-603,56063,-421,13
2026-08-14,RM,申银万国,59639,-363,53588,-582,14
2026-08-14,RM,东证期货,57006,-370,53136,-106,15
2026-08-14,RM,国泰君安,55326,-252,52277,826,16
2026-08-14,RM,华泰期货,57265,6,49512,693,17
2026-08-14,RM,银河期货,54332,44,50667,209,18
2026-08-14,RM,中信期货,52077,313,46670,990,19
2026-08-14,RM,永安期货,50541,780,40028,-234,20
2026-08-17,RM,五矿期货,99575,188,81703,-737,1
2026-08-17,RM,新湖期货,93784,426,84142,-616,2
2026-08-17,RM,宏源期货,89630,-764,85410,901,3
2026-08-17,RM,兴证期货,84153,735,79051,-349,4
2026-08-17,RM,国投安信,86556,80,75378,920,5
2026-08-17,RM,广发期货,81079,937,72848,451,6
2026-08-17,RM,瑞达期货,81842,718,71512,628,7
2026-08-17,RM,南华期货,78588,-404,68748,856,8
2026-08-17,RM,招商期货,76300,943,67998,-53,9
2026-08-17,RM,浙商期货,72513,443,61854,-750,10
2026-08-17,RM,光大期货,70731,-468,63284,-89,11
2026-08-17,RM,方正中期,67075,365,62720,-159,12
2026-08-17,RM,海通期货,64737,781,57032,969,13
2026-08-17,RM,申银万国,59511,-128,53112,-476,14
2026-08-17,RM,东证期货,57729,723,53090,-46,15
2026-08-17,RM,国泰君安,55838,512,53268,991,16
2026-08-17,RM,华泰期货,57194,-71,48779,-733,17
2026-08-17,RM,银河期货,53929,-403,50262,-405,18
2026-08-17,RM,中信期货,52658,581,47303,633,19
2026-08-17,RM,永安期货,51230,689,40928,900,20
2026-08-18,RM,五矿期货,100034,459,81670,-33,1
2026-08-18,RM,新湖期货,94490,706,83879,-263,2
2026-08-18,RM,宏源期货,88847,-783,85601,191,3
2026-08-18,RM,兴证期货,84074,-79,79554,503,4
2026-08-18,RM,国投安信,86445,-111,74885,-493,5
2026-08-18,RM,广发期货,81530,451,72144,-704,6
2026-08-18,RM,瑞达期货,81392,-450,72248,736,7
2026-08-18,RM,南华期货,77715,-873,69717,969,8
2026-08-18,RM,招商期货,76063,-237,67452,-546,9
2026-08-18,RM,浙商期货,72950,437,62154,300,10
2026-08-18,RM,光大期货,71412,681,62683,-601,11
2026-08-18,RM,方正中期,68120,1045,62494,-226,12
2026-08-18,RM,海通期货,65591,854,57326,294,13
2026-08-18,RM,申银万国,59256,-255,52731,-381,14
2026-08-18,RM,东证期货,57432,-297,52332,-758,15
2026-08-18,RM,国泰君安,56065,227,53062,-206,16
2026-08-18,RM,华泰期货,57288,94,49299,520,17
2026-08-18,RM,银河期货,53363,-566,51187,925,18
2026-08-18,RM,中信期货,53278,620,48157,854,19
2026-08-18,RM,永安期货,51006,-224,40970,42,20
2026-08-19,RM,五矿期货,99809,-225,81697,27,1
2026-08-19,RM,新湖期货,94968,478,83729,-150,2
2026-08-19,RM,宏源期货,89516,669,86631,1030,3
2026-08-19,RM,兴证期货,83332,-742,79863,309,4
2026-08-19,RM,国投安信,86093,-352,74182,-703,5
2026-08-19,RM,瑞达期货,81368,-24,72873,625,6
2026-08-19,RM,广发期货,81384,-146,71471,-673,7
2026-08-19,RM,南华期货,78166,451,69004,-713,8
2026-08-19,RM,招商期货,77081,1018,67884,432,9
2026-08-19,RM,浙商期货,73686,736,61660,-494,10
2026-08-19,RM,光大期货,71676,264,61981,-702,11
2026-08-19,RM,方正中期,67872,-248,62158,-336,12
2026-08-19,RM,海通期货,64783,-808,57216,-110,13
2026-08-19,RM,申银万国,59975,719,52856,125,14
2026-08-19,RM,国泰君安,56254,189,53637,575,15
2026-08-19,RM,东证期货,56781,-651,52204,-128,16
2026-08-19,RM,华泰期货,57884,596,49015,-284,17
2026-08-19,RM,银河期货,53331,-32,51207,20,18
2026-08-19,RM,中信期货,54194,916,48861,704,19
2026-08-19,RM,永安期货,50695,-311,41369,399,20
2026-08-20,RM,五矿期货,99187,-622,82339,642,1
2026-08-20,RM,新湖期货,95084,116,83075,-654,2
2026-08-20,RM,宏源期货,90391,875,87116,485,3
2026-08-20,RM,兴证期货,82577,-755,80288,425,4
2026-08-20,RM,国投安信,86558,465,73362,-820,5
2026-08-20,RM,瑞达期货,82467,1099,72347,-526,6
2026-08-20,RM,广发期货,80829,-555,71511,40,7
2026-08-20,RM,南华期货,77303,-863,68673,-331,8
2026-08-20,RM,招商期货,77842,761,67314,-570,9
2026-08-20,RM,浙商期货,74431,745,60811,-849,10
2026-08-20,RM,光大期货,70899,-777,62108,127,11
2026-08-20,RM,方正中期,68620,748,61686,-472,12
2026-08-20,RM,海通期货,64900,117,57098,-118,13
2026-08-20,RM,申银万国,59998,23,53126,270,14
2026-08-20,RM,国泰君安,55661,-593,54047,410,15
2026-08-20,RM,东证期货,57214,433,51867,-337,16
2026-08-20,RM,华泰期货,58194,310,48822,-193,17
2026-08-20,RM,银河期货,54027,696,51206,-1,18
2026-08-20,RM,中信期货,54580,386,49464,603,19
2026-08-20,RM,永安期货,50471,-224,40633,-736,20
2026-08-21,RM,五矿期货,98557,-630,82385,46,1
2026-08-21,RM,宏源期货,91125,734,87498,382,2
2026-08-21,RM,新湖期货,95761,677,82604,-471,3
2026-08-21,RM,兴证期货,82150,-427,79601,-687,4
2026-08-21,RM,国投安信,87487,929,73502,140,5
2026-08-21,RM,瑞达期货,82440,-27,72501,154,6
2026-08-21,RM,广发期货,80080,-749,70998,-513,7
2026-08-21,RM,南华期货,77374,71,68264,-409,8
2026-08-21,RM,招商期货,78101,259,67535,221,9
2026-08-21,RM,浙商期货,74362,-69,60035,-776,10
2026-08-21,RM,光大期货,71324,425,62187,79,11
2026-08-21,RM,方正中期,68809,189,61996,310,12
2026-08-21,RM,海通期货,64826,-74,57195,97,13
2026-08-21,RM,申银万国,61036,1038,53546,420,14
2026-08-21,RM,东证期货,57973,759,52564,697,15
2026-08-21,RM,国泰君安,55031,-630,53690,-357,16
2026-08-21,RM,华泰期货,58174,-20,49827,1005,17
2026-08-21,RM,银河期货,54417,390,50934,-272,18
2026-08-21,RM,中信期货,54106,-474,49323,-141,19
2026-08-21,RM,永安期货,51046,575,40046,-587,20
2026-08-24,RM,五矿期货,99233,676,82317,-68,1
2026-08-24,RM,宏源期货,90461,-664,87882,384,2
2026-08-24,RM,新湖期货,95048,-713,83044,440,3
2026-08-24,RM,国投安信,88017,530,74071,569,4
2026-08-24,RM,兴证期货,81882,-268,79166,-435,5
2026-08-24,RM,瑞达期货,83383,943,73526,1025,6
2026-08-24,RM,广发期货,80582,502,71318,320,7
2026-08-24,RM,南华期货,78400,1026,68706,442,8
2026-08-24,RM,招商期货,79117,1016,67110,-425,9
2026-08-24,RM,浙商期货,75183,821,60490,455,10
2026-08-24,RM,光大期货,71145,-179,61822,-365,11
2026-08-24,RM,方正中期,69024,215,62006,10,12
2026-08-24,RM,海通期货,64899,73,57673,478,13
2026-08-24,RM,申银万国,61231,195,53969,423,14
2026-08-24,RM,东证期货,58617,644,52975,411,15
2026-08-24,RM,华泰期货,59247,1073,50063,236,16
2026-08-24,RM,国泰君安,54308,-723,53862,172,17
2026-08-24,RM,银河期货,55601,1184,50858,-76,18
2026-08-24,RM,中信期货,54708,602,50118,795,19
2026-08-24,RM,永安期货,51601,555,40073,27,20
2026-08-25,RM,五矿期货,98347,-886,82923,606,1
2026-08-25,RM,宏源期货,91198,737,88919,1037,2
2026-08-25,RM,新湖期货,94729,-319,83176,132,3
2026-08-25,RM,国投安信,87696,-321,74374,303,4
2026-08-25,RM,兴证期货,82292,410,79250,84,5
2026-08-25,RM,瑞达期货,83257,-126,73233,-293,6
2026-08-25,RM,广发期货,80677,95,72121,803,7
2026-08-25,RM,南华期货,79086,686,68570,-136,8
2026-08-25,RM,招商期货,79941,824,66308,-802,9
2026-08-25,RM,浙商期货,74424,-759,60360,-130,10
2026-08-25,RM,光大期货,70492,-653,62172,350,11
2026-08-25,RM,方正中期,68217,-807,61480,-526,12
2026-08-25,RM,海通期货,64254,-645,57119,-554,13
2026-08-25,RM,申银万国,60703,-528,53596,-373,14
2026-08-25,RM,东证期货,59445,828,53389,414,15
2026-08-25,RM,国泰君安,55481,1173,54141,279,16
2026-08-25,RM,华泰期货,59651,404,49898,-165,17
2026-08-25,RM,银河期货,56197,596,51572,714,18
2026-08-25,RM,中信期货,54313,-395,49411,-707,19
2026-08-25,RM,永安期货,51494,-107,39935,-138,20
2026-08-26,RM,五矿期货,97514,-833,82120,-803,1
2026-08-26,RM,宏源期货,90367,-831,88595,-324,2
2026-08-26,RM,新湖期货,95585,856,83003,-173,3
2026-08-26,RM,国投安信,88619,923,74235,-139,4
2026-08-26,RM,兴证期货,82265,-27,79814,564,5
2026-08-26,RM,瑞达期货,82769,-488,73172,-61,6
2026-08-26,RM,广发期货,80636,-41,72942,821,7
2026-08-26,RM,南华期货,80113,1027,67902,-668,8
2026-08-26,RM,招商期货,79674,-267,67270,962,9
2026-08-26,RM,浙商期货,74445,21,61401,1041,10
2026-08-26,RM,光大期货,70509,17,62536,364,11
2026-08-26,RM,方正中期,67926,-291,61802,322,12
2026-08-26,RM,海通期货,64370,116,57090,-29,13
2026-08-26,RM,申银万国,61364,661,53637,41,14
2026-08-26,RM,东证期货,59292,-153,53252,-137,15
2026-08-26,RM,国泰君安,56683,1202,54520,379,16
2026-08-26,RM,华泰期货,59866,215,50410,512,17
2026-08-26,RM,银河期货,56367,170,51612,40,18
2026-08-26,RM,中信期货,53820,-493,49502,91,19
2026-08-26,RM,永安期货,50816,-678,39167,-768,20
2026-08-27,RM,五矿期货,97829,315,82224,104,1
2026-08-27,RM,新湖期货,96107,522,82912,-91,2
2026-08-27,RM,宏源期货,89888,-479,87846,-749,3
2026-08-27,RM,国投安信,89144,525,74163,-72,4
2026-08-27,RM,兴证期货,81821,-444,79621,-193,5
2026-08-27,RM,瑞达期货,82150,-619,73487,315,6
2026-08-27,RM,广发期货,81067,431,72825,-117,7
2026-08-27,RM,南华期货,80513,400,68210,308,8
2026-08-27,RM,招商期货,78999,-675,68227,957,9
2026-08-27,RM,浙商期货,74448,3,60712,-689,10
2026-08-27,RM,光大期货,71580,1071,62637,101,11
2026-08-27,RM,方正中期,68288,362,61333,-469,12
2026-08-27,RM,海通期货,64627,257,57113,23,13
2026-08-27,RM,申银万国,62460,1096,53344,-293,14
2026-08-27,RM,东证期货,58589,-703,53687,435,15
2026-08-27,RM,国泰君安,57334,651,54201,-319,16
2026-08-27,RM,华泰期货,60479,613,50350,-60,17
2026-08-27,RM,银河期货,56550,183,51249,-363,18
2026-08-27,RM,中信期货,53762,-58,49376,-126,19
2026-08-27,RM,永安期货,50868,52,38897,-270,20
2026-08-28,RM,新湖期货,96553,446,82952,40,1
2026-08-28,RM,五矿期货,97436,-393,81985,-239,2
2026-08-28,RM,宏源期货,89564,-324,87843,-3,3
2026-08-28,RM,国投安信,89496,352,74118,-45,4
2026-08-28,RM,兴证期货,81635,-186,80660,1039,5
2026-08-28,RM,瑞达期货,82813,663,73323,-164,6
2026-08-28,RM,广发期货,81888,821,73142,317,7
2026-08-28,RM,南华期货,81353,840,68506,296,8
2026-08-28,RM,招商期货,79173,174,68648,421,9
2026-08-28,RM,浙商期货,74141,-307,61738,1026,10
2026-08-28,RM,光大期货,71323,-257,63044,407,11
2026-08-28,RM,方正中期,67548,-740,62230,897,12
2026-08-28,RM,海通期货,64340,-287,56743,-370,13
2026-08-28,RM,申银万国,61982,-478,53367,23,14
2026-08-28,RM,东证期货,58138,-451,53864,177,15
2026-08-28,RM,华泰期货,60425,-54,50881,531,16
2026-08-28,RM,国泰君安,57270,-64,53656,-545,17
2026-08-28,RM,银河期货,56100,-450,51562,313,18
2026-08-28,RM,中信期货,53349,-413,49359,-17,19
2026-08-28,RM,永安期货,51560,692,38143,-754,20
2026-08-31,RM,新湖期货,96837,284,83025,73,1
2026-08-31,RM,五矿期货,97119,-317,81598,-387,2
2026-08-31,RM,宏源期货,89193,-371,87557,-286,3
2026-08-31,RM,国投安信,90303,807,74713,595,4
2026-08-31,RM,兴证期货,82669,1034,81566,906,5
2026-08-31,RM,瑞达期货,83157,344,72969,-354,6
2026-08-31,RM,广发期货,81488,-400,73834,692,7
2026-08-31,RM,南华期货,81688,335,68862,356,8
2026-08-31,RM,招商期货,79439,266,69698,1050,9
2026-08-31,RM,浙商期货,73489,-652,61698,-40,10
2026-08-31,RM,光大期货,71048,-275,63447,403,11
2026-08-31,RM,方正中期,68269,721,63216,986,12
2026-08-31,RM,海通期货,65048,708,56042,-701,13
2026-08-31,RM,申银万国,62534,552,53044,-323,14
2026-08-31,RM,国泰君安,58281,1011,54731,1075,15
2026-08-31,RM,东证期货,57956,-182,54620,756,16
2026-08-31,RM,华泰期货,59978,-447,50660,-221,17
2026-08-31,RM,银河期货,57249,1149,52683,1121,18
2026-08-31,RM,中信期货,54112,763,49125,-234,19
2026-08-31,RM,永安期货,52771,1211,38049,-94,20
2026-09-01,RM,新湖期货,97130,293,83932,907,1
2026-09-01,RM,五矿期货,98131,1012,81300,-298,2
2026-09-01,RM,宏源期货,90100,907,87776,219,3
2026-09-01,RM,国投安信,91077,774,74954,241,4
2026-09-01,RM,兴证期货,83084,415,82294,728,5
2026-09-01,RM,瑞达期货,83435,278,73489,520,6
2026-09-01,RM,广发期货,82069,581,73431,-403,7
2026-09-01,RM,南华期货,82268,580,68988,126,8
2026-09-01,RM,招商期货,78801,-638,70087,389,9
2026-09-01,RM,浙商期货,73614,125,61708,10,10
2026-09-01,RM,光大期货,71363,315,63269,-178,11
2026-09-01,RM,方正中期,67828,-441,62463,-753,12
2026-09-01,RM,海通期货,64498,-550,55491,-551,13
2026-09-01,RM,申银万国,63066,532,53343,299,14
2026-09-01,RM,东证期货,58730,774,55234,614,15
2026-09-01,RM,国泰君安,58340,59,54501,-230,16
2026-09-01,RM,华泰期货,60791,813,51156,496,17
2026-09-01,RM,银河期货,56504,-745,52989,306,18
2026-09-01,RM,中信期货,53884,-228,50151,1026,19
2026-09-01,RM,永安期货,53168,397,39083,1034,20
2026-09-02,RM,五矿期货,98990,859,82042,742,1
2026-09-02,RM,新湖期货,97429,299,83352,-580,2
2026-09-02,RM,宏源期货,90167,67,88565,789,3
2026-09-02,RM,国投安信,91783,706,74949,-5,4
2026-09-02,RM,兴证期货,82942,-142,82133,-161,5
2026-09-02,RM,瑞达期货,83825,390,74092,603,6
2026-09-02,RM,广发期货,81563,-506,73168,-263,7
2026-09-02,RM,南华期货,82430,162,68850,-138,8
2026-09-02,RM,招商期货,79742,941,70981,894,9
2026-09-02,RM,浙商期货,73383,-231,61475,-233,10
2026-09-02,RM,光大期货,70551,-812,63399,130,11
2026-09-02,RM,方正中期,67908,80,63172,709,12
2026-09-02,RM,海通期货,63833,-665,56403,912,13
2026-09-02,RM,申银万国,63581,515,52847,-496,14
2026-09-02,RM,东证期货,59119,389,55376,142,15
2026-09-02,RM,国泰君安,59541,1201,53747,-754,16
2026-09-02,RM,银河期货,57555,1051,53775,786,17
2026-09-02,RM,华泰期货,60155,-636,50431,-725,18
2026-09-02,RM,中信期货,53426,-458,49593,-558,19
2026-09-02,RM,永安期货,52592,-576,38823,-260,20
2026-09-03,RM,五矿期货,99860,870,81921,-121,1
2026-09-03,RM,新湖期货,98287,858,83307,-45,2
2026-09-03,RM,宏源期货,90212,45,88397,-168,3
2026-09-03,RM,兴证期货,83544,602,83052,919,4
2026-09-03,RM,国投安信,91118,-665,74516,-433,5
2026-09-03,RM,瑞达期货,83204,-621,74836,744,6
2026-09-03,RM,广发期货,81391,-172,72536,-632,7
2026-09-03,RM,南华期货,83039,609,69791,941,8
2026-09-03,RM,招商期货,79131,-611,71968,987,9
2026-09-03,RM,浙商期货,74168,785,60681,-794,10
2026-09-03,RM,光大期货,70811,260,62660,-739,11
2026-09-03,RM,方正中期,68259,351,62779,-393,12
2026-09-03,RM,海通期货,63236,-597,57034,631,13
2026-09-03,RM,申银万国,64583,1002,52128,-719,14
2026-09-03,RM,东证期货,59225,106,56343,967,15
2026-09-03,RM,国泰君安,58848,-693,53595,-152,16
2026-09-03,RM,银河期货,57344,-211,54165,390,17
2026-09-03,RM,华泰期货,59878,-277,50362,-69,18
2026-09-03,RM,中信期货,53146,-280,48843,-750,19
2026-09-03,RM,永安期货,52069,-523,38129,-694,20
2026-09-04,RM,五矿期货,99416,-444,82181,260,1
2026-09-04,RM,新湖期货,97560,-727,82605,-702,2
2026-09-04,RM,宏源期货,90106,-106,88000,-397,3
2026-09-04,RM,兴证期货,83314,-230,83014,-38,4
2026-09-04,RM,国投安信,90749,-369,75090,574,5
2026-09-04,RM,瑞达期货,82915,-289,74373,-463,6
2026-09-04,RM,广发期货,81229,-162,72817,281,7
2026-09-04,RM,南华期货,82673,-366,70386,595,8
2026-09-04,RM,招商期货,78678,-453,71258,-710,9
2026-09-04,RM,浙商期货,74442,274,61079,398,10
2026-09-04,RM,光大期货,70072,-739,63699,1039,11
2026-09-04,RM,方正中期,69347,1088,63580,801,12
2026-09-04,RM,海通期货,63473,237,57065,31,13
2026-09-04,RM,申银万国,65656,1073,51282,-846,14
2026-09-04,RM,东证期货,59731,506,56960,617,15
2026-09-04,RM,国泰君安,58457,-391,53502,-93,16
2026-09-04,RM,银河期货,57756,412,54085,-80,17
2026-09-04,RM,华泰期货,60697,819,50477,115,18
2026-09-04,RM,中信期货,53584,438,48875,32,19
2026-09-04,RM,永安期货,52371,302,38806,677,20
2026-07-27,AU,五矿期货,94631,-464,84261,-533,1
2026-07-27,AU,新湖期货,92224,1098,81680,613,2
2026-07-27,AU,宏源期货,90458,996,79208,603,3
2026-07-27,AU,兴证期货,85775,-101,77803,554,4
2026-07-27,AU,国投安信,82961,128,75684,599,5
2026-07-27,AU,瑞达期货,82214,-98,71045,-569,6
2026-07-27,AU,广发期货,79640,74,70683,-140,7
2026-07-27,AU,南华期货,77204,458,68236,-366,8
2026-07-27,AU,招商期货,74412,879,65755,205,9
2026-07-27,AU,浙商期货,69685,-456,61767,-609,10
2026-07-27,AU,光大期货,68725,-40,60007,-844,11
2026-07-27,AU,方正中期,66080,830,59554,769,12
2026-07-27,AU,海通期货,64081,308,57284,685,13
2026-07-27,AU,申银万国,59625,-473,53896,-473,14
2026-07-27,AU,华泰期货,56699,-138,50997,-821,15
2026-07-27,AU,东证期货,54500,-245,49918,863,16
2026-07-27,AU,银河期货,51686,-594,47626,-242,17
2026-07-27,AU,国泰君安,49983,-131,44176,-475,18
2026-07-27,AU,中信期货,45957,-539,42531,93,19
2026-07-27,AU,永安期货,47106,1151,40544,-275,20
2026-07-28,AU,五矿期货,93862,-769,84217,-44,1
2026-07-28,AU,新湖期货,92181,-43,82410,730,2
2026-07-28,AU,宏源期货,91272,814,79202,-6,3
2026-07-28,AU,兴证期货,86830,1055,77739,-64,4
2026-07-28,AU,国投安信,82422,-539,76116,432,5
2026-07-28,AU,瑞达期货,82927,713,71522,477,6
2026-07-28,AU,广发期货,79753,113,69881,-802,7
2026-07-28,AU,南华期货,77250,46,68255,19,8
2026-07-28,AU,招商期货,74026,-386,65334,-421,9
2026-07-28,AU,浙商期货,68939,-746,61276,-491,10
2026-07-28,AU,光大期货,67955,-770,59537,-470,11
2026-07-28,AU,方正中期,65708,-372,60411,857,12
2026-07-28,AU,海通期货,63511,-570,56785,-499,13
2026-07-28,AU,申银万国,59656,31,54130,234,14
2026-07-28,AU,华泰期货,56184,-515,50733,-264,15
2026-07-28,AU,东证期货,54109,-391,49091,-827,16
2026-07-28,AU,银河期货,51494,-192,46785,-841,17
2026-07-28,AU,国泰君安,50590,607,44940,764,18
2026-07-28,AU,中信期货,46352,395,41984,-547,19
2026-07-28,AU,永安期货,46847,-259,39957,-587,20
2026-07-29,AU,五矿期货,93626,-236,84744,527,1
2026-07-29,AU,新湖期货,91450,-731,81913,-497,2
2026-07-29,AU,宏源期货,90831,-441,78743,-459,3
2026-07-29,AU,兴证期货,87711,881,77797,58,4
2026-07-29,AU,国投安信,83208,786,75705,-411,5
2026-07-29,AU,瑞达期货,83328,401,71720,198,6
2026-07-29,AU,广发期货,79435,-318,70445,564,7
2026-07-29,AU,南华期货,76814,-436,69179,924,8
2026-07-29,AU,招商期货,75164,1138,66244,910,9
2026-07-29,AU,浙商期货,68263,-676,60496,-780,10
2026-07-29,AU,光大期货,67923,-32,59028,-509,11
2026-07-29,AU,方正中期,65487,-221,60785,374,12
2026-07-29,AU,海通期货,62837,-674,56200,-585,13
2026-07-29,AU,申银万国,60706,1050,54722,592,14
2026-07-29,AU,华泰期货,56039,-145,50303,-430,15
2026-07-29,AU,东证期货,54976,867,49897,806,16
2026-07-29,AU,银河期货,52073,579,46636,-149,17
2026-07-29,AU,国泰君安,50899,309,45328,388,18
2026-07-29,AU,中信期货,45972,-380,42713,729,19
2026-07-29,AU,永安期货,47929,1082,39971,14,20
2026-07-30,AU,五矿期货,94188,562,85612,868,1
2026-07-30,AU,新湖期货,92362,912,81503,-410,2
2026-07-30,AU,宏源期货,90888,57,79679,936,3
2026-07-30,AU,兴证期货,88720,1009,78336,539,4
2026-07-30,AU,国投安信,83317,109,76432,727,5
2026-07-30,AU,瑞达期货,83302,-26,70899,-821,6
2026-07-30,AU,广发期货,78751,-684,71309,864,7
2026-07-30,AU,南华期货,76295,-519,68838,-341,8
2026-07-30,AU,招商期货,75729,565,66936,692,9
2026-07-30,AU,浙商期货,67806,-457,59890,-606,10
2026-07-30,AU,光大期货,68063,140,59557,529,11
2026-07-30,AU,方正中期,64730,-757,60031,-754,12
2026-07-30,AU,海通期货,63925,1088,56838,638,13
2026-07-30,AU,申银万国,61434,728,55414,692,14
2026-07-30,AU,华泰期货,56439,400,51020,717,15
2026-07-30,AU,东证期货,54445,-531,50674,777,16
2026-07-30,AU,银河期货,52009,-64,46714,78,17
2026-07-30,AU,国泰君安,50489,-410,45574,246,18
2026-07-30,AU,永安期货,49138,1209,40733,762,19
2026-07-30,AU,中信期货,45571,-401,41948,-765,20
2026-07-31,AU,五矿期货,95013,825,86059,447,1
2026-07-31,AU,新湖期货,92474,112,80878,-625,2
2026-07-31,AU,宏源期货,91884,996,80624,945,3
2026-07-31,AU,兴证期货,88395,-325,78495,159,4
2026-07-31,AU,国投安信,83837,520,76601,169,5
2026-07-31,AU,瑞达期货,83303,1,70695,-204,6
2026-07-31,AU,广发期货,78501,-250,70471,-838,7
2026-07-31,AU,南华期货,75879,-416,69793,955,8
2026-07-31,AU,招商期货,76855,1126,67761,825,9
2026-07-31,AU,浙商期货,68720,914,60180,290,10
2026-07-31,AU,光大期货,68547,484,60228,671,11
2026-07-31,AU,方正中期,64787,57,59307,-724,12
2026-07-31,AU,海通期货,64824,899,56431,-407,13
2026-07-31,AU,申银万国,61658,224,55131,-283,14
2026-07-31,AU,华泰期货,56951,512,51495,475,15
2026-07-31,AU,东证期货,54750,305,51129,455,16
2026-07-31,AU,银河期货,53042,1033,47732,1018,17
2026-07-31,AU,国泰君安,51781,1292,44922,-652,18
2026-07-31,AU,永安期货,49587,449,40820,87,19
2026-07-31,AU,中信期货,46395,824,42677,729,20
2026-08-03,AU,五矿期货,95798,785,85275,-784,1
2026-08-03,AU,新湖期货,92608,134,81112,234,2
2026-08-03,AU,宏源期货,92378,494,80068,-556,3
2026-08-03,AU,兴证期货,88599,204,78065,-430,4
2026-08-03,AU,国投安信,83348,-489,76167,-434,5
2026-08-03,AU,瑞达期货,83997,694,71269,574,6
2026-08-03,AU,广发期货,79584,1083,70569,98,7
2026-08-03,AU,南华期货,76548,669,69374,-419,8
2026-08-03,AU,招商期货,77158,303,67398,-363,9
2026-08-03,AU,浙商期货,68737,17,60792,612,10
2026-08-03,AU,光大期货,68459,-88,60077,-151,11
2026-08-03,AU,方正中期,65598,811,59776,469,12
2026-08-03,AU,海通期货,65991,1167,56688,257,13
2026-08-03,AU,申银万国,60950,-708,55834,703,14
2026-08-03,AU,华泰期货,56809,-142,51781,286,15
2026-08-03,AU,东证期货,54448,-302,50587,-542,16
2026-08-03,AU,银河期货,54278,1236,47003,-729,17
2026-08-03,AU,国泰君安,52146,365,45848,926,18
2026-08-03,AU,永安期货,49877,290,41248,428,19
2026-08-03,AU,中信期货,46028,-367,42512,-165,20
2026-08-04,AU,五矿期货,96642,844,85623,348,1
2026-08-04,AU,新湖期货,93238,630,80245,-867,2
2026-08-04,AU,宏源期货,92580,202,79724,-344,3
2026-08-04,AU,兴证期货,89576,977,78813,748,4
2026-08-04,AU,国投安信,84309,961,75328,-839,5
2026-08-04,AU,瑞达期货,83358,-639,71259,-10,6
2026-08-04,AU,广发期货,80618,1034,71469,900,7
2026-08-04,AU,南华期货,77129,581,70310,936,8
2026-08-04,AU,招商期货,77625,467,66560,-838,9
2026-08-04,AU,浙商期货,69827,1090,61373,581,10
2026-08-04,AU,光大期货,68520,61,60790,713,11
2026-08-04,AU,方正中期,66217,619,59968,192,12
2026-08-04,AU,海通期货,66628,637,56457,-231,13
2026-08-04,AU,申银万国,60245,-705,55376,-458,14
2026-08-04,AU,华泰期货,57997,1188,51892,111,15
2026-08-04,AU,东证期货,54865,417,50664,77,16
2026-08-04,AU,银河期货,53704,-574,46387,-616,17
2026-08-04,AU,国泰君安,51649,-497,45164,-684,18
2026-08-04,AU,永安期货,50833,956,40769,-479,19
2026-08-04,AU,中信期货,45562,-466,41918,-594,20
2026-08-05,AU,五矿期货,97607,965,85275,-348,1
2026-08-05,AU,新湖期货,92491,-747,80043,-202,2
2026-08-05,AU,宏源期货,92162,-418,79118,-606,3
2026-08-05,AU,兴证期货,89927,351,78803,-10,4
2026-08-05,AU,国投安信,84030,-279,74839,-489,5
2026-08-05,AU,瑞达期货,84100,742,70840,-419,6
2026-08-05,AU,广发期货,80836,218,71323,-146,7
2026-08-05,AU,南华期货,76630,-499,71224,914,8
2026-08-05,AU,招商期货,77188,-437,65979,-581,9
2026-08-05,AU,浙商期货,70048,221,60641,-732,10
2026-08-05,AU,光大期货,69295,775,60074,-716,11
2026-08-05,AU,方正中期,67241,1024,60865,897,12
2026-08-05,AU,海通期货,66489,-139,57022,565,13
2026-08-05,AU,申银万国,59819,-426,55661,285,14
2026-08-05,AU,华泰期货,58629,632,51678,-214,15
2026-08-05,AU,东证期货,55459,594,50319,-345,16
2026-08-05,AU,银河期货,54237,533,46795,408,17
2026-08-05,AU,国泰君安,51700,51,44516,-648,18
2026-08-05,AU,永安期货,52072,1239,40370,-399,19
2026-08-05,AU,中信期货,46117,555,41367,-551,20
2026-08-06,AU,五矿期货,97845,238,86056,781,1
2026-08-06,AU,宏源期货,93225,1063,79885,767,2
2026-08-06,AU,新湖期货,91738,-753,79727,-316,3
2026-08-06,AU,兴证期货,90043,116,79659,856,4
2026-08-06,AU,国投安信,83842,-188,74517,-322,5
2026-08-06,AU,瑞达期货,85309,1209,70493,-347,6
2026-08-06,AU,广发期货,80446,-390,70797,-526,7
2026-08-06,AU,南华期货,76945,315,71956,732,8
2026-08-06,AU,招商期货,76401,-787,66456,477,9
2026-08-06,AU,浙商期货,70773,725,61208,567,10
2026-08-06,AU,光大期货,70366,1071,59533,-541,11
2026-08-06,AU,方正中期,68413,1172,60318,-547,12
2026-08-06,AU,海通期货,66482,-7,57822,800,13
2026-08-06,AU,申银万国,60829,1010,56044,383,14
2026-08-06,AU,华泰期货,58372,-257,51948,270,15
2026-08-06,AU,东证期货,56192,733,51119,800,16
2026-08-06,AU,银河期货,54957,720,46591,-204,17
2026-08-06,AU,国泰君安,51390,-310,44427,-89,18
2026-08-06,AU,永安期货,51708,-364,39805,-565,19
2026-08-06,AU,中信期货,45678,-439,41276,-91,20
2026-08-07,AU,五矿期货,97868,23,85990,-66,1
2026-08-07,AU,宏源期货,93712,487,80382,497,2
2026-08-07,AU,新湖期货,92798,1060,79159,-568,3
2026-08-07,AU,兴证期货,90270,227,79246,-413,4
2026-08-07,AU,国投安信,84448,606,74494,-23,5
2026-08-07,AU,瑞达期货,84907,-402,71166,673,6
2026-08-07,AU,广发期货,81447,1001,70498,-299,7
2026-08-07,AU,南华期货,77408,463,72584,628,8
2026-08-07,AU,招商期货,76326,-75,65662,-794,9
2026-08-07,AU,浙商期货,71022,249,61669,461,10
2026-08-07,AU,光大期货,70349,-17,60161,628,11
2026-08-07,AU,方正中期,68880,467,60777,459,12
2026-08-07,AU,海通期货,67453,971,57648,-174,13
2026-08-07,AU,申银万国,60379,-450,55125,-919,14
2026-08-07,AU,华泰期货,57624,-748,52655,707,15
2026-08-07,AU,东证期货,56076,-116,51210,91,16
2026-08-07,AU,银河期货,54964,7,45755,-836,17
2026-08-07,AU,国泰君安,51908,518,45456,1029,18
2026-08-07,AU,永安期货,52100,392,39967,162,19
2026-08-07,AU,中信期货,46049,371,41643,367,20
2026-08-10,AU,五矿期货,98417,549,85805,-185,1
2026-08-10,AU,宏源期货,94579,867,80680,298,2
2026-08-10,AU,新湖期货,92282,-516,78275,-884,3
2026-08-10,AU,兴证期货,89651,-619,78596,-650,4
2026-08-10,AU,国投安信,84373,-75,74665,171,5
2026-08-10,AU,瑞达期货,85931,1024,71043,-123,6
2026-08-10,AU,广发期货,81513,66,69722,-776,7
2026-08-10,AU,南华期货,76932,-476,71679,-905,8
2026-08-10,AU,招商期货,76270,-56,65883,221,9
2026-08-10,AU,浙商期货,70559,-463,62596,927,10
2026-08-10,AU,光大期货,71186,837,59570,-591,11
2026-08-10,AU,方正中期,69061,181,60490,-287,12
2026-08-10,AU,海通期货,68549,1096,57727,79,13
2026-08-10,AU,申银万国,59967,-412,55111,-14,14
2026-08-10,AU,华泰期货,57311,-313,52263,-392,15
2026-08-10,AU,东证期货,56054,-22,51198,-12,16
2026-08-10,AU,银河期货,55518,554,46412,657,17
2026-08-10,AU,国泰君安,53178,1270,46393,937,18
2026-08-10,AU,永安期货,52729,629,40454,487,19
2026-08-10,AU,中信期货,45807,-242,41110,-533,20
2026-08-11,AU,五矿期货,98901,484,86345,540,1
2026-08-11,AU,宏源期货,95111,532,80576,-104,2
2026-08-11,AU,新湖期货,91844,-438,79028,753,3
2026-08-11,AU,兴证期货,90524,873,77971,-625,4
2026-08-11,AU,国投安信,84951,578,75199,534,5
2026-08-11,AU,瑞达期货,85641,-290,71051,8,6
2026-08-11,AU,广发期货,81199,-314,69674,-48,7
2026-08-11,AU,南华期货,77333,401,71562,-117,8
2026-08-11,AU,招商期货,76841,571,66378,495,9
2026-08-11,AU,浙商期货,70415,-144,63207,611,10
2026-08-11,AU,光大期货,71607,421,59280,-290,11
2026-08-11,AU,方正中期,68357,-704,59860,-630,12
2026-08-11,AU,海通期货,68599,50,57234,-493,13
2026-08-11,AU,申银万国,61132,1165,55745,634,14
2026-08-11,AU,华泰期货,58413,1102,53093,830,15
2026-08-11,AU,东证期货,55530,-524,50998,-200,16
2026-08-11,AU,银河期货,55433,-85,45791,-621,17
2026-08-11,AU,国泰君安,52817,-361,46746,353,18
2026-08-11,AU,永安期货,53231,502,41079,625,19
2026-08-11,AU,中信期货,47036,1229,40572,-538,20
2026-08-12,AU,五矿期货,98432,-469,85536,-809,1
2026-08-12,AU,宏源期货,96063,952,80095,-481,2
2026-08-12,AU,新湖期货,92496,652,79840,812,3
2026-08-12,AU,兴证期货,90828,304,78775,804,4
2026-08-12,AU,国投安信,84719,-232,75434,235,5
2026-08-12,AU,瑞达期货,84933,-708,70200,-851,6
2026-08-12,AU,广发期货,81966,767,70477,803,7
2026-08-12,AU,南华期货,77883,550,71724,162,8
2026-08-12,AU,招商期货,76270,-571,65894,-484,9
2026-08-12,AU,浙商期货,70044,-371,63749,542,10
2026-08-12,AU,光大期货,71015,-592,58738,-542,11
2026-08-12,AU,方正中期,68695,338,59615,-245,12
2026-08-12,AU,海通期货,69132,533,57663,429,13
2026-08-12,AU,申银万国,61395,263,54860,-885,14
2026-08-12,AU,华泰期货,58153,-260,53429,336,15
2026-08-12,AU,东证期货,55546,16,51496,498,16
2026-08-12,AU,银河期货,55535,102,45086,-705,17
2026-08-12,AU,国泰君安,52234,-583,46769,23,18
2026-08-12,AU,永安期货,53168,-63,41579,500,19
2026-08-12,AU,中信期货,47930,894,40080,-492,20
2026-08-13,AU,五矿期货,98311,-121,85132,-404,1
2026-08-13,AU,宏源期货,96836,773,80348,253,2
2026-08-13,AU,新湖期货,91930,-566,79987,147,3
2026-08-13,AU,兴证期货,90055,-773,78047,-728,4
2026-08-13,AU,国投安信,84539,-180,76324,890,5
2026-08-13,AU,瑞达期货,85165,232,70082,-118,6
2026-08-13,AU,广发期货,82030,64,70634,157,7
2026-08-13,AU,南华期货,77984,101,71896,172,8
2026-08-13,AU,招商期货,75794,-476,66735,841,9
2026-08-13,AU,浙商期货,70016,-28,63911,162,10
2026-08-13,AU,方正中期,69772,1077,60484,869,11
2026-08-13,AU,光大期货,70455,-560,59254,516,12
2026-08-13,AU,海通期货,69389,257,58080,417,13
2026-08-13,AU,申银万国,62139,744,54526,-334,14
2026-08-13,AU,华泰期货,57519,-634,53251,-178,15
2026-08-13,AU,东证期货,55230,-316,52237,741,16
2026-08-13,AU,银河期货,55058,-477,45923,837,17
2026-08-13,AU,国泰君安,53305,1071,46219,-550,18
2026-08-13,AU,永安期货,54175,1007,42034,455,19
2026-08-13,AU,中信期货,47431,-499,39582,-498,20
2026-08-14,AU,五矿期货,98338,27,85725,593,1
2026-08-14,AU,宏源期货,97352,516,80230,-118,2
2026-08-14,AU,新湖期货,91717,-213,80829,842,3
2026-08-14,AU,兴证期货,90773,718,77901,-146,4
2026-08-14,AU,国投安信,84419,-120,76973,649,5
2026-08-14,AU,瑞达期货,85017,-148,70208,126,6
2026-08-14,AU,广发期货,81740,-290,71397,763,7
2026-08-14,AU,南华期货,78268,284,71939,43,8
2026-08-14,AU,招商期货,75909,115,67102,367,9
2026-08-14,AU,浙商期货,71135,1119,63990,79,10
2026-08-14,AU,方正中期,70149,377,61444,960,11
2026-08-14,AU,光大期货,70694,239,60189,935,12
2026-08-14,AU,海通期货,69394,5,57503,-577,13
2026-08-14,AU,申银万国,61436,-703,55213,687,14
2026-08-14,AU,华泰期货,58108,589,52312,-939,15
2026-08-14,AU,东证期货,56274,1044,53090,853,16
2026-08-14,AU,银河期货,55924,866,45336,-587,17
2026-08-14,AU,国泰君安,53268,-37,45984,-235,18
2026-08-14,AU,永安期货,54644,469,42274,240,19
2026-08-14,AU,中信期货,46880,-551,39519,-63,20
2026-08-17,AU,五矿期货,98124,-214,86285,560,1
2026-08-17,AU,宏源期货,97006,-346,80919,689,2
2026-08-17,AU,新湖期货,92918,1201,80119,-710,3
2026-08-17,AU,兴证期货,90501,-272,78050,149,4
2026-08-17,AU,国投安信,83963,-456,77285,312,5
2026-08-17,AU,瑞达期货,84320,-697,69850,-358,6
2026-08-17,AU,广发期货,82363,623,70587,-810,7
2026-08-17,AU,南华期货,77513,-755,71624,-315,8
2026-08-17,AU,招商期货,75514,-395,66536,-566,9
2026-08-17,AU,浙商期货,70711,-424,63203,-787,10
2026-08-17,AU,方正中期,71263,1114,61397,-47,11
2026-08-17,AU,光大期货,71560,866,59545,-644,12
2026-08-17,AU,海通期货,68892,-502,58027,524,13
2026-08-17,AU,申银万国,60874,-562,55523,310,14
2026-08-17,AU,华泰期货,58666,558,51741,-571,15
2026-08-17,AU,东证期货,56049,-225,52836,-254,16
2026-08-17,AU,银河期货,56737,813,44740,-596,17
2026-08-17,AU,国泰君安,53818,550,46015,31,18
2026-08-17,AU,永安期货,54610,-34,43001,727,19
2026-08-17,AU,中信期货,47736,856,38902,-617,20
2026-08-18,AU,五矿期货,97450,-674,85794,-491,1
2026-08-18,AU,宏源期货,96443,-563,81485,566,2
2026-08-18,AU,新湖期货,93253,335,79219,-900,3
2026-08-18,AU,兴证期货,91141,640,77517,-533,4
2026-08-18,AU,国投安信,83502,-461,77397,112,5
2026-08-18,AU,瑞达期货,83727,-593,70244,394,6
2026-08-18,AU,广发期货,82987,624,70725,138,7
2026-08-18,AU,南华期货,77291,-222,71862,238,8
2026-08-18,AU,招商期货,76724,1210,66851,315,9
2026-08-18,AU,浙商期货,71169,458,63479,276,10
2026-08-18,AU,方正中期,72163,900,62014,617,11
2026-08-18,AU,光大期货,71602,42,59809,264,12
2026-08-18,AU,海通期货,69016,124,57401,-626,13
2026-08-18,AU,申银万国,61850,976,55842,319,14
2026-08-18,AU,华泰期货,58060,-606,51765,24,15
2026-08-18,AU,东证期货,57152,1103,52205,-631,16
2026-08-18,AU,银河期货,57832,1095,45313,573,17
2026-08-18,AU,国泰君安,54311,493,46737,722,18
2026-08-18,AU,永安期货,54934,324,43187,186,19
2026-08-18,AU,中信期货,48944,1208,39844,942,20
2026-08-19,AU,五矿期货,97141,-309,85980,186,1
2026-08-19,AU,宏源期货,96153,-290,82360,875,2
2026-08-19,AU,新湖期货,93547,294,80120,901,3
2026-08-19,AU,兴证期货,90718,-423,77130,-387,4
2026-08-19,AU,国投安信,83380,-122,78115,718,5
2026-08-19,AU,瑞达期货,84230,503,69399,-845,6
2026-08-19,AU,广发期货,82204,-783,70443,-282,7
2026-08-19,AU,南华期货,78288,997,71119,-743,8
2026-08-19,AU,招商期货,76745,21,66297,-554,9
2026-08-19,AU,浙商期货,70775,-394,63653,174,10
2026-08-19,AU,方正中期,72904,741,61404,-610,11
2026-08-19,AU,光大期货,71916,314,59558,-251,12
2026-08-19,AU,海通期货,70143,1127,56863,-538,13
2026-08-19,AU,申银万国,61071,-779,55614,-228,14
2026-08-19,AU,东证期货,56826,-326,52791,586,15
2026-08-19,AU,华泰期货,57274,-786,50952,-813,16
2026-08-19,AU,银河期货,58571,739,45979,666,17
2026-08-19,AU,国泰君安,53683,-628,47387,650,18
2026-08-19,AU,永安期货,56056,1122,43211,24,19
2026-08-19,AU,中信期货,49138,194,39823,-21,20
2026-08-20,AU,五矿期货,96774,-367,86846,866,1
2026-08-20,AU,宏源期货,95726,-427,83148,788,2
2026-08-20,AU,新湖期货,93895,348,81001,881,3
2026-08-20,AU,兴证期货,91684,966,76655,-475,4
2026-08-20,AU,国投安信,84501,1121,77674,-441,5
2026-08-20,AU,瑞达期货,84988,758,69352,-47,6
2026-08-20,AU,广发期货,83098,894,70439,-4,7
2026-08-20,AU,南华期货,78383,95,70514,-605,8
2026-08-20,AU,招商期货,77048,303,66785,488,9
2026-08-20,AU,方正中期,73685,781,61716,312,10
2026-08-20,AU,浙商期货,70908,133,63528,-125,11
2026-08-20,AU,光大期货,71253,-663,58740,-818,12
2026-08-20,AU,海通期货,70947,804,57079,216,13
2026-08-20,AU,申银万国,60631,-440,56025,411,14
2026-08-20,AU,东证期货,57011,185,53656,865,15
2026-08-20,AU,华泰期货,58143,869,51273,321,16
2026-08-20,AU,银河期货,58232,-339,47013,1034,17
2026-08-20,AU,国泰君安,54145,462,47938,551,18
2026-08-20,AU,永安期货,56839,783,42354,-857,19
2026-08-20,AU,中信期货,50383,1245,39690,-133,20
2026-08-21,AU,五矿期货,97960,1186,87497,651,1
2026-08-21,AU,宏源期货,95443,-283,83096,-52,2
2026-08-21,AU,新湖期货,94235,340,80685,-316,3
2026-08-21,AU,兴证期货,91825,141,75929,-726,4
2026-08-21,AU,国投安信,84073,-428,77548,-126,5
2026-08-21,AU,广发期货,83844,746,71193,754,6
2026-08-21,AU,瑞达期货,85770,782,69236,-116,7
2026-08-21,AU,南华期货,79462,1079,71235,721,8
2026-08-21,AU,招商期货,77550,502,66955,170,9
2026-08-21,AU,方正中期,73065,-620,61811,95,10
2026-08-21,AU,浙商期货,70351,-557,64396,868,11
2026-08-21,AU,光大期货,71151,-102,59100,360,12
2026-08-21,AU,海通期货,72000,1053,57668,589,13
2026-08-21,AU,申银万国,60831,200,55919,-106,14
2026-08-21,AU,东证期货,58306,1295,53213,-443,15
2026-08-21,AU,华泰期货,57792,-351,52001,728,16
2026-08-21,AU,银河期货,59179,947,47960,947,17
2026-08-21,AU,国泰君安,54264,119,48456,518,18
2026-08-21,AU,永安期货,57955,1116,42521,167,19
2026-08-21,AU,中信期货,50961,578,40658,968,20
2026-08-24,AU,五矿期货,98677,717,87991,494,1
2026-08-24,AU,宏源期货,95629,186,82822,-274,2
2026-08-24,AU,新湖期货,94895,660,81310,625,3
2026-08-24,AU,兴证期货,91164,-661,76071,142,4
2026-08-24,AU,国投安信,84774,701,78361,813,5
2026-08-24,AU,瑞达期货,86489,719,69524,288,6
2026-08-24,AU,广发期货,83436,-408,71197,4,7
2026-08-24,AU,南华期货,79387,-75,72133,898,8
2026-08-24,AU,招商期货,78748,1198,66473,-482,9
2026-08-24,AU,浙商期货,70601,250,64953,557,10
2026-08-24,AU,方正中期,72478,-587,62249,438,11
2026-08-24,AU,光大期货,71468,317,59899,799,12
2026-08-24,AU,海通期货,72456,456,57040,-628,13
2026-08-24,AU,申银万国,60503,-328,56447,528,14
2026-08-24,AU,东证期货,59256,950,52674,-539,15
2026-08-24,AU,华泰期货,57413,-379,52904,903,16
2026-08-24,AU,银河期货,59868,689,48135,175,17
2026-08-24,AU,国泰君安,53982,-282,47913,-543,18
2026-08-24,AU,永安期货,57507,-448,41662,-859,19
2026-08-24,AU,中信期货,52284,1323,39950,-708,20
2026-08-25,AU,五矿期货,98126,-551,87994,3,1
2026-08-25,AU,宏源期货,96081,452,82792,-30,2
2026-08-25,AU,新湖期货,96063,1168,81209,-101,3
2026-08-25,AU,兴证期货,90634,-530,76087,16,4
2026-08-25,AU,国投安信,84137,-637,78693,332,5
2026-08-25,AU,瑞达期货,86205,-284,70161,637,6
2026-08-25,AU,广发期货,84311,875,70802,-395,7
2026-08-25,AU,南华期货,80350,963,72532,399,8
2026-08-25,AU,招商期货,79028,280,65738,-735,9
2026-08-25,AU,浙商期货,71651,1050,65115,162,10
2026-08-25,AU,方正中期,72879,401,61651,-598,11
2026-08-25,AU,光大期货,70690,-778,60259,360,12
2026-08-25,AU,海通期货,72424,-32,57790,750,13
2026-08-25,AU,申银万国,61001,498,56988,541,14
2026-08-25,AU,东证期货,59918,662,51902,-772,15
2026-08-25,AU,华泰期货,57488,75,53511,607,16
2026-08-25,AU,银河期货,59987,119,47469,-666,17
2026-08-25,AU,国泰君安,54299,317,48062,149,18
2026-08-25,AU,永安期货,56877,-630,41633,-29,19
2026-08-25,AU,中信期货,53565,1281,40924,974,20
2026-08-26,AU,五矿期货,99117,991,87778,-216,1
2026-08-26,AU,宏源期货,96078,-3,83416,624,2
2026-08-26,AU,新湖期货,95622,-441,81521,312,3
2026-08-26,AU,兴证期货,90661,27,76240,153,4
2026-08-26,AU,国投安信,84772,635,79436,743,5
2026-08-26,AU,瑞达期货,86186,-19,69975,-186,6
2026-08-26,AU,广发期货,84957,646,70662,-140,7
2026-08-26,AU,南华期货,81058,708,71900,-632,8
2026-08-26,AU,招商期货,79704,676,66481,743,9
2026-08-26,AU,浙商期货,72244,593,64209,-906,10
2026-08-26,AU,方正中期,73442,563,61729,78,11
2026-08-26,AU,光大期货,70264,-426,60823,564,12
2026-08-26,AU,海通期货,72246,-178,57566,-224,13
2026-08-26,AU,申银万国,61319,318,57466,478,14
2026-08-26,AU,东证期货,60995,1077,52134,232,15
2026-08-26,AU,华泰期货,58015,527,53076,-435,16
2026-08-26,AU,银河期货,60175,188,47795,326,17
2026-08-26,AU,国泰君安,54350,51,48417,355,18
2026-08-26,AU,永安期货,58087,1210,41803,170,19
2026-08-26,AU,中信期货,54317,752,40290,-634,20
2026-08-27,AU,五矿期货,98619,-498,88404,626,1
2026-08-27,AU,宏源期货,96199,121,83025,-391,2
2026-08-27,AU,新湖期货,96116,494,81554,33,3
2026-08-27,AU,兴证期货,91115,454,75346,-894,4
2026-08-27,AU,国投安信,85168,396,80260,824,5
2026-08-27,AU,瑞达期货,87211,1025,69314,-661,6
2026-08-27,AU,广发期货,85678,721,70332,-330,7
2026-08-27,AU,南华期货,81832,774,71870,-30,8
2026-08-27,AU,招商期货,80217,513,65559,-922,9
2026-08-27,AU,浙商期货,72345,101,64555,346,10
2026-08-27,AU,方正中期,73109,-333,62022,293,11
2026-08-27,AU,光大期货,70032,-232,61257,434,12
2026-08-27,AU,海通期货,72159,-87,57293,-273,13
2026-08-27,AU,申银万国,62353,1034,56858,-608,14
2026-08-27,AU,东证期货,61588,593,52312,178,15
2026-08-27,AU,华泰期货,58439,424,53294,218,16
2026-08-27,AU,银河期货,59923,-252,47565,-230,17
2026-08-27,AU,国泰君安,54342,-8,48474,57,18
2026-08-27,AU,永安期货,58594,507,42641,838,19
2026-08-27,AU,中信期货,53839,-478,39713,-577,20
2026-08-28,AU,五矿期货,99074,455,89106,702,1
2026-08-28,AU,宏源期货,97361,1162,83127,102,2
2026-08-28,AU,新湖期货,95722,-394,82257,703,3
2026-08-28,AU,兴证期货,90889,-226,74560,-786,4
2026-08-28,AU,国投安信,84960,-208,80150,-110,5
2026-08-28,AU,瑞达期货,88163,952,69543,229,6
2026-08-28,AU,广发期货,86292,614,70657,325,7
2026-08-28,AU,南华期货,82187,355,71650,-220,8
2026-08-28,AU,招商期货,80446,229,65141,-418,9
2026-08-28,AU,浙商期货,72959,614,65007,452,10
2026-08-28,AU,方正中期,73920,811,62301,279,11
2026-08-28,AU,光大期货,70178,146,60945,-312,12
2026-08-28,AU,海通期货,71376,-783,57486,193,13
2026-08-28,AU,申银万国,61607,-746,57069,211,14
2026-08-28,AU,东证期货,62093,505,52719,407,15
2026-08-28,AU,华泰期货,58460,21,53346,52,16
2026-08-28,AU,银河期货,60818,895,47601,36,17
2026-08-28,AU,国泰君安,54295,-47,47742,-732,18
2026-08-28,AU,永安期货,59188,594,42624,-17,19
2026-08-28,AU,中信期货,54035,196,40061,348,20
2026-08-31,AU,五矿期货,99091,17,89959,853,1
2026-08-31,AU,宏源期货,97928,567,83497,370,2
2026-08-31,AU,新湖期货,95986,264,82968,711,3
2026-08-31,AU,兴证期货,91337,448,73961,-599,4
2026-08-31,AU,国投安信,84190,-770,80832,682,5
2026-08-31,AU,瑞达期货,87966,-197,69250,-293,6
2026-08-31,AU,广发期货,85559,-733,70260,-397,7
2026-08-31,AU,南华期货,82593,406,71803,153,8
2026-08-31,AU,招商期货,80255,-191,65791,650,9
2026-08-31,AU,浙商期货,72387,-572,64846,-161,10
2026-08-31,AU,方正中期,74320,400,62459,158,11
2026-08-31,AU,光大期货,71043,865,61097,152,12
2026-08-31,AU,海通期货,71402,26,58047,561,13
2026-08-31,AU,申银万国,61520,-87,56551,-518,14
2026-08-31,AU,东证期货,63141,1048,52797,78,15
2026-08-31,AU,华泰期货,58732,272,53696,350,16
2026-08-31,AU,银河期货,60644,-174,47332,-269,17
2026-08-31,AU,永安期货,59550,362,43498,874,18
2026-08-31,AU,国泰君安,54466,171,47828,86,19
2026-08-31,AU,中信期货,53984,-51,39431,-630,20
2026-09-01,AU,五矿期货,99438,347,89408,-551,1
2026-09-01,AU,宏源期货,98277,349,84353,856,2
2026-09-01,AU,新湖期货,96301,315,83201,233,3
2026-09-01,AU,国投安信,83613,-577,81469,637,4
2026-09-01,AU,兴证期货,91000,-337,73022,-939,5
2026-09-01,AU,瑞达期货,87910,-56,69375,125,6
2026-09-01,AU,广发期货,86476,917,69837,-423,7
2026-09-01,AU,南华期货,82357,-236,71957,154,8
2026-09-01,AU,招商期货,80579,324,65217,-574,9
2026-09-01,AU,方正中期,74662,342,62751,292,10
2026-09-01,AU,浙商期货,71634,-753,65626,780,11
2026-09-01,AU,光大期货,72099,1056,60282,-815,12
2026-09-01,AU,海通期货,71431,29,57700,-347,13
2026-09-01,AU,申银万国,60810,-710,56423,-128,14
2026-09-01,AU,东证期货,62806,-335,52753,-44,15
2026-09-01,AU,华泰期货,58227,-505,53695,-1,16
2026-09-01,AU,银河期货,61791,1147,46536,-796,17
2026-09-01,AU,国泰君安,54038,-428,48679,851,18
2026-09-01,AU,永安期货,58900,-650,43307,-191,19
2026-09-01,AU,中信期货,55290,1306,38921,-510,20
2026-09-02,AU,五矿期货,100039,601,89174,-234,1
2026-09-02,AU,宏源期货,97583,-694,83414,-939,2
2026-09-02,AU,新湖期货,95946,-355,82355,-846,3
2026-09-02,AU,国投安信,84437,824,81287,-182,4
2026-09-02,AU,兴证期货,92084,1084,72108,-914,5
2026-09-02,AU,瑞达期货,89015,1105,69350,-25,6
2026-09-02,AU,广发期货,85715,-761,69202,-635,7
2026-09-02,AU,南华期货,83339,982,71501,-456,8
2026-09-02,AU,招商期货,80500,-79,65128,-89,9
2026-09-02,AU,方正中期,74408,-254,63517,766,10
2026-09-02,AU,浙商期货,71061,-573,65819,193,11
2026-09-02,AU,光大期货,73059,960,60864,582,12
2026-09-02,AU,海通期货,72150,719,57730,30,13
2026-09-02,AU,申银万国,61287,477,56701,278,14
2026-09-02,AU,东证期货,63804,998,53000,247,15
2026-09-02,AU,华泰期货,58565,338,53240,-455,16
2026-09-02,AU,银河期货,61745,-46,47041,505,17
2026-09-02,AU,永安期货,60021,1121,43810,503,18
2026-09-02,AU,国泰君安,54043,5,48807,128,19
2026-09-02,AU,中信期货,56267,977,38145,-776,20
2026-09-03,AU,五矿期货,100807,768,89216,42,1
2026-09-03,AU,宏源期货,97712,129,83640,226,2
2026-09-03,AU,新湖期货,95262,-684,82444,89,3
2026-09-03,AU,国投安信,85376,939,82184,897,4
2026-09-03,AU,兴证期货,91896,-188,72052,-56,5
2026-09-03,AU,瑞达期货,89333,318,69771,421,6
2026-09-03,AU,广发期货,86615,900,69159,-43,7
2026-09-03,AU,南华期货,83706,367,70953,-548,8
2026-09-03,AU,招商期货,80244,-256,65759,631,9
2026-09-03,AU,方正中期,75600,1192,63309,-208,10
2026-09-03,AU,浙商期货,70469,-592,66021,202,11
2026-09-03,AU,光大期货,73062,3,60523,-341,12
2026-09-03,AU,海通期货,71395,-755,58656,926,13
2026-09-03,AU,东证期货,64914,1110,53734,734,14
2026-09-03,AU,申银万国,61818,531,56177,-524,15
2026-09-03,AU,华泰期货,58996,431,53028,-212,16
2026-09-03,AU,银河期货,62287,542,48000,959,17
2026-09-03,AU,永安期货,60825,804,43749,-61,18
2026-09-03,AU,国泰君安,54198,155,48155,-652,19
2026-09-03,AU,中信期货,57153,886,38675,530,20
2026-09-04,AU,五矿期货,100578,-229,89638,422,1
2026-09-04,AU,宏源期货,98141,429,82788,-852,2
2026-09-04,AU,新湖期货,95277,15,82495,51,3
2026-09-04,AU,国投安信,86530,1154,81760,-424,4
2026-09-04,AU,兴证期货,91375,-521,72343,291,5
2026-09-04,AU,瑞达期货,89148,-185,69451,-320,6
2026-09-04,AU,广发期货,86380,-235,70100,941,7
2026-09-04,AU,南华期货,83013,-693,70485,-468,8
2026-09-04,AU,招商期货,80862,618,65070,-689,9
2026-09-04,AU,方正中期,76102,502,63905,596,10
2026-09-04,AU,浙商期货,70441,-28,66900,879,11
2026-09-04,AU,光大期货,72689,-373,60458,-65,12
2026-09-04,AU,海通期货,70668,-727,57947,-709,13
2026-09-04,AU,东证期货,64575,-339,53722,-12,14
2026-09-04,AU,申银万国,62673,855,55308,-869,15
2026-09-04,AU,华泰期货,60004,1008,53404,376,16
2026-09-04,AU,银河期货,62704,417,48106,106,17
2026-09-04,AU,永安期货,62026,1201,44365,616,18
2026-09-04,AU,国泰君安,54866,668,47537,-618,19
2026-09-04,AU,中信期货,58351,1198,37854,-821,20
2026-07-27,AG,五矿期货,95891,558,84763,-562,1
2026-07-27,AG,新湖期货,93633,17,82002,-679,2
2026-07-27,AG,宏源期货,91119,727,80013,-430,3
2026-07-27,AG,兴证期货,86783,-675,77933,-934,4
2026-07-27,AG,国投安信,85711,1052,76923,280,5
2026-07-27,AG,瑞达期货,83707,907,73245,825,6
2026-07-27,AG,广发期货,78832,-450,71703,496,7
2026-07-27,AG,南华期货,76814,-344,67934,-732,8
2026-07-27,AG,招商期货,74413,702,65204,-228,9
2026-07-27,AG,浙商期货,71152,-202,63582,-258,10
2026-07-27,AG,光大期货,70937,1195,60870,-660,11
2026-07-27,AG,方正中期,66870,910,59018,-773,12
2026-07-27,AG,海通期货,63808,-778,58217,61,13
2026-07-27,AG,申银万国,61196,-329,55009,-300,14
2026-07-27,AG,华泰期货,57800,-316,52232,154,15
2026-07-27,AG,东证期货,57564,1017,50694,814,16
2026-07-27,AG,银河期货,53159,-473,48034,876,17
2026-07-27,AG,国泰君安,51330,-2,44864,-511,18
2026-07-27,AG,中信期货,50048,560,44076,35,19
2026-07-27,AG,永安期货,46557,553,41424,-404,20
2026-07-28,AG,五矿期货,96470,579,84448,-315,1
2026-07-28,AG,新湖期货,93213,-420,82258,256,2
2026-07-28,AG,宏源期货,90994,-125,79423,-590,3
2026-07-28,AG,兴证期货,86650,-133,78127,194,4
2026-07-28,AG,国投安信,86379,668,77365,442,5
2026-07-28,AG,瑞达期货,84055,348,72962,-283,6
2026-07-28,AG,广发期货,79306,474,71472,-231,7
2026-07-28,AG,南华期货,77522,708,67498,-436,8
2026-07-28,AG,招商期货,74938,525,65381,177,9
2026-07-28,AG,浙商期货,70916,-236,63739,157,10
2026-07-28,AG,光大期货,71018,81,61511,641,11
2026-07-28,AG,方正中期,67093,223,58399,-619,12
2026-07-28,AG,海通期货,65004,1196,58225,8,13
2026-07-28,AG,申银万国,60699,-497,55366,357,14
2026-07-28,AG,华泰期货,58604,804,52602,370,15
2026-07-28,AG,东证期货,57379,-185,51724,1030,16
2026-07-28,AG,银河期货,54084,925,48141,107,17
2026-07-28,AG,中信期货,51283,1235,44995,919,18
2026-07-28,AG,国泰君安,50799,-531,45472,608,19
2026-07-28,AG,永安期货,47825,1268,40751,-673,20
2026-07-29,AG,五矿期货,97246,776,84257,-191,1
2026-07-29,AG,新湖期货,93388,175,81789,-469,2
2026-07-29,AG,宏源期货,90833,-161,79034,-389,3
2026-07-29,AG,兴证期货,86777,127,78117,-10,4
2026-07-29,AG,国投安信,85778,-601,76954,-411,5
2026-07-29,AG,瑞达期货,83896,-159,73249,287,6
2026-07-29,AG,广发期货,78612,-694,71275,-197,7
2026-07-29,AG,南华期货,78476,954,67862,364,8
2026-07-29,AG,招商期货,74254,-684,65524,143,9
2026-07-29,AG,浙商期货,70814,-102,64675,936,10
2026-07-29,AG,光大期货,70364,-654,60683,-828,11
2026-07-29,AG,方正中期,66475,-618,58377,-22,12
2026-07-29,AG,海通期货,64968,-36,58544,319,13
2026-07-29,AG,申银万国,60580,-119,55427,61,14
2026-07-29,AG,华泰期货,58050,-554,52690,88,15
2026-07-29,AG,东证期货,56916,-463,51695,-29,16
2026-07-29,AG,银河期货,55173,1089,47921,-220,17
2026-07-29,AG,中信期货,52336,1053,44844,-151,18
2026-07-29,AG,国泰君安,50415,-384,46071,599,19
2026-07-29,AG,永安期货,47503,-322,41286,535,20
2026-07-30,AG,五矿期货,97501,255,84411,154,1
2026-07-30,AG,新湖期货,93071,-317,81849,60,2
2026-07-30,AG,宏源期货,90118,-715,78776,-258,3
2026-07-30,AG,兴证期货,87222,445,77593,-524,4
2026-07-30,AG,国投安信,86723,945,77859,905,5
2026-07-30,AG,瑞达期货,83638,-258,72901,-348,6
2026-07-30,AG,广发期货,78762,150,70743,-532,7
2026-07-30,AG,南华期货,79336,860,68091,229,8
2026-07-30,AG,招商期货,74078,-176,66022,498,9
2026-07-30,AG,浙商期货,70753,-61,64924,249,10
2026-07-30,AG,光大期货,70518,154,59986,-697,11
2026-07-30,AG,方正中期,67301,826,59165,788,12
2026-07-30,AG,海通期货,64407,-561,59310,766,13
2026-07-30,AG,申银万国,61289,709,55092,-335,14
2026-07-30,AG,华泰期货,58782,732,53497,807,15
2026-07-30,AG,东证期货,57329,413,52333,638,16
2026-07-30,AG,银河期货,55400,227,48850,929,17
2026-07-30,AG,中信期货,52396,60,45565,721,18
2026-07-30,AG,国泰君安,50034,-381,45820,-251,19
2026-07-30,AG,永安期货,48140,637,40865,-421,20
2026-07-31,AG,五矿期货,97113,-388,83490,-921,1
2026-07-31,AG,新湖期货,93393,322,81882,33,2
2026-07-31,AG,宏源期货,89684,-434,78818,42,3
2026-07-31,AG,兴证期货,87154,-68,78279,686,4
2026-07-31,AG,国投安信,87073,350,77058,-801,5
2026-07-31,AG,瑞达期货,84511,873,73832,931,6
2026-07-31,AG,广发期货,79793,1031,70161,-582,7
2026-07-31,AG,南华期货,79582,246,68246,155,8
2026-07-31,AG,招商期货,74338,260,66053,31,9
2026-07-31,AG,浙商期货,70837,84,64060,-864,10
2026-07-31,AG,光大期货,70958,440,59419,-567,11
2026-07-31,AG,方正中期,67578,277,60105,940,12
2026-07-31,AG,海通期货,65307,900,59689,379,13
2026-07-31,AG,申银万国,60910,-379,54642,-450,14
2026-07-31,AG,华泰期货,58132,-650,53966,469,15
2026-07-31,AG,东证期货,58448,1119,53085,752,16
2026-07-31,AG,银河期货,55592,192,48160,-690,17
2026-07-31,AG,中信期货,52125,-271,44960,-605,18
2026-07-31,AG,国泰君安,50449,415,45405,-415,19
2026-07-31,AG,永安期货,47532,-608,40460,-405,20
2026-08-03,AG,五矿期货,96708,-405,83149,-341,1
2026-08-03,AG,新湖期货,94007,614,81921,39,2
2026-08-03,AG,宏源期货,89623,-61,78748,-70,3
2026-08-03,AG,兴证期货,88132,978,77558,-721,4
2026-08-03,AG,国投安信,87331,258,77274,216,5
2026-08-03,AG,瑞达期货,83823,-688,73099,-733,6
2026-08-03,AG,广发期货,80609,816,70269,108,7
2026-08-03,AG,南华期货,80455,873,68956,710,8
2026-08-03,AG,招商期货,74011,-327,66101,48,9
2026-08-03,AG,浙商期货,70717,-120,64612,552,10
2026-08-03,AG,光大期货,70603,-355,60376,957,11
2026-08-03,AG,方正中期,68491,913,60518,413,12
2026-08-03,AG,海通期货,65353,46,59418,-271,13
2026-08-03,AG,申银万国,61536,626,54328,-314,14
2026-08-03,AG,华泰期货,57592,-540,53937,-29,15
2026-08-03,AG,东证期货,58419,-29,52596,-489,16
2026-08-03,AG,银河期货,56323,731,47428,-732,17
2026-08-03,AG,中信期货,52591,466,44990,30,18
2026-08-03,AG,国泰君安,50155,-294,45192,-213,19
2026-08-03,AG,永安期货,47446,-86,41294,834,20
2026-08-04,AG,五矿期货,97166,458,83412,263,1
2026-08-04,AG,新湖期货,93916,-91,81088,-833,2
2026-08-04,AG,宏源期货,90822,1199,79663,915,3
2026-08-04,AG,国投安信,87829,498,77959,685,4
2026-08-04,AG,兴证期货,88222,90,77154,-404,5
2026-08-04,AG,瑞达期货,84852,1029,72929,-170,6
2026-08-04,AG,广发期货,80997,388,69855,-414,7
2026-08-04,AG,南华期货,80868,413,69254,298,8
2026-08-04,AG,招商期货,74032,21,65440,-661,9
2026-08-04,AG,浙商期货,70356,-361,65338,726,10
2026-08-04,AG,光大期货,70448,-155,59895,-481,11
2026-08-04,AG,方正中期,69610,1119,59711,-807,12
2026-08-04,AG,海通期货,65377,24,59683,265,13
2026-08-04,AG,申银万国,61959,423,55044,716,14
2026-08-04,AG,华泰期货,58713,1121,53329,-608,15
2026-08-04,AG,东证期货,59269,850,52511,-85,16
2026-08-04,AG,银河期货,56634,311,47474,46,17
2026-08-04,AG,中信期货,52702,111,45146,156,18
2026-08-04,AG,国泰君安,49664,-491,45837,645,19
2026-08-04,AG,永安期货,47347,-99,42214,920,20
2026-08-05,AG,五矿期货,96979,-187,83270,-142,1
2026-08-05,AG,新湖期货,93474,-442,81480,392,2
2026-08-05,AG,宏源期货,91884,1062,79311,-352,3
2026-08-05,AG,国投安信,87877,48,78377,418,4
2026-08-05,AG,兴证期货,88501,279,76808,-346,5
2026-08-05,AG,瑞达期货,85168,316,73206,277,6
2026-08-05,AG,广发期货,81649,652,69089,-766,7
2026-08-05,AG,南华期货,80413,-455,68508,-746,8
2026-08-05,AG,招商期货,74693,661,65197,-243,9
2026-08-05,AG,浙商期货,71472,1116,65798,460,10
2026-08-05,AG,光大期货,70137,-311,60660,765,11
2026-08-05,AG,方正中期,69908,298,60626,915,12
2026-08-05,AG,海通期货,65769,392,58777,-906,13
2026-08-05,AG,申银万国,62151,192,54570,-474,14
2026-08-05,AG,东证期货,59689,420,52870,359,15
2026-08-05,AG,华泰期货,59057,344,53085,-244,16
2026-08-05,AG,银河期货,56193,-441,46712,-762,17
2026-08-05,AG,中信期货,53650,948,44345,-801,18
2026-08-05,AG,国泰君安,50406,742,45052,-785,19
2026-08-05,AG,永安期货,47854,507,42553,339,20
2026-08-06,AG,五矿期货,97914,935,83543,273,1
2026-08-06,AG,新湖期货,94203,729,80767,-713,2
2026-08-06,AG,宏源期货,91352,-532,79432,121,3
2026-08-06,AG,国投安信,88256,379,78150,-227,4
2026-08-06,AG,兴证期货,89255,754,76932,124,5
2026-08-06,AG,瑞达期货,85678,510,73720,514,6
2026-08-06,AG,广发期货,81863,214,68821,-268,7
2026-08-06,AG,南华期货,81210,797,69390,882,8
2026-08-06,AG,招商期货,74662,-31,65944,747,9
2026-08-06,AG,浙商期货,72547,1075,66653,855,10
2026-08-06,AG,光大期货,69696,-441,60869,209,11
2026-08-06,AG,方正中期,69877,-31,60583,-43,12
2026-08-06,AG,海通期货,65916,147,59030,253,13
2026-08-06,AG,申银万国,62620,469,55113,543,14
2026-08-06,AG,东证期货,60557,868,53855,985,15
2026-08-06,AG,华泰期货,59986,929,53517,432,16
2026-08-06,AG,银河期货,56132,-61,47120,408,17
2026-08-06,AG,中信期货,54900,1250,44538,193,18
2026-08-06,AG,国泰君安,51326,920,45250,198,19
2026-08-06,AG,永安期货,47751,-103,43200,647,20
2026-08-07,AG,五矿期货,97736,-178,84478,935,1
2026-08-07,AG,新湖期货,94602,399,80910,143,2
2026-08-07,AG,宏源期货,91234,-118,80029,597,3
2026-08-07,AG,兴证期货,88494,-761,77888,956,4
2026-08-07,AG,国投安信,87633,-623,78156,6,5
2026-08-07,AG,瑞达期货,85813,135,74620,900,6
2026-08-07,AG,广发期货,82931,1068,69642,821,7
2026-08-07,AG,南华期货,81729,519,69696,306,8
2026-08-07,AG,招商期货,74978,316,65388,-556,9
2026-08-07,AG,浙商期货,72369,-178,66796,143,10
2026-08-07,AG,光大期货,70585,889,60210,-659,11
2026-08-07,AG,方正中期,70804,927,59794,-789,12
2026-08-07,AG,海通期货,66858,942,59382,352,13
2026-08-07,AG,申银万国,63667,1047,55529,416,14
2026-08-07,AG,东证期货,61384,827,54098,243,15
2026-08-07,AG,华泰期货,60443,457,53929,412,16
2026-08-07,AG,银河期货,56657,525,47207,87,17
2026-08-07,AG,中信期货,54523,-377,43824,-714,18
2026-08-07,AG,国泰君安,51559,233,45916,666,19
2026-08-07,AG,永安期货,47186,-565,42706,-494,20
2026-08-10,AG,五矿期货,97449,-287,84786,308,1
2026-08-10,AG,新湖期货,93979,-623,81153,243,2
2026-08-10,AG,宏源期货,90677,-557,80676,647,3
2026-08-10,AG,兴证期货,89442,948,78046,158,4
2026-08-10,AG,国投安信,88383,750,78105,-51,5
2026-08-10,AG,瑞达期货,86052,239,74379,-241,6
2026-08-10,AG,广发期货,82570,-361,69783,141,7
2026-08-10,AG,南华期货,82246,517,68816,-880,8
2026-08-10,AG,招商期货,75675,697,64893,-495,9
2026-08-10,AG,浙商期货,71748,-621,66229,-567,10
2026-08-10,AG,方正中期,71085,281,59655,-139,11
2026-08-10,AG,光大期货,70866,281,59484,-726,12
2026-08-10,AG,海通期货,67857,999,58769,-613,13
2026-08-10,AG,申银万国,63893,226,56146,617,14
2026-08-10,AG,东证期货,62341,957,55134,1036,15
2026-08-10,AG,华泰期货,60075,-368,53860,-69,16
2026-08-10,AG,银河期货,57604,947,46891,-316,17
2026-08-10,AG,中信期货,55748,1225,43637,-187,18
2026-08-10,AG,国泰君安,52549,990,45258,-658,19
2026-08-10,AG,永安期货,48493,1307,42383,-323,20
2026-08-11,AG,五矿期货,97525,76,85044,258,1
2026-08-11,AG,新湖期货,94059,80,82106,953,2
2026-08-11,AG,宏源期货,91034,357,81500,824,3
2026-08-11,AG,兴证期货,89298,-144,77408,-638,4
2026-08-11,AG,国投安信,87689,-694,77923,-182,5
2026-08-11,AG,瑞达期货,86220,168,74620,241,6
2026-08-11,AG,广发期货,81995,-575,69754,-29,7
2026-08-11,AG,南华期货,81797,-449,69582,766,8
2026-08-11,AG,招商期货,76175,500,65685,792,9
2026-08-11,AG,浙商期货,72432,684,66462,233,10
2026-08-11,AG,方正中期,72172,1087,60489,834,11
2026-08-11,AG,光大期货,72054,1188,60271,787,12
2026-08-11,AG,海通期货,68331,474,59173,404,13
2026-08-11,AG,申银万国,64614,721,56834,688,14
2026-08-11,AG,东证期货,61694,-647,56091,957,15
2026-08-11,AG,华泰期货,60966,891,52966,-894,16
2026-08-11,AG,银河期货,57623,19,47211,320,17
2026-08-11,AG,中信期货,56181,433,42940,-697,18
2026-08-11,AG,国泰君安,52442,-107,46274,1016,19
2026-08-11,AG,永安期货,48829,336,43231,848,20
2026-08-12,AG,五矿期货,96898,-627,84125,-919,1
2026-08-12,AG,新湖期货,94881,822,82363,257,2
2026-08-12,AG,宏源期货,91422,388,81053,-447,3
2026-08-12,AG,国投安信,88427,738,78507,584,4
2026-08-12,AG,兴证期货,88756,-542,76717,-691,5
2026-08-12,AG,瑞达期货,86238,18,73720,-900,6
2026-08-12,AG,广发期货,81464,-531,70192,438,7
2026-08-12,AG,南华期货,81659,-138,69041,-541,8
2026-08-12,AG,招商期货,77097,922,66114,429,9
2026-08-12,AG,浙商期货,71666,-766,67096,634,10
2026-08-12,AG,光大期货,73232,1178,60864,593,11
2026-08-12,AG,方正中期,72860,688,60500,11,12
2026-08-12,AG,海通期货,67583,-748,59778,605,13
2026-08-12,AG,申银万国,64926,312,57431,597,14
2026-08-12,AG,东证期货,62369,675,55872,-219,15
2026-08-12,AG,华泰期货,61700,734,53059,93,16
2026-08-12,AG,银河期货,58239,616,48048,837,17
2026-08-12,AG,中信期货,57196,1015,43696,756,18
2026-08-12,AG,国泰君安,52537,95,45597,-677,19
2026-08-12,AG,永安期货,48584,-245,42823,-408,20
2026-08-13,AG,五矿期货,96542,-356,84648,523,1
2026-08-13,AG,新湖期货,94368,-513,82036,-327,2
2026-08-13,AG,宏源期货,90756,-666,81913,860,3
2026-08-13,AG,国投安信,87888,-539,77654,-853,4
2026-08-13,AG,兴证期货,88546,-210,76448,-269,5
2026-08-13,AG,瑞达期货,86476,238,74248,528,6
2026-08-13,AG,广发期货,80880,-584,71004,812,7
2026-08-13,AG,南华期货,81964,305,69734,693,8
2026-08-13,AG,招商期货,76978,-119,66866,752,9
2026-08-13,AG,浙商期货,72289,623,67243,147,10
2026-08-13,AG,光大期货,73617,385,60044,-820,11
2026-08-13,AG,方正中期,72943,83,59646,-854,12
2026-08-13,AG,海通期货,67291,-292,60319,541,13
2026-08-13,AG,申银万国,64851,-75,56739,-692,14
2026-08-13,AG,东证期货,61974,-395,56335,463,15
2026-08-13,AG,华泰期货,62683,983,52764,-295,16
2026-08-13,AG,银河期货,58540,301,47817,-231,17
2026-08-13,AG,中信期货,57616,420,43093,-603,18
2026-08-13,AG,国泰君安,53613,1076,45911,314,19
2026-08-13,AG,永安期货,48423,-161,43719,896,20
2026-08-14,AG,五矿期货,96435,-107,84823,175,1
2026-08-14,AG,新湖期货,93592,-776,82379,343,2
2026-08-14,AG,宏源期货,90089,-667,82415,502,3
2026-08-14,AG,兴证期货,89391,845,76775,327,4
2026-08-14,AG,国投安信,87821,-67,77209,-445,5
2026-08-14,AG,瑞达期货,86188,-288,73736,-512,6
2026-08-14,AG,南华期货,82649,685,70021,287,7
2026-08-14,AG,广发期货,80911,31,71227,223,8
2026-08-14,AG,招商期货,76902,-76,66969,103,9
2026-08-14,AG,浙商期货,71943,-346,67716,473,10
2026-08-14,AG,方正中期,72439,-504,60579,933,11
2026-08-14,AG,光大期货,73727,110,59265,-779,12
2026-08-14,AG,海通期货,68052,761,60202,-117,13
2026-08-14,AG,申银万国,64482,-369,56575,-164,14
2026-08-14,AG,东证期货,62932,958,57086,751,15
2026-08-14,AG,华泰期货,62980,297,52840,76,16
2026-08-14,AG,银河期货,59780,1240,48384,567,17
2026-08-14,AG,国泰君安,54798,1185,45753,-158,18
2026-08-14,AG,中信期货,57766,150,42375,-718,19
2026-08-14,AG,永安期货,48697,274,43282,-437,20
2026-08-17,AG,五矿期货,96996,561,84157,-666,1
2026-08-17,AG,新湖期货,94058,466,81526,-853,2
2026-08-17,AG,宏源期货,90103,14,82865,450,3
2026-08-17,AG,兴证期货,89195,-196,76339,-436,4
2026-08-17,AG,国投安信,87238,-583,77046,-163,5
2026-08-17,AG,瑞达期货,87194,1006,73032,-704,6
2026-08-17,AG,广发期货,80831,-80,71904,677,7
2026-08-17,AG,南华期货,82239,-410,69812,-209,8
2026-08-17,AG,招商期货,77110,208,67192,223,9
2026-08-17,AG,浙商期货,71643,-300,67973,257,10
2026-08-17,AG,方正中期,73411,972,60429,-150,11
2026-08-17,AG,光大期货,74617,890,59094,-171,12
2026-08-17,AG,海通期货,68594,542,59946,-256,13
2026-08-17,AG,东证期货,63558,626,56823,-263,14
2026-08-17,AG,申银万国,64196,-286,55811,-764,15
2026-08-17,AG,华泰期货,63112,132,53263,423,16
2026-08-17,AG,银河期货,59295,-485,48275,-109,17
2026-08-17,AG,中信期货,59096,1330,43053,678,18
2026-08-17,AG,国泰君安,55851,1053,45774,21,19
2026-08-17,AG,永安期货,48685,-12,44211,929,20
2026-08-18,AG,五矿期货,96420,-576,84493,336,1
2026-08-18,AG,新湖期货,93339,-719,82415,889,2
2026-08-18,AG,宏源期货,90157,54,82081,-784,3
2026-08-18,AG,兴证期货,89848,653,76797,458,4
2026-08-18,AG,国投安信,86588,-650,77779,733,5
2026-08-18,AG,瑞达期货,86926,-268,72617,-415,6
2026-08-18,AG,广发期货,80814,-17,72617,713,7
2026-08-18,AG,南华期货,82516,277,69040,-772,8
2026-08-18,AG,招商期货,76924,-186,66614,-578,9
2026-08-18,AG,浙商期货,72725,1082,67543,-430,10
2026-08-18,AG,方正中期,73395,-16,60328,-101,11
2026-08-18,AG,光大期货,73836,-781,58856,-238,12
2026-08-18,AG,海通期货,69372,778,60337,391,13
2026-08-18,AG,东证期货,62945,-613,57714,891,14
2026-08-18,AG,申银万国,64623,427,55734,-77,15
2026-08-18,AG,华泰期货,62646,-466,53438,175,16
2026-08-18,AG,银河期货,58997,-298,48350,75,17
2026-08-18,AG,中信期货,60291,1195,42684,-369,18
2026-08-18,AG,国泰君安,56146,295,45909,135,19
2026-08-18,AG,永安期货,49731,1046,44391,180,20
2026-08-19,AG,五矿期货,95905,-515,85308,815,1
2026-08-19,AG,新湖期货,92976,-363,82339,-76,2
2026-08-19,AG,宏源期货,90363,206,82000,-81,3
2026-08-19,AG,兴证期货,89598,-250,76149,-648,4
2026-08-19,AG,国投安信,86236,-352,76855,-924,5
2026-08-19,AG,瑞达期货,86413,-513,72681,64,6
2026-08-19,AG,广发期货,81143,329,71679,-938,7
2026-08-19,AG,南华期货,83096,580,69247,207,8
2026-08-19,AG,招商期货,76210,-714,66060,-554,9
2026-08-19,AG,浙商期货,73907,1182,66857,-686,10
2026-08-19,AG,光大期货,75043,1207,58680,-176,11
2026-08-19,AG,方正中期,73148,-247,59475,-853,12
2026-08-19,AG,海通期货,69420,48,61093,756,13
2026-08-19,AG,东证期货,63371,426,58640,926,14
2026-08-19,AG,申银万国,65715,1092,55407,-327,15
2026-08-19,AG,华泰期货,63531,885,53798,360,16
2026-08-19,AG,银河期货,58746,-251,48175,-175,17
2026-08-19,AG,中信期货,61584,1293,42486,-198,18
2026-08-19,AG,国泰君安,56775,629,46875,966,19
2026-08-19,AG,永安期货,50487,756,44476,85,20
2026-08-20,AG,五矿期货,96998,1093,84375,-933,1
2026-08-20,AG,新湖期货,93469,493,82816,477,2
2026-08-20,AG,宏源期货,91334,971,82302,302,3
2026-08-20,AG,兴证期货,90686,1088,76559,410,4
2026-08-20,AG,国投安信,86994,758,77677,822,5
2026-08-20,AG,瑞达期货,86155,-258,73164,483,6
2026-08-20,AG,广发期货,81367,224,71562,-117,7
2026-08-20,AG,南华期货,82397,-699,69163,-84,8
2026-08-20,AG,招商期货,76597,387,66752,692,9
2026-08-20,AG,浙商期货,74295,388,66760,-97,10
2026-08-20,AG,光大期货,76150,1107,57784,-896,11
2026-08-20,AG,方正中期,73984,836,58967,-508,12
2026-08-20,AG,海通期货,69842,422,60802,-291,13
2026-08-20,AG,东证期货,63629,258,58017,-623,14
2026-08-20,AG,申银万国,66110,395,54937,-470,15
2026-08-20,AG,华泰期货,63824,293,54404,606,16
2026-08-20,AG,银河期货,59461,715,47869,-306,17
2026-08-20,AG,国泰君安,57402,627,46545,-330,18
2026-08-20,AG,中信期货,61123,-461,42165,-321,19
2026-08-20,AG,永安期货,50859,372,45402,926,20
2026-08-21,AG,五矿期货,96251,-747,84749,374,1
2026-08-21,AG,新湖期货,94498,1029,82278,-538,2
2026-08-21,AG,宏源期货,91472,138,81906,-396,3
2026-08-21,AG,兴证期货,90901,215,75871,-688,4
2026-08-21,AG,国投安信,86482,-512,78469,792,5
2026-08-21,AG,瑞达期货,87193,1038,73153,-11,6
2026-08-21,AG,广发期货,81678,311,72155,593,7
2026-08-21,AG,南华期货,83177,780,68896,-267,8
2026-08-21,AG,招商期货,77509,912,67514,762,9
2026-08-21,AG,浙商期货,74952,657,66305,-455,10
2026-08-21,AG,光大期货,75589,-561,58596,812,11
2026-08-21,AG,方正中期,74739,755,58745,-222,12
2026-08-21,AG,海通期货,70836,994,60517,-285,13
2026-08-21,AG,东证期货,64881,1252,58413,396,14
2026-08-21,AG,申银万国,66887,777,54549,-388,15
2026-08-21,AG,华泰期货,64076,252,54394,-10,16
2026-08-21,AG,银河期货,60548,1087,47578,-291,17
2026-08-21,AG,国泰君安,57830,428,47248,703,18
2026-08-21,AG,中信期货,60807,-316,42340,175,19
2026-08-21,AG,永安期货,51355,496,44897,-505,20
2026-08-24,AG,五矿期货,96196,-55,84857,108,1
2026-08-24,AG,新湖期货,95043,545,82868,590,2
2026-08-24,AG,宏源期货,91644,172,81873,-33,3
2026-08-24,AG,兴证期货,90531,-370,76054,183,4
2026-08-24,AG,国投安信,86730,248,78539,70,5
2026-08-24,AG,瑞达期货,88248,1055,72346,-807,6
2026-08-24,AG,广发期货,82444,766,72285,130,7
2026-08-24,AG,南华期货,83596,419,68987,91,8
2026-08-24,AG,招商期货,78658,1149,67000,-514,9
2026-08-24,AG,浙商期货,74577,-375,65989,-316,10
2026-08-24,AG,方正中期,75425,686,59373,628,11
2026-08-24,AG,光大期货,76496,907,57727,-869,12
2026-08-24,AG,海通期货,70600,-236,61165,648,13
2026-08-24,AG,东证期货,64427,-454,59104,691,14
2026-08-24,AG,申银万国,67801,914,55289,740,15
2026-08-24,AG,华泰期货,64071,-5,55172,778,16
2026-08-24,AG,银河期货,60123,-425,48333,755,17
2026-08-24,AG,国泰君安,59125,1295,47534,286,18
2026-08-24,AG,中信期货,61787,980,42612,272,19
2026-08-24,AG,永安期货,52667,1312,44907,10,20
2026-08-25,AG,五矿期货,95747,-449,83997,-860,1
2026-08-25,AG,新湖期货,94794,-249,83540,672,2
2026-08-25,AG,宏源期货,91126,-518,81647,-226,3
2026-08-25,AG,兴证期货,90002,-529,75924,-130,4
2026-08-25,AG,国投安信,86321,-409,78715,176,5
2026-08-25,AG,瑞达期货,89443,1195,71453,-893,6
2026-08-25,AG,广发期货,83442,998,72203,-82,7
2026-08-25,AG,南华期货,84497,901,69351,364,8
2026-08-25,AG,招商期货,78263,-395,67109,109,9
2026-08-25,AG,浙商期货,74017,-560,65763,-226,10
2026-08-25,AG,光大期货,76981,485,58657,930,11
2026-08-25,AG,方正中期,75874,449,58458,-915,12
2026-08-25,AG,海通期货,71279,679,60242,-923,13
2026-08-25,AG,东证期货,64677,250,58272,-832,14
2026-08-25,AG,申银万国,67204,-597,54825,-464,15
2026-08-25,AG,华泰期货,64979,908,54746,-426,16
2026-08-25,AG,银河期货,61011,888,48445,112,17
2026-08-25,AG,国泰君安,59283,158,47255,-279,18
2026-08-25,AG,中信期货,61596,-191,42191,-421,19
2026-08-25,AG,永安期货,52452,-215,45546,639,20
2026-08-26,AG,五矿期货,95511,-236,83817,-180,1
2026-08-26,AG,新湖期货,94444,-350,82926,-614,2
2026-08-26,AG,宏源期货,90540,-586,81864,217,3
2026-08-26,AG,国投安信,86742,421,79492,777,4
2026-08-26,AG,兴证期货,90654,652,75541,-383,5
2026-08-26,AG,瑞达期货,89666,223,71925,472,6
2026-08-26,AG,广发期货,84100,658,72676,473,7
2026-08-26,AG,南华期货,83747,-750,68526,-825,8
2026-08-26,AG,招商期货,78045,-218,66304,-805,9
2026-08-26,AG,浙商期货,73776,-241,66375,612,10
2026-08-26,AG,方正中期,76006,132,58463,5,11
2026-08-26,AG,光大期货,76465,-516,57731,-926,12
2026-08-26,AG,海通期货,71825,546,60031,-211,13
2026-08-26,AG,东证期货,64483,-194,59243,971,14
2026-08-26,AG,申银万国,66485,-719,55368,543,15
2026-08-26,AG,华泰期货,64363,-616,55057,311,16
2026-08-26,AG,银河期货,62107,1096,49366,921,17
2026-08-26,AG,国泰君安,60348,1065,46743,-512,18
2026-08-26,AG,中信期货,61064,-532,42672,481,19
2026-08-26,AG,永安期货,53674,1222,45222,-324,20
2026-08-27,AG,五矿期货,95485,-26,83037,-780,1
2026-08-27,AG,新湖期货,94029,-415,82349,-577,2
2026-08-27,AG,宏源期货,90583,43,81343,-521,3
2026-08-27,AG,兴证期货,91636,982,75777,236,4
2026-08-27,AG,国投安信,86750,8,79075,-417,5
2026-08-27,AG,瑞达期货,89185,-481,72509,584,6
2026-08-27,AG,广发期货,84452,352,72708,32,7
2026-08-27,AG,南华期货,84452,705,69092,566,8
2026-08-27,AG,招商期货,77312,-733,66566,262,9
2026-08-27,AG,浙商期货,74935,1159,66388,13,10
2026-08-27,AG,方正中期,75511,-495,59060,597,11
2026-08-27,AG,光大期货,76242,-223,57905,174,12
2026-08-27,AG,海通期货,72926,1101,59386,-645,13
2026-08-27,AG,东证期货,64801,318,59846,603,14
2026-08-27,AG,申银万国,65897,-588,55727,359,15
2026-08-27,AG,华泰期货,64834,471,54750,-307,16
2026-08-27,AG,银河期货,61558,-549,49778,412,17
2026-08-27,AG,国泰君安,60995,647,46037,-706,18
2026-08-27,AG,中信期货,62114,1050,42940,268,19
2026-08-27,AG,永安期货,54603,929,44853,-369,20
2026-08-28,AG,五矿期货,95512,27,83015,-22,1
2026-08-28,AG,新湖期货,93544,-485,82527,178,2
2026-08-28,AG,宏源期货,90765,182,80427,-916,3
2026-08-28,AG,国投安信,87368,618,78916,-159,4
2026-08-28,AG,兴证期货,91286,-350,74939,-838,5
2026-08-28,AG,瑞达期货,89278,93,71772,-737,6
2026-08-28,AG,广发期货,84445,-7,72844,136,7
2026-08-28,AG,南华期货,84056,-396,68777,-315,8
2026-08-28,AG,浙商期货,75841,906,66721,333,9
2026-08-28,AG,招商期货,76627,-685,65698,-868,10
2026-08-28,AG,方正中期,75579,68,58324,-736,11
2026-08-28,AG,光大期货,75672,-570,58057,152,12
2026-08-28,AG,海通期货,72574,-352,58799,-587,13
2026-08-28,AG,东证期货,64673,-128,60690,844,14
2026-08-28,AG,申银万国,66429,532,56166,439,15
2026-08-28,AG,华泰期货,65866,1032,55231,481,16
2026-08-28,AG,银河期货,61481,-77,48946,-832,17
2026-08-28,AG,国泰君安,60620,-375,45556,-481,18
2026-08-28,AG,中信期货,62055,-59,43704,764,19
2026-08-28,AG,永安期货,54948,345,45717,864,20
2026-08-31,AG,五矿期货,95220,-292,82354,-661,1
2026-08-31,AG,新湖期货,92950,-594,82600,73,2
2026-08-31,AG,宏源期货,90036,-729,79609,-818,3
2026-08-31,AG,国投安信,87530,162,78950,34,4
2026-08-31,AG,兴证期货,91734,448,74640,-299,5
2026-08-31,AG,瑞达期货,88508,-770,71526,-246,6
2026-08-31,AG,广发期货,84849,404,71967,-877,7
2026-08-31,AG,南华期货,84104,48,68950,173,8
2026-08-31,AG,浙商期货,75194,-647,66950,229,9
2026-08-31,AG,招商期货,76575,-52,65160,-538,10
2026-08-31,AG,方正中期,76432,853,58232,-92,11
2026-08-31,AG,光大期货,76359,687,57394,-663,12
2026-08-31,AG,海通期货,72584,10,59688,889,13
2026-08-31,AG,东证期货,64068,-605,61047,357,14
2026-08-31,AG,申银万国,67261,832,55710,-456,15
2026-08-31,AG,华泰期货,65762,-104,55887,656,16
2026-08-31,AG,银河期货,62406,925,48157,-789,17
2026-08-31,AG,国泰君安,61863,1243,45006,-550,18
2026-08-31,AG,中信期货,61732,-323,42958,-746,19
2026-08-31,AG,永安期货,55700,752,46193,476,20
2026-09-01,AG,五矿期货,94481,-739,83061,707,1
2026-09-01,AG,新湖期货,92540,-410,81905,-695,2
2026-09-01,AG,宏源期货,90261,225,78960,-649,3
2026-09-01,AG,兴证期货,92285,551,74498,-142,4
2026-09-01,AG,国投安信,88551,1021,78164,-786,5
2026-09-01,AG,瑞达期货,88761,253,71553,27,6
2026-09-01,AG,广发期货,84143,-706,72549,582,7
2026-09-01,AG,南华期货,84093,-11,69169,219,8
2026-09-01,AG,招商期货,76892,317,65885,725,9
2026-09-01,AG,浙商期货,74627,-567,66428,-522,10
2026-09-01,AG,方正中期,76566,134,57643,-589,11
2026-09-01,AG,光大期货,75897,-462,56645,-749,12
2026-09-01,AG,海通期货,71864,-720,60088,400,13
2026-09-01,AG,东证期货,64658,590,61132,85,14
2026-09-01,AG,申银万国,68012,751,56364,654,15
2026-09-01,AG,华泰期货,65155,-607,55335,-552,16
2026-09-01,AG,银河期货,62680,274,47739,-418,17
2026-09-01,AG,国泰君安,61246,-617,45781,775,18
2026-09-01,AG,中信期货,62215,483,42123,-835,19
2026-09-01,AG,永安期货,55713,13,46967,774,20
2026-09-02,AG,五矿期货,93960,-521,82497,-564,1
2026-09-02,AG,新湖期货,93360,820,82813,908,2
2026-09-02,AG,宏源期货,90071,-190,79774,814,3
2026-09-02,AG,兴证期货,93050,765,74175,-323,4
2026-09-02,AG,国投安信,89450,899,77685,-479,5
2026-09-02,AG,瑞达期货,88081,-680,70909,-644,6
2026-09-02,AG,广发期货,83854,-289,72442,-107,7
2026-09-02,AG,南华期货,83828,-265,68856,-313,8
2026-09-02,AG,浙商期货,74807,180,67196,768,9
2026-09-02,AG,招商期货,76114,-778,65876,-9,10
2026-09-02,AG,方正中期,76896,330,58357,714,11
2026-09-02,AG,光大期货,77082,1185,55845,-800,12
2026-09-02,AG,海通期货,72240,376,59490,-598,13
2026-09-02,AG,东证期货,65510,852,61106,-26,14
2026-09-02,AG,申银万国,68237,225,55651,-713,15
2026-09-02,AG,华泰期货,65987,832,54624,-711,16
2026-09-02,AG,银河期货,63594,914,47451,-288,17
2026-09-02,AG,国泰君安,62464,1218,46374,593,18
2026-09-02,AG,中信期货,62192,-23,43045,922,19
2026-09-02,AG,永安期货,56729,1016,46626,-341,20
2026-09-03,AG,新湖期货,92996,-364,83254,441,1
2026-09-03,AG,五矿期货,93544,-416,82418,-79,2
2026-09-03,AG,宏源期货,90544,473,78880,-894,3
2026-09-03,AG,国投安信,89631,181,78554,869,4
2026-09-03,AG,兴证期货,92629,-421,74004,-171,5
2026-09-03,AG,瑞达期货,88924,843,71694,785,6
2026-09-03,AG,广发期货,84750,896,72415,-27,7
2026-09-03,AG,南华期货,83662,-166,69435,579,8
2026-09-03,AG,招商期货,76518,404,65492,-384,9
2026-09-03,AG,浙商期货,75512,705,66290,-906,10
2026-09-03,AG,方正中期,78060,1164,58917,560,11
2026-09-03,AG,光大期货,78163,1081,56265,420,12
2026-09-03,AG,海通期货,71618,-622,58840,-650,13
2026-09-03,AG,东证期货,65210,-300,60685,-421,14
2026-09-03,AG,申银万国,67999,-238,56257,606,15
2026-09-03,AG,华泰期货,67063,1076,54887,263,16
2026-09-03,AG,银河期货,63219,-375,47292,-159,17
2026-09-03,AG,国泰君安,62607,143,45545,-829,18
2026-09-03,AG,中信期货,61712,-480,43511,466,19
2026-09-03,AG,永安期货,56797,68,46061,-565,20
2026-09-04,AG,新湖期货,93383,387,83680,426,1
2026-09-04,AG,五矿期货,92980,-564,82132,-286,2
2026-09-04,AG,宏源期货,89970,-574,78157,-723,3
2026-09-04,AG,国投安信,89070,-561,78396,-158,4
2026-09-04,AG,兴证期货,91914,-715,73333,-671,5
2026-09-04,AG,瑞达期货,89240,316,71472,-222,6
2026-09-04,AG,广发期货,84695,-55,72671,256,7
2026-09-04,AG,南华期货,84566,904,69912,477,8
2026-09-04,AG,招商期货,77669,1151,65258,-234,9
2026-09-04,AG,浙商期货,74996,-516,65903,-387,10
2026-09-04,AG,方正中期,78744,684,59118,201,11
2026-09-04,AG,光大期货,77422,-741,56711,446,12
2026-09-04,AG,海通期货,72503,885,58514,-326,13
2026-09-04,AG,东证期货,65503,293,60662,-23,14
2026-09-04,AG,申银万国,68162,163,56551,294,15
2026-09-04,AG,华泰期货,66434,-629,55281,394,16
2026-09-04,AG,银河期货,64439,1220,46699,-593,17
2026-09-04,AG,国泰君安,62130,-477,45145,-400,18
2026-09-04,AG,中信期货,61765,53,43297,-214,19
2026-09-04,AG,永安期货,57440,643,46482,421,20
